event,constituency_code,division,station,place,registered,ballots_cast,rejected,option,votes,source,division_numbering
2013,A,A01,,Windward Medical Station,238,205,0,NNP,119,PEO report 2013,current
2013,A,A01,,Windward Medical Station,238,205,0,NDC,85,PEO report 2013,current
2013,A,A01,,Windward Medical Station,238,205,0,MIC,1,PEO report 2013,current
2013,A,A02,,Bogles Community Centre,266,225,0,NNP,125,PEO report 2013,current
2013,A,A02,,Bogles Community Centre,266,225,0,NDC,97,PEO report 2013,current
2013,A,A02,,Bogles Community Centre,266,225,0,MIC,3,PEO report 2013,current
2013,A,A03,,Dover Government School,319,267,3,NNP,135,PEO report 2013,current
2013,A,A03,,Dover Government School,319,267,3,NDC,123,PEO report 2013,current
2013,A,A03,,Dover Government School,319,267,3,MIC,6,PEO report 2013,current
2013,A,A04,,Mt. Pleasant Government Community Centre,202,174,0,NNP,80,PEO report 2013,current
2013,A,A04,,Mt. Pleasant Government Community Centre,202,174,0,NDC,93,PEO report 2013,current
2013,A,A04,,Mt. Pleasant Government Community Centre,202,174,0,MIC,1,PEO report 2013,current
2013,A,A05,,Top Hill R.C. Church,265,244,2,NNP,149,PEO report 2013,current
2013,A,A05,,Top Hill R.C. Church,265,244,2,NDC,93,PEO report 2013,current
2013,A,A05,,Top Hill R.C. Church,265,244,2,MIC,0,PEO report 2013,current
2013,A,A06,a,Hillsborough Government School,207,183,0,NNP,114,PEO report 2013,current
2013,A,A06,a,Hillsborough Government School,207,183,0,NDC,69,PEO report 2013,current
2013,A,A06,a,Hillsborough Government School,207,183,0,MIC,0,PEO report 2013,current
2013,A,A06,b,Hillsborough Government School,200,174,1,NNP,78,PEO report 2013,current
2013,A,A06,b,Hillsborough Government School,200,174,1,NDC,95,PEO report 2013,current
2013,A,A06,b,Hillsborough Government School,200,174,1,MIC,0,PEO report 2013,current
2013,A,A07,,Hillsborough Police Station,243,225,0,NNP,142,PEO report 2013,current
2013,A,A07,,Hillsborough Police Station,243,225,0,NDC,82,PEO report 2013,current
2013,A,A07,,Hillsborough Police Station,243,225,0,MIC,1,PEO report 2013,current
2013,A,A08,,"TAMCC Campus, Brunswick",359,320,1,NNP,244,PEO report 2013,current
2013,A,A08,,"TAMCC Campus, Brunswick",359,320,1,NDC,74,PEO report 2013,current
2013,A,A08,,"TAMCC Campus, Brunswick",359,320,1,MIC,1,PEO report 2013,current
2013,A,A09,a,L’Esterre R.C. School,280,246,1,NNP,149,PEO report 2013,current
2013,A,A09,a,L’Esterre R.C. School,280,246,1,NDC,96,PEO report 2013,current
2013,A,A09,a,L’Esterre R.C. School,280,246,1,MIC,0,PEO report 2013,current
2013,A,A09,b,L’Esterre R.C. School,333,288,1,NNP,172,PEO report 2013,current
2013,A,A09,b,L’Esterre R.C. School,333,288,1,NDC,115,PEO report 2013,current
2013,A,A09,b,L’Esterre R.C. School,333,288,1,MIC,0,PEO report 2013,current
2013,A,A10,a,Harvey Vale Community Centre,245,211,0,NNP,135,PEO report 2013,current
2013,A,A10,a,Harvey Vale Community Centre,245,211,0,NDC,76,PEO report 2013,current
2013,A,A10,a,Harvey Vale Community Centre,245,211,0,MIC,0,PEO report 2013,current
2013,A,A10,b,Harvey Vale Community Centre,224,173,0,NNP,118,PEO report 2013,current
2013,A,A10,b,Harvey Vale Community Centre,224,173,0,NDC,54,PEO report 2013,current
2013,A,A10,b,Harvey Vale Community Centre,224,173,0,MIC,1,PEO report 2013,current
2013,A,A11,a,Petite Martinique R.C. School,275,244,1,NNP,140,PEO report 2013,current
2013,A,A11,a,Petite Martinique R.C. School,275,244,1,NDC,103,PEO report 2013,current
2013,A,A11,a,Petite Martinique R.C. School,275,244,1,MIC,0,PEO report 2013,current
2013,A,A11,b,Petite Martinique R.C. School,184,156,0,NNP,69,PEO report 2013,current
2013,A,A11,b,Petite Martinique R.C. School,184,156,0,NDC,86,PEO report 2013,current
2013,A,A11,b,Petite Martinique R.C. School,184,156,0,MIC,1,PEO report 2013,current
2013,B,B01,a,St. Andrew’s Anglican Secondary School,280,256,1,NNP,143,PEO report 2013,current
2013,B,B01,a,St. Andrew’s Anglican Secondary School,280,256,1,NDC,112,PEO report 2013,current
2013,B,B01,b,St. Andrew’s Anglican Secondary School,271,253,0,NNP,155,PEO report 2013,current
2013,B,B01,b,St. Andrew’s Anglican Secondary School,271,253,0,NDC,98,PEO report 2013,current
2013,B,B01,c,St. Andrew’s Anglican Secondary School.,317,284,1,NNP,150,PEO report 2013,current
2013,B,B01,c,St. Andrew’s Anglican Secondary School.,317,284,1,NDC,133,PEO report 2013,current
2013,B,B02,a,Grenville Police Station,245,224,0,NNP,118,PEO report 2013,current
2013,B,B02,a,Grenville Police Station,245,224,0,NDC,106,PEO report 2013,current
2013,B,B02,b,Grenville Police Station,200,175,1,NNP,79,PEO report 2013,current
2013,B,B02,b,Grenville Police Station,200,175,1,NDC,95,PEO report 2013,current
2013,B,B03,,"R & J’s Sports Bar, Soubise",258,229,0,NNP,137,PEO report 2013,current
2013,B,B03,,"R & J’s Sports Bar, Soubise",258,229,0,NDC,92,PEO report 2013,current
2013,B,B04,,Post Royal Pre-School,211,200,1,NNP,137,PEO report 2013,current
2013,B,B04,,Post Royal Pre-School,211,200,1,NDC,62,PEO report 2013,current
2013,B,B05,,Marquis Pre-School,290,267,0,NNP,188,PEO report 2013,current
2013,B,B05,,Marquis Pre-School,290,267,0,NDC,79,PEO report 2013,current
2013,B,B06,a,St. Giles Anglican School,218,197,2,NNP,122,PEO report 2013,current
2013,B,B06,a,St. Giles Anglican School,218,197,2,NDC,73,PEO report 2013,current
2013,B,B06,b,St. Giles Anglican School,217,198,0,NNP,105,PEO report 2013,current
2013,B,B06,b,St. Giles Anglican School,217,198,0,NDC,93,PEO report 2013,current
2013,B,B07,,Grand Bacolet Educational Centre (Church),363,330,3,NNP,236,PEO report 2013,current
2013,B,B07,,Grand Bacolet Educational Centre (Church),363,330,3,NDC,91,PEO report 2013,current
2013,B,B08,,Crochu R.C. School,177,168,0,NNP,119,PEO report 2013,current
2013,B,B08,,Crochu R.C. School,177,168,0,NDC,49,PEO report 2013,current
2013,B,B09,,Crochu Skills Training Centre,347,321,0,NNP,204,PEO report 2013,current
2013,B,B09,,Crochu Skills Training Centre,347,321,0,NDC,117,PEO report 2013,current
2013,B,B10,,"Hansel Japal’s (Down Stairs), Mamma Cannes",223,206,2,NNP,149,PEO report 2013,current
2013,B,B10,,"Hansel Japal’s (Down Stairs), Mamma Cannes",223,206,2,NDC,55,PEO report 2013,current
2013,C,C01,,Munich R.C. School (downstairs),183,155,4,NNP,95,PEO report 2013,current
2013,C,C01,,Munich R.C. School (downstairs),183,155,4,NDC,56,PEO report 2013,current
2013,C,C02,,Munich R.C. School (downstairs),66,61,1,NNP,42,PEO report 2013,current
2013,C,C02,,Munich R.C. School (downstairs),66,61,1,NDC,18,PEO report 2013,current
2013,C,C03,,Mt. Carmel Medical Station,176,159,2,NNP,75,PEO report 2013,current
2013,C,C03,,Mt. Carmel Medical Station,176,159,2,NDC,82,PEO report 2013,current
2013,C,C04,,"Baptiste's Shop, De Blandeau",129,121,2,NNP,80,PEO report 2013,current
2013,C,C04,,"Baptiste's Shop, De Blandeau",129,121,2,NDC,39,PEO report 2013,current
2013,C,C05,,"Mr. Cuthbert Alexis’ Shop, Richmond",211,192,0,NNP,124,PEO report 2013,current
2013,C,C05,,"Mr. Cuthbert Alexis’ Shop, Richmond",211,192,0,NDC,68,PEO report 2013,current
2013,C,C06,,Union Community Centre,187,156,1,NNP,98,PEO report 2013,current
2013,C,C06,,Union Community Centre,187,156,1,NDC,57,PEO report 2013,current
2013,C,C07,a,"Grenville Pre-Primary School, Cook Hill Road (upstairs)",249,216,0,NNP,124,PEO report 2013,current
2013,C,C07,a,"Grenville Pre-Primary School, Cook Hill Road (upstairs)",249,216,0,NDC,92,PEO report 2013,current
2013,C,C07,b,"Grenville Pre-Primary School, Cook Hill Road (upstairs)",244,210,1,NNP,131,PEO report 2013,current
2013,C,C07,b,"Grenville Pre-Primary School, Cook Hill Road (upstairs)",244,210,1,NDC,78,PEO report 2013,current
2013,C,C08,,Harford Village Community Centre (upstairs),367,326,0,NNP,156,PEO report 2013,current
2013,C,C08,,Harford Village Community Centre (upstairs),367,326,0,NDC,170,PEO report 2013,current
2013,C,C09,a,Grand Bras Health Centre,196,176,2,NNP,89,PEO report 2013,current
2013,C,C09,a,Grand Bras Health Centre,196,176,2,NDC,85,PEO report 2013,current
2013,C,C09,b,Grand Bras Health Centre,266,232,1,NNP,101,PEO report 2013,current
2013,C,C09,b,Grand Bras Health Centre,266,232,1,NDC,130,PEO report 2013,current
2013,C,C10,a,Forde Pre-Primary School,193,174,1,NNP,84,PEO report 2013,current
2013,C,C10,a,Forde Pre-Primary School,193,174,1,NDC,89,PEO report 2013,current
2013,C,C10,b,Forde Pre-Primary School,180,166,1,NNP,79,PEO report 2013,current
2013,C,C10,b,Forde Pre-Primary School,180,166,1,NDC,86,PEO report 2013,current
2013,C,C11,a,Grenville Secondary School,195,181,2,NNP,91,PEO report 2013,current
2013,C,C11,a,Grenville Secondary School,195,181,2,NDC,88,PEO report 2013,current
2013,C,C11,b,Grenville Secondary School,182,135,0,NNP,74,PEO report 2013,current
2013,C,C11,b,Grenville Secondary School,182,135,0,NDC,61,PEO report 2013,current
2013,C,C12,,Holy Innocents Anglican School,260,224,0,NNP,125,PEO report 2013,current
2013,C,C12,,Holy Innocents Anglican School,260,224,0,NDC,99,PEO report 2013,current
2013,C,C13,,St. James Community Centre,338,292,1,NNP,138,PEO report 2013,current
2013,C,C13,,St. James Community Centre,338,292,1,NDC,153,PEO report 2013,current
2013,C,C14,,Birchgrove Community Centre,361,316,3,NNP,190,PEO report 2013,current
2013,C,C14,,Birchgrove Community Centre,361,316,3,NDC,123,PEO report 2013,current
2013,D,D01,a,Paradise Pre-Primary School,354,318,3,NNP,180,PEO report 2013,current
2013,D,D01,a,Paradise Pre-Primary School,354,318,3,IND,2,PEO report 2013,current
2013,D,D01,a,Paradise Pre-Primary School,354,318,3,NDC,133,PEO report 2013,current
2013,D,D01,b,Paradise Pre-Primary School,259,223,0,NNP,147,PEO report 2013,current
2013,D,D01,b,Paradise Pre-Primary School,259,223,0,IND,0,PEO report 2013,current
2013,D,D01,b,Paradise Pre-Primary School,259,223,0,NDC,76,PEO report 2013,current
2013,D,D01,,[c],253,225,4,NNP,150,PEO report 2013,current
2013,D,D01,,[c],253,225,4,IND,0,PEO report 2013,current
2013,D,D01,,[c],253,225,4,NDC,71,PEO report 2013,current
2013,D,D02,a,Belair Government School,285,257,0,NNP,134,PEO report 2013,current
2013,D,D02,a,Belair Government School,285,257,0,IND,0,PEO report 2013,current
2013,D,D02,a,Belair Government School,285,257,0,NDC,123,PEO report 2013,current
2013,D,D02,b,Belair Government School,291,245,0,NNP,114,PEO report 2013,current
2013,D,D02,b,Belair Government School,291,245,0,IND,1,PEO report 2013,current
2013,D,D02,b,Belair Government School,291,245,0,NDC,130,PEO report 2013,current
2013,D,D02,c,Belair Government School,230,205,0,NNP,94,PEO report 2013,current
2013,D,D02,c,Belair Government School,230,205,0,IND,1,PEO report 2013,current
2013,D,D02,c,Belair Government School,230,205,0,NDC,110,PEO report 2013,current
2013,D,D03,a,Pearls Community Centre,274,247,1,NNP,147,PEO report 2013,current
2013,D,D03,a,Pearls Community Centre,274,247,1,IND,1,PEO report 2013,current
2013,D,D03,a,Pearls Community Centre,274,247,1,NDC,98,PEO report 2013,current
2013,D,D03,b,Pearls Community Centre,254,231,0,NNP,146,PEO report 2013,current
2013,D,D03,b,Pearls Community Centre,254,231,0,IND,0,PEO report 2013,current
2013,D,D03,b,Pearls Community Centre,254,231,0,NDC,85,PEO report 2013,current
2013,D,D04,a,Tivoli R.C. School,310,279,0,NNP,143,PEO report 2013,current
2013,D,D04,a,Tivoli R.C. School,310,279,0,IND,0,PEO report 2013,current
2013,D,D04,a,Tivoli R.C. School,310,279,0,NDC,136,PEO report 2013,current
2013,D,D04,b,Tivoli R.C. School,319,285,0,NNP,136,PEO report 2013,current
2013,D,D04,b,Tivoli R.C. School,319,285,0,IND,0,PEO report 2013,current
2013,D,D04,b,Tivoli R.C. School,319,285,0,NDC,149,PEO report 2013,current
2013,D,D04,c,Tivoli R.C. School,302,266,1,NNP,123,PEO report 2013,current
2013,D,D04,c,Tivoli R.C. School,302,266,1,IND,0,PEO report 2013,current
2013,D,D04,c,Tivoli R.C. School,302,266,1,NDC,142,PEO report 2013,current
2013,D,D05,a,La Poterie Community Centre,246,235,0,NNP,175,PEO report 2013,current
2013,D,D05,a,La Poterie Community Centre,246,235,0,IND,0,PEO report 2013,current
2013,D,D05,a,La Poterie Community Centre,246,235,0,NDC,60,PEO report 2013,current
2013,D,D05,b,La Poterie Community Centre,210,195,2,NNP,143,PEO report 2013,current
2013,D,D05,b,La Poterie Community Centre,210,195,2,IND,0,PEO report 2013,current
2013,D,D05,b,La Poterie Community Centre,210,195,2,NDC,50,PEO report 2013,current
2013,D,D06,,Upper St. John Community Centre,314,289,0,NNP,137,PEO report 2013,current
2013,D,D06,,Upper St. John Community Centre,314,289,0,IND,0,PEO report 2013,current
2013,D,D06,,Upper St. John Community Centre,314,289,0,NDC,152,PEO report 2013,current
2013,D,D07,,Paraclete Medical Station,208,185,0,NNP,82,PEO report 2013,current
2013,D,D07,,Paraclete Medical Station,208,185,0,IND,0,PEO report 2013,current
2013,D,D07,,Paraclete Medical Station,208,185,0,NDC,103,PEO report 2013,current
2013,E,E01,,Paraclete Government School,197,190,0,NDC,49,PEO report 2013,current
2013,E,E01,,Paraclete Government School,197,190,0,NNP,141,PEO report 2013,current
2013,E,E02,a,La Fillette R.C. School,306,280,2,NDC,125,PEO report 2013,current
2013,E,E02,a,La Fillette R.C. School,306,280,2,NNP,153,PEO report 2013,current
2013,E,E02,b,La Fillette R.C. School,356,320,2,NDC,149,PEO report 2013,current
2013,E,E02,b,La Fillette R.C. School,356,320,2,NNP,169,PEO report 2013,current
2013,E,E02,c,La Fillette R.C. School,336,309,0,NDC,132,PEO report 2013,current
2013,E,E02,c,La Fillette R.C. School,336,309,0,NNP,177,PEO report 2013,current
2013,E,E03,a,Byelands R. C. School,201,184,1,NDC,83,PEO report 2013,current
2013,E,E03,a,Byelands R. C. School,201,184,1,NNP,100,PEO report 2013,current
2013,E,E03,b,Byelands R. C. School,187,172,3,NDC,67,PEO report 2013,current
2013,E,E03,b,Byelands R. C. School,187,172,3,NNP,102,PEO report 2013,current
2013,E,E04,a,Night of the Quarter Moon,246,223,1,NDC,132,PEO report 2013,current
2013,E,E04,a,Night of the Quarter Moon,246,223,1,NNP,90,PEO report 2013,current
2013,E,E04,b,Night of the Quarter Moon,289,266,0,NDC,148,PEO report 2013,current
2013,E,E04,b,Night of the Quarter Moon,289,266,0,NNP,118,PEO report 2013,current
2013,E,E05,a,Mirabeau Agricultural Station,240,211,0,NDC,95,PEO report 2013,current
2013,E,E05,a,Mirabeau Agricultural Station,240,211,0,NNP,116,PEO report 2013,current
2013,E,E05,b,Mirabeau Agricultural Station,345,312,2,NDC,124,PEO report 2013,current
2013,E,E05,b,Mirabeau Agricultural Station,345,312,2,NNP,186,PEO report 2013,current
2013,E,E05,c,Mirabeau Agricultural Station,228,203,3,NDC,91,PEO report 2013,current
2013,E,E05,c,Mirabeau Agricultural Station,228,203,3,NNP,109,PEO report 2013,current
2013,E,E06,,"Sio's Bar, Birchgrove",313,284,1,NDC,117,PEO report 2013,current
2013,E,E06,,"Sio's Bar, Birchgrove",313,284,1,NNP,166,PEO report 2013,current
2013,E,E07,,"Paul""s Bakery, Birchgrove",325,301,0,NDC,138,PEO report 2013,current
2013,E,E07,,"Paul""s Bakery, Birchgrove",325,301,0,NNP,163,PEO report 2013,current
2013,F,F01,,Perdmontemps Agricultural Station,306,271,0,NDC,102,PEO report 2013,current
2013,F,F01,,Perdmontemps Agricultural Station,306,271,0,NNP,169,PEO report 2013,current
2013,F,F01,,Perdmontemps Agricultural Station,306,271,0,GOD,0,PEO report 2013,current
2013,F,F02,a,St. Dominic’s R.C. Church Centre,293,267,0,NDC,109,PEO report 2013,current
2013,F,F02,a,St. Dominic’s R.C. Church Centre,293,267,0,NNP,158,PEO report 2013,current
2013,F,F02,a,St. Dominic’s R.C. Church Centre,293,267,0,GOD,0,PEO report 2013,current
2013,F,F02,b,St. Dominic’s R.C. Church Centre,248,223,0,NDC,86,PEO report 2013,current
2013,F,F02,b,St. Dominic’s R.C. Church Centre,248,223,0,NNP,137,PEO report 2013,current
2013,F,F02,b,St. Dominic’s R.C. Church Centre,248,223,0,GOD,0,PEO report 2013,current
2013,F,F03,,St. Dominic’s R.C. School,366,331,0,NDC,158,PEO report 2013,current
2013,F,F03,,St. Dominic’s R.C. School,366,331,0,NNP,172,PEO report 2013,current
2013,F,F03,,St. Dominic’s R.C. School,366,331,0,GOD,1,PEO report 2013,current
2013,F,F04,a,Windsor Forest Pre School,334,314,1,NDC,140,PEO report 2013,current
2013,F,F04,a,Windsor Forest Pre School,334,314,1,NNP,173,PEO report 2013,current
2013,F,F04,a,Windsor Forest Pre School,334,314,1,GOD,0,PEO report 2013,current
2013,F,F04,b,Windsor Forest Pre School,304,270,0,NDC,143,PEO report 2013,current
2013,F,F04,b,Windsor Forest Pre School,304,270,0,NNP,126,PEO report 2013,current
2013,F,F04,b,Windsor Forest Pre School,304,270,0,GOD,1,PEO report 2013,current
2013,F,F05,a,"St. Theresa’s R.C. School, Vincennes",240,215,0,NDC,101,PEO report 2013,current
2013,F,F05,a,"St. Theresa’s R.C. School, Vincennes",240,215,0,NNP,113,PEO report 2013,current
2013,F,F05,a,"St. Theresa’s R.C. School, Vincennes",240,215,0,GOD,1,PEO report 2013,current
2013,F,F05,b,"St. Theresa’s R.C. School, Vincennes",247,221,1,NDC,114,PEO report 2013,current
2013,F,F05,b,"St. Theresa’s R.C. School, Vincennes",247,221,1,NNP,106,PEO report 2013,current
2013,F,F05,b,"St. Theresa’s R.C. School, Vincennes",247,221,1,GOD,0,PEO report 2013,current
2013,F,F06,a,Corinth Government School,270,241,3,NDC,112,PEO report 2013,current
2013,F,F06,a,Corinth Government School,270,241,3,NNP,126,PEO report 2013,current
2013,F,F06,a,Corinth Government School,270,241,3,GOD,0,PEO report 2013,current
2013,F,F06,b,Corinth Government School,281,258,1,NDC,114,PEO report 2013,current
2013,F,F06,b,Corinth Government School,281,258,1,NNP,143,PEO report 2013,current
2013,F,F06,b,Corinth Government School,281,258,1,GOD,0,PEO report 2013,current
2013,F,F06,c,Corinth Government School,344,306,0,NDC,127,PEO report 2013,current
2013,F,F06,c,Corinth Government School,344,306,0,NNP,179,PEO report 2013,current
2013,F,F06,c,Corinth Government School,344,306,0,GOD,0,PEO report 2013,current
2013,F,F07,,St. David’s R.C. School,302,272,3,NDC,163,PEO report 2013,current
2013,F,F07,,St. David’s R.C. School,302,272,3,NNP,105,PEO report 2013,current
2013,F,F07,,St. David’s R.C. School,302,272,3,GOD,1,PEO report 2013,current
2013,F,F08,a,"Magistrate’s Court, St. David’s",382,335,0,NDC,144,PEO report 2013,current
2013,F,F08,a,"Magistrate’s Court, St. David’s",382,335,0,NNP,191,PEO report 2013,current
2013,F,F08,a,"Magistrate’s Court, St. David’s",382,335,0,GOD,0,PEO report 2013,current
2013,F,F08,b,"Parliamentary Elections Constituency Office, St. David's",210,183,1,NDC,90,PEO report 2013,current
2013,F,F08,b,"Parliamentary Elections Constituency Office, St. David's",210,183,1,NNP,90,PEO report 2013,current
2013,F,F08,b,"Parliamentary Elections Constituency Office, St. David's",210,183,1,GOD,2,PEO report 2013,current
2013,F,F09,,"Berean Pre-School, Marlmount",362,315,2,NDC,104,PEO report 2013,current
2013,F,F09,,"Berean Pre-School, Marlmount",362,315,2,NNP,208,PEO report 2013,current
2013,F,F09,,"Berean Pre-School, Marlmount",362,315,2,GOD,1,PEO report 2013,current
2013,F,F10,a,Pomme Rose R. C. School,284,267,2,NDC,99,PEO report 2013,current
2013,F,F10,a,Pomme Rose R. C. School,284,267,2,NNP,166,PEO report 2013,current
2013,F,F10,a,Pomme Rose R. C. School,284,267,2,GOD,0,PEO report 2013,current
2013,F,F10,b,Pomme Rose R. C. School,245,221,1,NDC,71,PEO report 2013,current
2013,F,F10,b,Pomme Rose R. C. School,245,221,1,NNP,146,PEO report 2013,current
2013,F,F10,b,Pomme Rose R. C. School,245,221,1,GOD,3,PEO report 2013,current
2013,F,F11,a,"Fraser's Saloon, La Tante",233,204,1,NDC,93,PEO report 2013,current
2013,F,F11,a,"Fraser's Saloon, La Tante",233,204,1,NNP,109,PEO report 2013,current
2013,F,F11,a,"Fraser's Saloon, La Tante",233,204,1,GOD,1,PEO report 2013,current
2013,F,F11,b,"Fraser's Saloon, La Tante",220,192,0,NDC,59,PEO report 2013,current
2013,F,F11,b,"Fraser's Saloon, La Tante",220,192,0,NNP,133,PEO report 2013,current
2013,F,F12,a,Westerhall Secondary School,336,290,0,NDC,128,PEO report 2013,current
2013,F,F12,a,Westerhall Secondary School,336,290,0,NNP,161,PEO report 2013,current
2013,F,F12,a,Westerhall Secondary School,336,290,0,GOD,1,PEO report 2013,current
2013,F,F12,b,Westerhall Secondary School,244,223,0,NDC,100,PEO report 2013,current
2013,F,F12,b,Westerhall Secondary School,244,223,0,NNP,123,PEO report 2013,current
2013,F,F12,b,Westerhall Secondary School,244,223,0,GOD,0,PEO report 2013,current
2013,F,F12,c,Westerhall Secondary School,295,265,1,NDC,130,PEO report 2013,current
2013,F,F12,c,Westerhall Secondary School,295,265,1,NNP,134,PEO report 2013,current
2013,F,F12,c,Westerhall Secondary School,295,265,1,GOD,0,PEO report 2013,current
2013,G,G01,,Magistrate’s Court #1,84,71,1,NNP,39,PEO report 2013,current
2013,G,G01,,Magistrate’s Court #1,84,71,1,NDC,31,PEO report 2013,current
2013,G,G01,,Magistrate’s Court #1,84,71,1,GOD,0,PEO report 2013,current
2013,G,G02,,"Old Wesley Hall School, Lucas Street",370,324,2,NNP,197,PEO report 2013,current
2013,G,G02,,"Old Wesley Hall School, Lucas Street",370,324,2,NDC,125,PEO report 2013,current
2013,G,G02,,"Old Wesley Hall School, Lucas Street",370,324,2,GOD,0,PEO report 2013,current
2013,G,G03,a,"National Stadium, River Road End",208,177,0,NNP,117,PEO report 2013,current
2013,G,G03,a,"National Stadium, River Road End",208,177,0,NDC,60,PEO report 2013,current
2013,G,G03,a,"National Stadium, River Road End",208,177,0,GOD,0,PEO report 2013,current
2013,G,G03,b,"National Stadium, River Road End",232,208,3,NNP,146,PEO report 2013,current
2013,G,G03,b,"National Stadium, River Road End",232,208,3,NDC,59,PEO report 2013,current
2013,G,G03,b,"National Stadium, River Road End",232,208,3,GOD,0,PEO report 2013,current
2013,G,G03,c,"National Stadium, River Road End",229,197,1,NNP,117,PEO report 2013,current
2013,G,G03,c,"National Stadium, River Road End",229,197,1,NDC,79,PEO report 2013,current
2013,G,G03,c,"National Stadium, River Road End",229,197,1,GOD,0,PEO report 2013,current
2013,G,G03,d,"National Stadium, River Road End",318,278,1,NNP,186,PEO report 2013,current
2013,G,G03,d,"National Stadium, River Road End",318,278,1,NDC,91,PEO report 2013,current
2013,G,G03,d,"National Stadium, River Road End",318,278,1,GOD,0,PEO report 2013,current
2013,G,G03,e,"National Stadium, River Road End",253,221,1,NNP,150,PEO report 2013,current
2013,G,G03,e,"National Stadium, River Road End",253,221,1,NDC,69,PEO report 2013,current
2013,G,G03,e,"National Stadium, River Road End",253,221,1,GOD,1,PEO report 2013,current
2013,G,G04,,Marryshow House,132,119,0,NNP,70,PEO report 2013,current
2013,G,G04,,Marryshow House,132,119,0,NDC,49,PEO report 2013,current
2013,G,G04,,Marryshow House,132,119,0,GOD,0,PEO report 2013,current
2013,G,G05,,"Parliamentary Elections Office, GUT Building",204,172,2,NNP,89,PEO report 2013,current
2013,G,G05,,"Parliamentary Elections Office, GUT Building",204,172,2,NDC,81,PEO report 2013,current
2013,G,G05,,"Parliamentary Elections Office, GUT Building",204,172,2,GOD,0,PEO report 2013,current
2013,G,G06,,"Berean Christian Academy, Lucas Street",269,231,0,NNP,115,PEO report 2013,current
2013,G,G06,,"Berean Christian Academy, Lucas Street",269,231,0,NDC,116,PEO report 2013,current
2013,G,G06,,"Berean Christian Academy, Lucas Street",269,231,0,GOD,0,PEO report 2013,current
2013,G,G07,,St. George's Anglican Senior School,25,22,0,NNP,10,PEO report 2013,current
2013,G,G07,,St. George's Anglican Senior School,25,22,0,NDC,12,PEO report 2013,current
2013,G,G07,,St. George's Anglican Senior School,25,22,0,GOD,0,PEO report 2013,current
2013,G,G08,,"St. George's SDA School, Archibald Avenue",285,245,0,NNP,126,PEO report 2013,current
2013,G,G08,,"St. George's SDA School, Archibald Avenue",285,245,0,NDC,118,PEO report 2013,current
2013,G,G08,,"St. George's SDA School, Archibald Avenue",285,245,0,GOD,1,PEO report 2013,current
2013,G,G09,,,26,21,0,NNP,15,PEO report 2013,current
2013,G,G09,,,26,21,0,NDC,6,PEO report 2013,current
2013,G,G09,,,26,21,0,GOD,0,PEO report 2013,current
2013,H,H01,,Vendome Community Centre,342,312,1,NDC,148,PEO report 2013,current
2013,H,H01,,Vendome Community Centre,342,312,1,NNP,162,PEO report 2013,current
2013,H,H01,,Vendome Community Centre,342,312,1,MIC,0,PEO report 2013,current
2013,H,H01,,Vendome Community Centre,342,312,1,GRP,1,PEO report 2013,current
2013,H,H01,,Vendome Community Centre,342,312,1,GUPM,0,PEO report 2013,current
2013,H,H02,a,Brownie’s Hideaway & Disco,294,262,0,NDC,113,PEO report 2013,current
2013,H,H02,a,Brownie’s Hideaway & Disco,294,262,0,NNP,147,PEO report 2013,current
2013,H,H02,a,Brownie’s Hideaway & Disco,294,262,0,MIC,2,PEO report 2013,current
2013,H,H02,a,Brownie’s Hideaway & Disco,294,262,0,GRP,0,PEO report 2013,current
2013,H,H02,a,Brownie’s Hideaway & Disco,294,262,0,GUPM,0,PEO report 2013,current
2013,H,H02,b,Brownie’s Hideaway & Disco,247,209,1,NDC,92,PEO report 2013,current
2013,H,H02,b,Brownie’s Hideaway & Disco,247,209,1,NNP,113,PEO report 2013,current
2013,H,H02,b,Brownie’s Hideaway & Disco,247,209,1,MIC,1,PEO report 2013,current
2013,H,H02,b,Brownie’s Hideaway & Disco,247,209,1,GRP,1,PEO report 2013,current
2013,H,H02,b,Brownie’s Hideaway & Disco,247,209,1,GUPM,1,PEO report 2013,current
2013,H,H03,,Constantine Methodist School,120,111,1,NDC,38,PEO report 2013,current
2013,H,H03,,Constantine Methodist School,120,111,1,NNP,72,PEO report 2013,current
2013,H,H03,,Constantine Methodist School,120,111,1,MIC,0,PEO report 2013,current
2013,H,H03,,Constantine Methodist School,120,111,1,GRP,0,PEO report 2013,current
2013,H,H03,,Constantine Methodist School,120,111,1,GUPM,0,PEO report 2013,current
2013,H,H04,a,Boca Secondary School,234,220,0,NDC,126,PEO report 2013,current
2013,H,H04,a,Boca Secondary School,234,220,0,NNP,93,PEO report 2013,current
2013,H,H04,a,Boca Secondary School,234,220,0,MIC,0,PEO report 2013,current
2013,H,H04,a,Boca Secondary School,234,220,0,GRP,1,PEO report 2013,current
2013,H,H04,a,Boca Secondary School,234,220,0,GUPM,0,PEO report 2013,current
2013,H,H04,b,Boca Secondary School,216,184,0,NDC,101,PEO report 2013,current
2013,H,H04,b,Boca Secondary School,216,184,0,NNP,82,PEO report 2013,current
2013,H,H04,b,Boca Secondary School,216,184,0,MIC,0,PEO report 2013,current
2013,H,H04,b,Boca Secondary School,216,184,0,GRP,1,PEO report 2013,current
2013,H,H04,b,Boca Secondary School,216,184,0,GUPM,0,PEO report 2013,current
2013,H,H05,a,Beaulieu R.C. School,274,236,1,NDC,96,PEO report 2013,current
2013,H,H05,a,Beaulieu R.C. School,274,236,1,NNP,138,PEO report 2013,current
2013,H,H05,a,Beaulieu R.C. School,274,236,1,MIC,1,PEO report 2013,current
2013,H,H05,a,Beaulieu R.C. School,274,236,1,GRP,0,PEO report 2013,current
2013,H,H05,a,Beaulieu R.C. School,274,236,1,GUPM,0,PEO report 2013,current
2013,H,H05,b,Beaulieu R.C. School,274,243,2,NDC,95,PEO report 2013,current
2013,H,H05,b,Beaulieu R.C. School,274,243,2,NNP,146,PEO report 2013,current
2013,H,H05,b,Beaulieu R.C. School,274,243,2,MIC,0,PEO report 2013,current
2013,H,H05,b,Beaulieu R.C. School,274,243,2,GRP,0,PEO report 2013,current
2013,H,H05,b,Beaulieu R.C. School,274,243,2,GUPM,0,PEO report 2013,current
2013,H,H05,c,"Beaulieu R.C. School, Pre School",245,216,2,NDC,106,PEO report 2013,current
2013,H,H05,c,"Beaulieu R.C. School, Pre School",245,216,2,NNP,108,PEO report 2013,current
2013,H,H05,c,"Beaulieu R.C. School, Pre School",245,216,2,MIC,0,PEO report 2013,current
2013,H,H05,c,"Beaulieu R.C. School, Pre School",245,216,2,GRP,0,PEO report 2013,current
2013,H,H05,c,"Beaulieu R.C. School, Pre School",245,216,2,GUPM,0,PEO report 2013,current
2013,H,H06,a,"L.A. Purcell's Building, La Mode",246,221,1,NDC,83,PEO report 2013,current
2013,H,H06,a,"L.A. Purcell's Building, La Mode",246,221,1,NNP,137,PEO report 2013,current
2013,H,H06,a,"L.A. Purcell's Building, La Mode",246,221,1,MIC,0,PEO report 2013,current
2013,H,H06,a,"L.A. Purcell's Building, La Mode",246,221,1,GRP,0,PEO report 2013,current
2013,H,H06,a,"L.A. Purcell's Building, La Mode",246,221,1,GUPM,0,PEO report 2013,current
2013,H,H06,b,"Purcell’s Premises, La Mode",242,204,3,NDC,112,PEO report 2013,current
2013,H,H06,b,"Purcell’s Premises, La Mode",242,204,3,NNP,89,PEO report 2013,current
2013,H,H06,b,"Purcell’s Premises, La Mode",242,204,3,MIC,0,PEO report 2013,current
2013,H,H06,b,"Purcell’s Premises, La Mode",242,204,3,GRP,0,PEO report 2013,current
2013,H,H06,b,"Purcell’s Premises, La Mode",242,204,3,GUPM,0,PEO report 2013,current
2013,H,H07,a,"St. Mary’s R. C. School, Tempe",398,337,2,NDC,161,PEO report 2013,current
2013,H,H07,a,"St. Mary’s R. C. School, Tempe",398,337,2,NNP,174,PEO report 2013,current
2013,H,H07,a,"St. Mary’s R. C. School, Tempe",398,337,2,MIC,0,PEO report 2013,current
2013,H,H07,a,"St. Mary’s R. C. School, Tempe",398,337,2,GRP,0,PEO report 2013,current
2013,H,H07,a,"St. Mary’s R. C. School, Tempe",398,337,2,GUPM,0,PEO report 2013,current
2013,H,H07,b,"St. Mary’s R. C. School, Tempe",265,229,0,NDC,106,PEO report 2013,current
2013,H,H07,b,"St. Mary’s R. C. School, Tempe",265,229,0,NNP,123,PEO report 2013,current
2013,H,H07,b,"St. Mary’s R. C. School, Tempe",265,229,0,MIC,0,PEO report 2013,current
2013,H,H07,b,"St. Mary’s R. C. School, Tempe",265,229,0,GRP,0,PEO report 2013,current
2013,H,H07,b,"St. Mary’s R. C. School, Tempe",265,229,0,GUPM,0,PEO report 2013,current
2013,H,H07,c,"St. Mary’s R. C. School, Tempe",314,275,1,NDC,126,PEO report 2013,current
2013,H,H07,c,"St. Mary’s R. C. School, Tempe",314,275,1,NNP,148,PEO report 2013,current
2013,H,H07,c,"St. Mary’s R. C. School, Tempe",314,275,1,MIC,0,PEO report 2013,current
2013,H,H07,c,"St. Mary’s R. C. School, Tempe",314,275,1,GRP,0,PEO report 2013,current
2013,H,H07,c,"St. Mary’s R. C. School, Tempe",314,275,1,GUPM,0,PEO report 2013,current
2013,H,H07,d,"St. Mary’s R. C. School, Tempe",302,261,0,NDC,123,PEO report 2013,current
2013,H,H07,d,"St. Mary’s R. C. School, Tempe",302,261,0,NNP,137,PEO report 2013,current
2013,H,H07,d,"St. Mary’s R. C. School, Tempe",302,261,0,MIC,0,PEO report 2013,current
2013,H,H07,d,"St. Mary’s R. C. School, Tempe",302,261,0,GRP,1,PEO report 2013,current
2013,H,H07,d,"St. Mary’s R. C. School, Tempe",302,261,0,GUPM,0,PEO report 2013,current
2013,H,H08,a,"Alpha Junior School, Mt. Parnassus",241,204,1,NDC,117,PEO report 2013,current
2013,H,H08,a,"Alpha Junior School, Mt. Parnassus",241,204,1,NNP,85,PEO report 2013,current
2013,H,H08,a,"Alpha Junior School, Mt. Parnassus",241,204,1,MIC,0,PEO report 2013,current
2013,H,H08,a,"Alpha Junior School, Mt. Parnassus",241,204,1,GRP,0,PEO report 2013,current
2013,H,H08,a,"Alpha Junior School, Mt. Parnassus",241,204,1,GUPM,1,PEO report 2013,current
2013,H,H08,b,"Alpha Junior School, Mt. Parnassus",261,226,1,NDC,111,PEO report 2013,current
2013,H,H08,b,"Alpha Junior School, Mt. Parnassus",261,226,1,NNP,113,PEO report 2013,current
2013,H,H08,b,"Alpha Junior School, Mt. Parnassus",261,226,1,MIC,0,PEO report 2013,current
2013,H,H08,b,"Alpha Junior School, Mt. Parnassus",261,226,1,GRP,0,PEO report 2013,current
2013,H,H08,b,"Alpha Junior School, Mt. Parnassus",261,226,1,GUPM,1,PEO report 2013,current
2013,H,H08,c,"Alpha Junior School, Mt. Parnassus",203,183,1,NDC,96,PEO report 2013,current
2013,H,H08,c,"Alpha Junior School, Mt. Parnassus",203,183,1,NNP,86,PEO report 2013,current
2013,H,H08,c,"Alpha Junior School, Mt. Parnassus",203,183,1,MIC,0,PEO report 2013,current
2013,H,H08,c,"Alpha Junior School, Mt. Parnassus",203,183,1,GRP,0,PEO report 2013,current
2013,H,H08,c,"Alpha Junior School, Mt. Parnassus",203,183,1,GUPM,0,PEO report 2013,current
2013,H,H09,a,St. Paul’s Government School,358,318,3,NDC,171,PEO report 2013,current
2013,H,H09,a,St. Paul’s Government School,358,318,3,NNP,141,PEO report 2013,current
2013,H,H09,a,St. Paul’s Government School,358,318,3,MIC,2,PEO report 2013,current
2013,H,H09,a,St. Paul’s Government School,358,318,3,GRP,0,PEO report 2013,current
2013,H,H09,a,St. Paul’s Government School,358,318,3,GUPM,1,PEO report 2013,current
2013,H,H09,b,St. Paul’s Government School,310,279,1,NDC,146,PEO report 2013,current
2013,H,H09,b,St. Paul’s Government School,310,279,1,NNP,129,PEO report 2013,current
2013,H,H09,b,St. Paul’s Government School,310,279,1,MIC,1,PEO report 2013,current
2013,H,H09,b,St. Paul’s Government School,310,279,1,GRP,2,PEO report 2013,current
2013,H,H09,b,St. Paul’s Government School,310,279,1,GUPM,0,PEO report 2013,current
2013,J,J01,a,"Cornerstone Ministry's Church, Cherry Hill Main Road",295,266,0,NNP,233,PEO report 2013,current
2013,J,J01,a,"Cornerstone Ministry's Church, Cherry Hill Main Road",295,266,0,NDC,32,PEO report 2013,current
2013,J,J01,a,"Cornerstone Ministry's Church, Cherry Hill Main Road",295,266,0,GUPM,0,PEO report 2013,current
2013,J,J01,a,"Cornerstone Ministry's Church, Cherry Hill Main Road",295,266,0,GRP,1,PEO report 2013,current
2013,J,J01,b,Fontenoy Community Centre,305,284,4,NNP,253,PEO report 2013,current
2013,J,J01,b,Fontenoy Community Centre,305,284,4,NDC,27,PEO report 2013,current
2013,J,J01,b,Fontenoy Community Centre,305,284,4,GUPM,0,PEO report 2013,current
2013,J,J01,b,Fontenoy Community Centre,305,284,4,GRP,0,PEO report 2013,current
2013,J,J02,a,Sunset View Restaurant,270,245,0,NNP,228,PEO report 2013,current
2013,J,J02,a,Sunset View Restaurant,270,245,0,NDC,17,PEO report 2013,current
2013,J,J02,a,Sunset View Restaurant,270,245,0,GUPM,0,PEO report 2013,current
2013,J,J02,a,Sunset View Restaurant,270,245,0,GRP,0,PEO report 2013,current
2013,J,J02,b,Sunset View Restaurant,291,263,1,NNP,248,PEO report 2013,current
2013,J,J02,b,Sunset View Restaurant,291,263,1,NDC,14,PEO report 2013,current
2013,J,J02,b,Sunset View Restaurant,291,263,1,GUPM,0,PEO report 2013,current
2013,J,J02,b,Sunset View Restaurant,291,263,1,GRP,0,PEO report 2013,current
2013,J,J02,c,Grand Mal Community Centre,269,232,0,NNP,210,PEO report 2013,current
2013,J,J02,c,Grand Mal Community Centre,269,232,0,NDC,21,PEO report 2013,current
2013,J,J02,c,Grand Mal Community Centre,269,232,0,GUPM,1,PEO report 2013,current
2013,J,J02,c,Grand Mal Community Centre,269,232,0,GRP,0,PEO report 2013,current
2013,J,J03,,Mt. Moritz Anglican School,360,308,0,NNP,257,PEO report 2013,current
2013,J,J03,,Mt. Moritz Anglican School,360,308,0,NDC,50,PEO report 2013,current
2013,J,J03,,Mt. Moritz Anglican School,360,308,0,GUPM,1,PEO report 2013,current
2013,J,J03,,Mt. Moritz Anglican School,360,308,0,GRP,0,PEO report 2013,current
2013,J,J04,a,Happy Hill R.C. School,313,277,1,NNP,259,PEO report 2013,current
2013,J,J04,a,Happy Hill R.C. School,313,277,1,NDC,16,PEO report 2013,current
2013,J,J04,a,Happy Hill R.C. School,313,277,1,GUPM,0,PEO report 2013,current
2013,J,J04,a,Happy Hill R.C. School,313,277,1,GRP,1,PEO report 2013,current
2013,J,J04,b,Happy Hill R.C. School,256,229,0,NNP,210,PEO report 2013,current
2013,J,J04,b,Happy Hill R.C. School,256,229,0,NDC,18,PEO report 2013,current
2013,J,J04,b,Happy Hill R.C. School,256,229,0,GUPM,1,PEO report 2013,current
2013,J,J04,b,Happy Hill R.C. School,256,229,0,GRP,0,PEO report 2013,current
2013,J,J04,c,Happy Hill R.C. School,288,239,3,NNP,228,PEO report 2013,current
2013,J,J04,c,Happy Hill R.C. School,288,239,3,NDC,6,PEO report 2013,current
2013,J,J04,c,Happy Hill R.C. School,288,239,3,GUPM,0,PEO report 2013,current
2013,J,J04,c,Happy Hill R.C. School,288,239,3,GRP,2,PEO report 2013,current
2013,J,J05,a,Brizan Community Centre,246,214,0,NNP,198,PEO report 2013,current
2013,J,J05,a,Brizan Community Centre,246,214,0,NDC,11,PEO report 2013,current
2013,J,J05,a,Brizan Community Centre,246,214,0,GUPM,5,PEO report 2013,current
2013,J,J05,a,Brizan Community Centre,246,214,0,GRP,0,PEO report 2013,current
2013,J,J05,b,Brizan Community Centre,196,176,0,NNP,160,PEO report 2013,current
2013,J,J05,b,Brizan Community Centre,196,176,0,NDC,14,PEO report 2013,current
2013,J,J05,b,Brizan Community Centre,196,176,0,GUPM,1,PEO report 2013,current
2013,J,J05,b,Brizan Community Centre,196,176,0,GRP,1,PEO report 2013,current
2013,J,J06,,St. Luke’s Anglican Church,64,60,0,NNP,46,PEO report 2013,current
2013,J,J06,,St. Luke’s Anglican Church,64,60,0,NDC,14,PEO report 2013,current
2013,J,J06,,St. Luke’s Anglican Church,64,60,0,GUPM,0,PEO report 2013,current
2013,J,J06,,St. Luke’s Anglican Church,64,60,0,GRP,0,PEO report 2013,current
2013,J,J07,,Willis Community Centre,263,232,0,NNP,147,PEO report 2013,current
2013,J,J07,,Willis Community Centre,263,232,0,NDC,83,PEO report 2013,current
2013,J,J07,,Willis Community Centre,263,232,0,GUPM,1,PEO report 2013,current
2013,J,J07,,Willis Community Centre,263,232,0,GRP,1,PEO report 2013,current
2013,K,K01,,Veterinary Lab,160,144,0,NNP,99,PEO report 2013,current
2013,K,K01,,Veterinary Lab,160,144,0,NDC,45,PEO report 2013,current
2013,K,K01,,Veterinary Lab,160,144,0,MIC,0,PEO report 2013,current
2013,K,K01,,Veterinary Lab,160,144,0,NUF,0,PEO report 2013,current
2013,K,K02,,Springs Open Bible Church,334,298,2,NNP,181,PEO report 2013,current
2013,K,K02,,Springs Open Bible Church,334,298,2,NDC,113,PEO report 2013,current
2013,K,K02,,Springs Open Bible Church,334,298,2,MIC,0,PEO report 2013,current
2013,K,K02,,Springs Open Bible Church,334,298,2,NUF,2,PEO report 2013,current
2013,K,K03,,"Wilfred Ross’ Residence, Calivigny",270,242,1,NNP,122,PEO report 2013,current
2013,K,K03,,"Wilfred Ross’ Residence, Calivigny",270,242,1,NDC,115,PEO report 2013,current
2013,K,K03,,"Wilfred Ross’ Residence, Calivigny",270,242,1,MIC,0,PEO report 2013,current
2013,K,K03,,"Wilfred Ross’ Residence, Calivigny",270,242,1,NUF,4,PEO report 2013,current
2013,K,K04,a,St. Paul’s Anglican Pre-School,365,313,0,NNP,159,PEO report 2013,current
2013,K,K04,a,St. Paul’s Anglican Pre-School,365,313,0,NDC,150,PEO report 2013,current
2013,K,K04,a,St. Paul’s Anglican Pre-School,365,313,0,MIC,0,PEO report 2013,current
2013,K,K04,a,St. Paul’s Anglican Pre-School,365,313,0,NUF,4,PEO report 2013,current
2013,K,K04,b,St. Paul’s Anglican Church,336,286,1,NNP,155,PEO report 2013,current
2013,K,K04,b,St. Paul’s Anglican Church,336,286,1,NDC,126,PEO report 2013,current
2013,K,K04,b,St. Paul’s Anglican Church,336,286,1,MIC,0,PEO report 2013,current
2013,K,K04,b,St. Paul’s Anglican Church,336,286,1,NUF,4,PEO report 2013,current
2013,K,K05,,"Mrs. James Shop & Bar, The Green, St. Paul’s",268,232,0,NNP,127,PEO report 2013,current
2013,K,K05,,"Mrs. James Shop & Bar, The Green, St. Paul’s",268,232,0,NDC,99,PEO report 2013,current
2013,K,K05,,"Mrs. James Shop & Bar, The Green, St. Paul’s",268,232,0,MIC,1,PEO report 2013,current
2013,K,K05,,"Mrs. James Shop & Bar, The Green, St. Paul’s",268,232,0,NUF,5,PEO report 2013,current
2013,K,K06,,"Mr. Stephen Gellineau’s Shop, Hope Vale",167,145,0,NNP,68,PEO report 2013,current
2013,K,K06,,"Mr. Stephen Gellineau’s Shop, Hope Vale",167,145,0,NDC,74,PEO report 2013,current
2013,K,K06,,"Mr. Stephen Gellineau’s Shop, Hope Vale",167,145,0,MIC,0,PEO report 2013,current
2013,K,K06,,"Mr. Stephen Gellineau’s Shop, Hope Vale",167,145,0,NUF,3,PEO report 2013,current
2013,K,K07,a,La Borie Community Centre,258,225,0,NNP,126,PEO report 2013,current
2013,K,K07,a,La Borie Community Centre,258,225,0,NDC,97,PEO report 2013,current
2013,K,K07,a,La Borie Community Centre,258,225,0,MIC,0,PEO report 2013,current
2013,K,K07,a,La Borie Community Centre,258,225,0,NUF,2,PEO report 2013,current
2013,K,K07,b,La Borie Community Centre,265,243,1,NNP,162,PEO report 2013,current
2013,K,K07,b,La Borie Community Centre,265,243,1,NDC,80,PEO report 2013,current
2013,K,K07,b,La Borie Community Centre,265,243,1,MIC,0,PEO report 2013,current
2013,K,K07,b,La Borie Community Centre,265,243,1,NUF,0,PEO report 2013,current
2013,K,K07,c,La Borie Community Centre,257,234,1,NNP,154,PEO report 2013,current
2013,K,K07,c,La Borie Community Centre,257,234,1,NDC,73,PEO report 2013,current
2013,K,K07,c,La Borie Community Centre,257,234,1,MIC,0,PEO report 2013,current
2013,K,K07,c,La Borie Community Centre,257,234,1,NUF,6,PEO report 2013,current
2013,K,K08,a,Marian Multipurpose Centre,363,318,1,NNP,194,PEO report 2013,current
2013,K,K08,a,Marian Multipurpose Centre,363,318,1,NDC,116,PEO report 2013,current
2013,K,K08,a,Marian Multipurpose Centre,363,318,1,MIC,0,PEO report 2013,current
2013,K,K08,a,Marian Multipurpose Centre,363,318,1,NUF,7,PEO report 2013,current
2013,K,K08,b,Marian Multipurpose Centre,260,230,0,NNP,131,PEO report 2013,current
2013,K,K08,b,Marian Multipurpose Centre,260,230,0,NDC,96,PEO report 2013,current
2013,K,K08,b,Marian Multipurpose Centre,260,230,0,MIC,0,PEO report 2013,current
2013,K,K08,b,Marian Multipurpose Centre,260,230,0,NUF,3,PEO report 2013,current
2013,K,K09,,"NADMA Building, Richmond Hill",247,223,0,NNP,106,PEO report 2013,current
2013,K,K09,,"NADMA Building, Richmond Hill",247,223,0,NDC,110,PEO report 2013,current
2013,K,K09,,"NADMA Building, Richmond Hill",247,223,0,MIC,0,PEO report 2013,current
2013,K,K09,,"NADMA Building, Richmond Hill",247,223,0,NUF,7,PEO report 2013,current
2013,K,K10,a,Morne Jaloux R.C. School,335,288,0,NNP,169,PEO report 2013,current
2013,K,K10,a,Morne Jaloux R.C. School,335,288,0,NDC,114,PEO report 2013,current
2013,K,K10,a,Morne Jaloux R.C. School,335,288,0,MIC,2,PEO report 2013,current
2013,K,K10,a,Morne Jaloux R.C. School,335,288,0,NUF,3,PEO report 2013,current
2013,K,K10,b,Morne Jaloux R.C. School,283,248,1,NNP,148,PEO report 2013,current
2013,K,K10,b,Morne Jaloux R.C. School,283,248,1,NDC,99,PEO report 2013,current
2013,K,K10,b,Morne Jaloux R.C. School,283,248,1,MIC,0,PEO report 2013,current
2013,K,K10,b,Morne Jaloux R.C. School,283,248,1,NUF,0,PEO report 2013,current
2013,L,L01,a,South St. George Government School,210,183,0,NNP,100,PEO report 2013,current
2013,L,L01,a,South St. George Government School,210,183,0,NDC,81,PEO report 2013,current
2013,L,L01,a,South St. George Government School,210,183,0,NUF,2,PEO report 2013,current
2013,L,L01,b,South St. George Government School,230,194,1,NNP,111,PEO report 2013,current
2013,L,L01,b,South St. George Government School,230,194,1,NDC,79,PEO report 2013,current
2013,L,L01,b,South St. George Government School,230,194,1,NUF,3,PEO report 2013,current
2013,L,L01,c,South St. George Government School,239,208,2,NNP,125,PEO report 2013,current
2013,L,L01,c,South St. George Government School,239,208,2,NDC,77,PEO report 2013,current
2013,L,L01,c,South St. George Government School,239,208,2,NUF,4,PEO report 2013,current
2013,L,L01,d,South St. George Government School,192,164,2,NNP,84,PEO report 2013,current
2013,L,L01,d,South St. George Government School,192,164,2,NDC,76,PEO report 2013,current
2013,L,L01,d,South St. George Government School,192,164,2,NUF,2,PEO report 2013,current
2013,L,L02,,Springs Child Development Centre,293,236,0,NNP,120,PEO report 2013,current
2013,L,L02,,Springs Child Development Centre,293,236,0,NDC,114,PEO report 2013,current
2013,L,L02,,Springs Child Development Centre,293,236,0,NUF,2,PEO report 2013,current
2013,L,L03,a,Woburn Community Centre,216,194,0,NNP,100,PEO report 2013,current
2013,L,L03,a,Woburn Community Centre,216,194,0,NDC,83,PEO report 2013,current
2013,L,L03,a,Woburn Community Centre,216,194,0,NUF,11,PEO report 2013,current
2013,L,L03,b,Woburn Community Centre,193,176,0,NNP,82,PEO report 2013,current
2013,L,L03,b,Woburn Community Centre,193,176,0,NDC,79,PEO report 2013,current
2013,L,L03,b,Woburn Community Centre,193,176,0,NUF,15,PEO report 2013,current
2013,L,L04,a,Woburn Methodist Church and Church,262,226,0,NNP,132,PEO report 2013,current
2013,L,L04,a,Woburn Methodist Church and Church,262,226,0,NDC,90,PEO report 2013,current
2013,L,L04,a,Woburn Methodist Church and Church,262,226,0,NUF,4,PEO report 2013,current
2013,L,L04,b,Woburn Methodist Church and Church,286,246,0,NNP,150,PEO report 2013,current
2013,L,L04,b,Woburn Methodist Church and Church,286,246,0,NDC,94,PEO report 2013,current
2013,L,L04,b,Woburn Methodist Church and Church,286,246,0,NUF,2,PEO report 2013,current
2013,L,L04,c,Woburn Methodist Church and Church Hall,242,214,0,NNP,130,PEO report 2013,current
2013,L,L04,c,Woburn Methodist Church and Church Hall,242,214,0,NDC,80,PEO report 2013,current
2013,L,L04,c,Woburn Methodist Church and Church Hall,242,214,0,NUF,4,PEO report 2013,current
2013,L,L05,a,The Church of Jesus Christ of Latter Day Saints,242,206,0,NNP,115,PEO report 2013,current
2013,L,L05,a,The Church of Jesus Christ of Latter Day Saints,242,206,0,NDC,86,PEO report 2013,current
2013,L,L05,a,The Church of Jesus Christ of Latter Day Saints,242,206,0,NUF,5,PEO report 2013,current
2013,L,L05,b,The Church of Jesus Christ of Latter Day Saints,222,198,0,NNP,99,PEO report 2013,current
2013,L,L05,b,The Church of Jesus Christ of Latter Day Saints,222,198,0,NDC,99,PEO report 2013,current
2013,L,L05,b,The Church of Jesus Christ of Latter Day Saints,222,198,0,NUF,0,PEO report 2013,current
2013,L,L06,a,"School for Special Education , The Limes",350,296,0,NNP,195,PEO report 2013,current
2013,L,L06,a,"School for Special Education , The Limes",350,296,0,NDC,97,PEO report 2013,current
2013,L,L06,a,"School for Special Education , The Limes",350,296,0,NUF,4,PEO report 2013,current
2013,L,L06,b,"School for Special Education , The Limes",239,209,2,NNP,111,PEO report 2013,current
2013,L,L06,b,"School for Special Education , The Limes",239,209,2,NDC,94,PEO report 2013,current
2013,L,L06,b,"School for Special Education , The Limes",239,209,2,NUF,2,PEO report 2013,current
2013,L,L06,c,"School for Special Education , The Limes",287,239,0,NNP,137,PEO report 2013,current
2013,L,L06,c,"School for Special Education , The Limes",287,239,0,NDC,95,PEO report 2013,current
2013,L,L06,c,"School for Special Education , The Limes",287,239,0,NUF,7,PEO report 2013,current
2013,L,L06,d,"School for Special Education , The Limes",247,210,0,NNP,118,PEO report 2013,current
2013,L,L06,d,"School for Special Education , The Limes",247,210,0,NDC,90,PEO report 2013,current
2013,L,L06,d,"School for Special Education , The Limes",247,210,0,NUF,2,PEO report 2013,current
2013,L,L07,a,Sandino Plant,267,225,1,NNP,138,PEO report 2013,current
2013,L,L07,a,Sandino Plant,267,225,1,NDC,81,PEO report 2013,current
2013,L,L07,a,Sandino Plant,267,225,1,NUF,5,PEO report 2013,current
2013,L,L07,b,"Sandino Plant, Lance-Aux-Epines",322,280,1,NNP,180,PEO report 2013,current
2013,L,L07,b,"Sandino Plant, Lance-Aux-Epines",322,280,1,NDC,92,PEO report 2013,current
2013,L,L07,b,"Sandino Plant, Lance-Aux-Epines",322,280,1,NUF,7,PEO report 2013,current
2013,L,L07,c,"Sandino Plant, Lance-Aux-Epines",274,219,1,NNP,146,PEO report 2013,current
2013,L,L07,c,"Sandino Plant, Lance-Aux-Epines",274,219,1,NDC,64,PEO report 2013,current
2013,L,L07,c,"Sandino Plant, Lance-Aux-Epines",274,219,1,NUF,8,PEO report 2013,current
2013,L,L07,d,"Sandino Plant, Lance-Aux-Epines",246,215,2,NNP,142,PEO report 2013,current
2013,L,L07,d,"Sandino Plant, Lance-Aux-Epines",246,215,2,NDC,66,PEO report 2013,current
2013,L,L07,d,"Sandino Plant, Lance-Aux-Epines",246,215,2,NUF,5,PEO report 2013,current
2013,L,L07,e,Sandino Plant,332,278,1,NNP,177,PEO report 2013,current
2013,L,L07,e,Sandino Plant,332,278,1,NDC,92,PEO report 2013,current
2013,L,L07,e,Sandino Plant,332,278,1,NUF,8,PEO report 2013,current
2013,L,L07,f,Sandino Plant,188,161,1,NNP,105,PEO report 2013,current
2013,L,L07,f,Sandino Plant,188,161,1,NDC,53,PEO report 2013,current
2013,L,L07,f,Sandino Plant,188,161,1,NUF,2,PEO report 2013,current
2013,L,L08,a,Calliste Government School,347,293,1,NNP,175,PEO report 2013,current
2013,L,L08,a,Calliste Government School,347,293,1,NDC,112,PEO report 2013,current
2013,L,L08,a,Calliste Government School,347,293,1,NUF,5,PEO report 2013,current
2013,L,L08,b,Calliste Government School,299,253,0,NNP,151,PEO report 2013,current
2013,L,L08,b,Calliste Government School,299,253,0,NDC,100,PEO report 2013,current
2013,L,L08,b,Calliste Government School,299,253,0,NUF,2,PEO report 2013,current
2013,L,L08,c,Calliste Government School,247,205,0,NNP,128,PEO report 2013,current
2013,L,L08,c,Calliste Government School,247,205,0,NDC,74,PEO report 2013,current
2013,L,L08,c,Calliste Government School,247,205,0,NUF,3,PEO report 2013,current
2013,L,L08,d,Calliste Government School,292,251,0,NNP,147,PEO report 2013,current
2013,L,L08,d,Calliste Government School,292,251,0,NDC,102,PEO report 2013,current
2013,L,L08,d,Calliste Government School,292,251,0,NUF,2,PEO report 2013,current
2013,L,L08,e,Calliste Government School,333,292,0,NNP,179,PEO report 2013,current
2013,L,L08,e,Calliste Government School,333,292,0,NDC,107,PEO report 2013,current
2013,L,L08,e,Calliste Government School,333,292,0,NUF,6,PEO report 2013,current
2013,M,M01,a,St. John’s Anglican School,286,258,4,NDC,122,PEO report 2013,current
2013,M,M01,a,St. John’s Anglican School,286,258,4,NNP,131,PEO report 2013,current
2013,M,M01,a,St. John’s Anglican School,286,258,4,GRP,1,PEO report 2013,current
2013,M,M01,b,St. John’s Anglican School,183,163,1,NDC,98,PEO report 2013,current
2013,M,M01,b,St. John’s Anglican School,183,163,1,NNP,64,PEO report 2013,current
2013,M,M01,b,St. John’s Anglican School,183,163,1,GRP,0,PEO report 2013,current
2013,M,M02,a,St. John’s R.C. School - Pre-School Department,321,278,0,NDC,151,PEO report 2013,current
2013,M,M02,a,St. John’s R.C. School - Pre-School Department,321,278,0,NNP,127,PEO report 2013,current
2013,M,M02,a,St. John’s R.C. School - Pre-School Department,321,278,0,GRP,0,PEO report 2013,current
2013,M,M02,b,St. John’s R.C. School - Pre-School Department,304,268,2,NDC,139,PEO report 2013,current
2013,M,M02,b,St. John’s R.C. School - Pre-School Department,304,268,2,NNP,127,PEO report 2013,current
2013,M,M02,b,St. John’s R.C. School - Pre-School Department,304,268,2,GRP,0,PEO report 2013,current
2013,M,M03,a,Gouyave Methodist Church,256,225,0,NDC,100,PEO report 2013,current
2013,M,M03,a,Gouyave Methodist Church,256,225,0,NNP,125,PEO report 2013,current
2013,M,M03,a,Gouyave Methodist Church,256,225,0,GRP,0,PEO report 2013,current
2013,M,M03,b,Gouyave Methodist Church,229,208,0,NDC,102,PEO report 2013,current
2013,M,M03,b,Gouyave Methodist Church,229,208,0,NNP,105,PEO report 2013,current
2013,M,M03,b,Gouyave Methodist Church,229,208,0,GRP,1,PEO report 2013,current
2013,M,M04,a,Grand Roy Government School,285,253,2,NDC,111,PEO report 2013,current
2013,M,M04,a,Grand Roy Government School,285,253,2,NNP,139,PEO report 2013,current
2013,M,M04,a,Grand Roy Government School,285,253,2,GRP,1,PEO report 2013,current
2013,M,M04,b,Grand Roy Government School,259,231,1,NDC,83,PEO report 2013,current
2013,M,M04,b,Grand Roy Government School,259,231,1,NNP,147,PEO report 2013,current
2013,M,M04,b,Grand Roy Government School,259,231,1,GRP,0,PEO report 2013,current
2013,M,M04,c,Grand Roy Government School,258,225,0,NDC,84,PEO report 2013,current
2013,M,M04,c,Grand Roy Government School,258,225,0,NNP,138,PEO report 2013,current
2013,M,M04,c,Grand Roy Government School,258,225,0,GRP,3,PEO report 2013,current
2013,M,M05,a,Concord Government School,328,292,2,NDC,91,PEO report 2013,current
2013,M,M05,a,Concord Government School,328,292,2,NNP,198,PEO report 2013,current
2013,M,M05,a,Concord Government School,328,292,2,GRP,1,PEO report 2013,current
2013,M,M05,b,Concord Government School,365,329,6,NDC,87,PEO report 2013,current
2013,M,M05,b,Concord Government School,365,329,6,NNP,236,PEO report 2013,current
2013,M,M05,b,Concord Government School,365,329,6,GRP,0,PEO report 2013,current
2013,M,M06,,Florida Medical Station,182,157,0,NDC,48,PEO report 2013,current
2013,M,M06,,Florida Medical Station,182,157,0,NNP,109,PEO report 2013,current
2013,M,M06,,Florida Medical Station,182,157,0,GRP,0,PEO report 2013,current
2013,M,M07,a,Cocoa Grove Community Centre,358,311,0,NDC,138,PEO report 2013,current
2013,M,M07,a,Cocoa Grove Community Centre,358,311,0,NNP,173,PEO report 2013,current
2013,M,M07,a,Cocoa Grove Community Centre,358,311,0,GRP,0,PEO report 2013,current
2013,M,M07,b,Cocoa Grove Community Centre,308,254,2,NDC,125,PEO report 2013,current
2013,M,M07,b,Cocoa Grove Community Centre,308,254,2,NNP,127,PEO report 2013,current
2013,M,M07,b,Cocoa Grove Community Centre,308,254,2,GRP,0,PEO report 2013,current
2013,M,M08,a,Mt. Nesbit Community Centre,251,224,0,NDC,105,PEO report 2013,current
2013,M,M08,a,Mt. Nesbit Community Centre,251,224,0,NNP,119,PEO report 2013,current
2013,M,M08,a,Mt. Nesbit Community Centre,251,224,0,GRP,0,PEO report 2013,current
2013,M,M08,b,Mt. Nesbit Community Centre,218,191,0,NDC,103,PEO report 2013,current
2013,M,M08,b,Mt. Nesbit Community Centre,218,191,0,NNP,88,PEO report 2013,current
2013,M,M08,b,Mt. Nesbit Community Centre,218,191,0,GRP,0,PEO report 2013,current
2013,M,M09,,Clozier Community Centre,193,177,1,NDC,59,PEO report 2013,current
2013,M,M09,,Clozier Community Centre,193,177,1,NNP,117,PEO report 2013,current
2013,M,M09,,Clozier Community Centre,193,177,1,GRP,0,PEO report 2013,current
2013,N,N01,,Maran Community Centre,246,216,0,NNP,158,PEO report 2013,current
2013,N,N01,,Maran Community Centre,246,216,0,NDC,58,PEO report 2013,current
2013,N,N02,a,Victoria Pre Primary School,240,216,1,NNP,144,PEO report 2013,current
2013,N,N02,a,Victoria Pre Primary School,240,216,1,NDC,71,PEO report 2013,current
2013,N,N02,b,Victoria Pre Primary School,252,217,1,NNP,145,PEO report 2013,current
2013,N,N02,b,Victoria Pre Primary School,252,217,1,NDC,71,PEO report 2013,current
2013,N,N02,c,Victoria Pre Primary School,237,219,2,NNP,157,PEO report 2013,current
2013,N,N02,c,Victoria Pre Primary School,237,219,2,NDC,60,PEO report 2013,current
2013,N,N03,a,Parliamentary Elections Constituency,282,250,0,NNP,176,PEO report 2013,current
2013,N,N03,a,Parliamentary Elections Constituency,282,250,0,NDC,74,PEO report 2013,current
2013,N,N03,b,Parliamentary Elections Constituency Office,205,181,1,NNP,110,PEO report 2013,current
2013,N,N03,b,Parliamentary Elections Constituency Office,205,181,1,NDC,70,PEO report 2013,current
2013,N,N04,a,St. Mark's Secondary School,283,260,2,NNP,169,PEO report 2013,current
2013,N,N04,a,St. Mark's Secondary School,283,260,2,NDC,89,PEO report 2013,current
2013,N,N04,b,St. Mark's Secondary School,179,156,1,NNP,117,PEO report 2013,current
2013,N,N04,b,St. Mark's Secondary School,179,156,1,NDC,38,PEO report 2013,current
2013,N,N04,c,St. Mark's Secondary School,194,165,0,NNP,108,PEO report 2013,current
2013,N,N04,c,St. Mark's Secondary School,194,165,0,NDC,57,PEO report 2013,current
2013,N,N05,a,"Mrs. De Allie's Residence, Duquesnse",209,187,0,NNP,133,PEO report 2013,current
2013,N,N05,a,"Mrs. De Allie's Residence, Duquesnse",209,187,0,NDC,54,PEO report 2013,current
2013,N,N05,b,"Mrs. De Allie's Residence, Duquesnse",209,186,1,NNP,139,PEO report 2013,current
2013,N,N05,b,"Mrs. De Allie's Residence, Duquesnse",209,186,1,NDC,46,PEO report 2013,current
2013,N,N06,,Samaritan Presbyterian School,294,262,1,NNP,164,PEO report 2013,current
2013,N,N06,,Samaritan Presbyterian School,294,262,1,NDC,97,PEO report 2013,current
2013,P,P01,,Hermitage Government School,335,322,1,NNP,143,PEO report 2013,current
2013,P,P01,,Hermitage Government School,335,322,1,NDC,177,PEO report 2013,current
2013,P,P01,,Hermitage Government School,335,322,1,NUF,1,PEO report 2013,current
2013,P,P01,,Hermitage Government School,335,322,1,PULP,0,PEO report 2013,current
2013,P,P02,,Mt. Rose S.D.A. School,342,308,0,NNP,116,PEO report 2013,current
2013,P,P02,,Mt. Rose S.D.A. School,342,308,0,NDC,187,PEO report 2013,current
2013,P,P02,,Mt. Rose S.D.A. School,342,308,0,NUF,1,PEO report 2013,current
2013,P,P02,,Mt. Rose S.D.A. School,342,308,0,PULP,4,PEO report 2013,current
2013,P,P03,a,River Sallee Government School,289,263,0,NNP,184,PEO report 2013,current
2013,P,P03,a,River Sallee Government School,289,263,0,NDC,76,PEO report 2013,current
2013,P,P03,a,River Sallee Government School,289,263,0,NUF,1,PEO report 2013,current
2013,P,P03,a,River Sallee Government School,289,263,0,PULP,2,PEO report 2013,current
2013,P,P03,b,River Sallee Government School,279,258,2,NNP,180,PEO report 2013,current
2013,P,P03,b,River Sallee Government School,279,258,2,NDC,74,PEO report 2013,current
2013,P,P03,b,River Sallee Government School,279,258,2,NUF,2,PEO report 2013,current
2013,P,P03,b,River Sallee Government School,279,258,2,PULP,0,PEO report 2013,current
2013,P,P03,c,River Sallee Government School,276,246,2,NNP,139,PEO report 2013,current
2013,P,P03,c,River Sallee Government School,276,246,2,NDC,102,PEO report 2013,current
2013,P,P03,c,River Sallee Government School,276,246,2,NUF,3,PEO report 2013,current
2013,P,P03,c,River Sallee Government School,276,246,2,PULP,0,PEO report 2013,current
2013,P,P04,,"Jim Cornwall's Premises, Morne Fendue",298,257,2,NNP,111,PEO report 2013,current
2013,P,P04,,"Jim Cornwall's Premises, Morne Fendue",298,257,2,NDC,143,PEO report 2013,current
2013,P,P04,,"Jim Cornwall's Premises, Morne Fendue",298,257,2,NUF,0,PEO report 2013,current
2013,P,P04,,"Jim Cornwall's Premises, Morne Fendue",298,257,2,PULP,1,PEO report 2013,current
2013,P,P05,a,Rose Hill Pre Primary School,324,291,2,NNP,166,PEO report 2013,current
2013,P,P05,a,Rose Hill Pre Primary School,324,291,2,NDC,119,PEO report 2013,current
2013,P,P05,a,Rose Hill Pre Primary School,324,291,2,NUF,4,PEO report 2013,current
2013,P,P05,a,Rose Hill Pre Primary School,324,291,2,PULP,0,PEO report 2013,current
2013,P,P05,b,Rose Hill Pre Primary School,306,276,1,NNP,146,PEO report 2013,current
2013,P,P05,b,Rose Hill Pre Primary School,306,276,1,NDC,126,PEO report 2013,current
2013,P,P05,b,Rose Hill Pre Primary School,306,276,1,NUF,1,PEO report 2013,current
2013,P,P05,b,Rose Hill Pre Primary School,306,276,1,PULP,2,PEO report 2013,current
2013,P,P06,a,St. Patrick’s Anglican School,295,259,4,NNP,102,PEO report 2013,current
2013,P,P06,a,St. Patrick’s Anglican School,295,259,4,NDC,150,PEO report 2013,current
2013,P,P06,a,St. Patrick’s Anglican School,295,259,4,NUF,1,PEO report 2013,current
2013,P,P06,a,St. Patrick’s Anglican School,295,259,4,PULP,2,PEO report 2013,current
2013,P,P06,b,St. Patrick’s Anglican School,267,242,1,NNP,118,PEO report 2013,current
2013,P,P06,b,St. Patrick’s Anglican School,267,242,1,NDC,123,PEO report 2013,current
2013,P,P06,b,St. Patrick’s Anglican School,267,242,1,NUF,0,PEO report 2013,current
2013,P,P06,b,St. Patrick’s Anglican School,267,242,1,PULP,0,PEO report 2013,current
2013,R,R01,,Hermitage Medical Station,421,393,0,NNP,215,PEO report 2013,current
2013,R,R01,,Hermitage Medical Station,421,393,0,NDC,178,PEO report 2013,current
2013,R,R02,a,Mt. Rich Pre School,205,190,0,NNP,90,PEO report 2013,current
2013,R,R02,a,Mt. Rich Pre School,205,190,0,NDC,100,PEO report 2013,current
2013,R,R02,b,Mt. Rich Pre School,212,198,0,NNP,86,PEO report 2013,current
2013,R,R02,b,Mt. Rich Pre School,212,198,0,NDC,112,PEO report 2013,current
2013,R,R03,a,"TAMCC, Sauteurs",304,276,1,NNP,133,PEO report 2013,current
2013,R,R03,a,"TAMCC, Sauteurs",304,276,1,NDC,142,PEO report 2013,current
2013,R,R03,b,"TAMCC, Sauteurs",306,274,0,NNP,121,PEO report 2013,current
2013,R,R03,b,"TAMCC, Sauteurs",306,274,0,NDC,153,PEO report 2013,current
2013,R,R04,,Sauteurs R. C. School,215,183,1,NNP,62,PEO report 2013,current
2013,R,R04,,Sauteurs R. C. School,215,183,1,NDC,120,PEO report 2013,current
2013,R,R05,a,Mac Donald's College,234,220,0,NNP,137,PEO report 2013,current
2013,R,R05,a,Mac Donald's College,234,220,0,NDC,83,PEO report 2013,current
2013,R,R05,b,Mac Donald's College,208,189,0,NNP,106,PEO report 2013,current
2013,R,R05,b,Mac Donald's College,208,189,0,NDC,83,PEO report 2013,current
2013,R,R06,a,Fond Community Centre,237,204,0,NNP,126,PEO report 2013,current
2013,R,R06,a,Fond Community Centre,237,204,0,NDC,78,PEO report 2013,current
2013,R,R06,b,Fond Community Centre,238,220,1,NNP,130,PEO report 2013,current
2013,R,R06,b,Fond Community Centre,238,220,1,NDC,89,PEO report 2013,current
2013,R,R07,,"Mt. Alexander Pentecostal Church, Prospect",236,215,0,NNP,128,PEO report 2013,current
2013,R,R07,,"Mt. Alexander Pentecostal Church, Prospect",236,215,0,NDC,87,PEO report 2013,current
2013,R,R08,a,Chantimelle R. C. School,266,241,0,NNP,152,PEO report 2013,current
2013,R,R08,a,Chantimelle R. C. School,266,241,0,NDC,89,PEO report 2013,current
2013,R,R08,b,Chantimelle R. C. School,236,216,1,NNP,135,PEO report 2013,current
2013,R,R08,b,Chantimelle R. C. School,236,216,1,NDC,80,PEO report 2013,current
2013,R,R09,,"Presbyterian Church Hall, Union",246,218,0,NNP,118,PEO report 2013,current
2013,R,R09,,"Presbyterian Church Hall, Union",246,218,0,NDC,100,PEO report 2013,current
2018,A,A01,,Windward Medical Station,334,227,0,NDC,86,PEO report 2018,current
2018,A,A01,,Windward Medical Station,334,227,0,NNP,140,PEO report 2018,current
2018,A,A01,,Windward Medical Station,334,227,0,TPP,1,PEO report 2018,current
2018,A,A02,,Bogles Community Centre,328,224,2,NDC,117,PEO report 2018,current
2018,A,A02,,Bogles Community Centre,328,224,2,NNP,98,PEO report 2018,current
2018,A,A02,,Bogles Community Centre,328,224,2,TPP,7,PEO report 2018,current
2018,A,A03,a,Dover Government School,198,144,1,NDC,47,PEO report 2018,current
2018,A,A03,a,Dover Government School,198,144,1,NNP,96,PEO report 2018,current
2018,A,A03,a,Dover Government School,198,144,1,TPP,0,PEO report 2018,current
2018,A,A03,b,Dover Government School,204,147,2,NDC,83,PEO report 2018,current
2018,A,A03,b,Dover Government School,204,147,2,NNP,60,PEO report 2018,current
2018,A,A03,b,Dover Government School,204,147,2,TPP,2,PEO report 2018,current
2018,A,A04,,Mt. Pleasant Government Community Centre,288,200,0,NDC,108,PEO report 2018,current
2018,A,A04,,Mt. Pleasant Government Community Centre,288,200,0,NNP,92,PEO report 2018,current
2018,A,A04,,Mt. Pleasant Government Community Centre,288,200,0,TPP,0,PEO report 2018,current
2018,A,A05,,Top Hill Senior Cotizens Home,328,236,1,NDC,94,PEO report 2018,current
2018,A,A05,,Top Hill Senior Cotizens Home,328,236,1,NNP,141,PEO report 2018,current
2018,A,A05,,Top Hill Senior Cotizens Home,328,236,1,TPP,0,PEO report 2018,current
2018,A,A06,a,Hillsborough Government School,254,186,1,NDC,98,PEO report 2018,current
2018,A,A06,a,Hillsborough Government School,254,186,1,NNP,87,PEO report 2018,current
2018,A,A06,a,Hillsborough Government School,254,186,1,TPP,0,PEO report 2018,current
2018,A,A06,b,Hillsborough Government School,262,188,1,NDC,121,PEO report 2018,current
2018,A,A06,b,Hillsborough Government School,262,188,1,NNP,66,PEO report 2018,current
2018,A,A06,b,Hillsborough Government School,262,188,1,TPP,0,PEO report 2018,current
2018,A,A07,,Hillsborough Police Station,286,205,1,NDC,93,PEO report 2018,current
2018,A,A07,,Hillsborough Police Station,286,205,1,NNP,111,PEO report 2018,current
2018,A,A07,,Hillsborough Police Station,286,205,1,TPP,0,PEO report 2018,current
2018,A,A08,a,"TAMCC Campus, Brunswick",259,181,1,NDC,63,PEO report 2018,current
2018,A,A08,a,"TAMCC Campus, Brunswick",259,181,1,NNP,116,PEO report 2018,current
2018,A,A08,a,"TAMCC Campus, Brunswick",259,181,1,TPP,1,PEO report 2018,current
2018,A,A08,b,"TAMCC Campus, Brunswick",211,147,1,NDC,50,PEO report 2018,current
2018,A,A08,b,"TAMCC Campus, Brunswick",211,147,1,NNP,96,PEO report 2018,current
2018,A,A08,b,"TAMCC Campus, Brunswick",211,147,1,TPP,0,PEO report 2018,current
2018,A,A09,a,L’Esterre R.C. School,371,271,0,NDC,144,PEO report 2018,current
2018,A,A09,a,L’Esterre R.C. School,371,271,0,NNP,126,PEO report 2018,current
2018,A,A09,a,L’Esterre R.C. School,371,271,0,TPP,1,PEO report 2018,current
2018,A,A09,b,L’Esterre R.C. School,369,280,1,NDC,129,PEO report 2018,current
2018,A,A09,b,L’Esterre R.C. School,369,280,1,NNP,149,PEO report 2018,current
2018,A,A09,b,L’Esterre R.C. School,369,280,1,TPP,1,PEO report 2018,current
2018,A,A10,a,Harvey Vale Governmnet School,309,217,1,NDC,116,PEO report 2018,current
2018,A,A10,a,Harvey Vale Governmnet School,309,217,1,NNP,98,PEO report 2018,current
2018,A,A10,a,Harvey Vale Governmnet School,309,217,1,TPP,2,PEO report 2018,current
2018,A,A10,b,Harvey Vale Government School,305,211,1,NDC,94,PEO report 2018,current
2018,A,A10,b,Harvey Vale Government School,305,211,1,NNP,116,PEO report 2018,current
2018,A,A10,b,Harvey Vale Government School,305,211,1,TPP,0,PEO report 2018,current
2018,A,A11,a,Petite Martinique R.C. School,280,204,1,NDC,89,PEO report 2018,current
2018,A,A11,a,Petite Martinique R.C. School,280,204,1,NNP,114,PEO report 2018,current
2018,A,A11,a,Petite Martinique R.C. School,280,204,1,TPP,0,PEO report 2018,current
2018,A,A11,b,Petite Martinique R.C. School,296,220,0,NDC,112,PEO report 2018,current
2018,A,A11,b,Petite Martinique R.C. School,296,220,0,NNP,108,PEO report 2018,current
2018,A,A11,b,Petite Martinique R.C. School,296,220,0,TPP,0,PEO report 2018,current
2018,B,B01,a,St. Andrew’s Anglican Secondary School,376,282,0,NNP,181,PEO report 2018,current
2018,B,B01,a,St. Andrew’s Anglican Secondary School,376,282,0,NDC,101,PEO report 2018,current
2018,B,B01,b,St. Andrew’s Anglican Secondary School,385,301,1,NNP,202,PEO report 2018,current
2018,B,B01,b,St. Andrew’s Anglican Secondary School,385,301,1,NDC,98,PEO report 2018,current
2018,B,B01,c,St. Andrew’s Anglican Secondary School.,380,283,4,NNP,177,PEO report 2018,current
2018,B,B01,c,St. Andrew’s Anglican Secondary School.,380,283,4,NDC,102,PEO report 2018,current
2018,B,B02,a,St. Andrew Anglican Primary School,303,225,3,NNP,133,PEO report 2018,current
2018,B,B02,a,St. Andrew Anglican Primary School,303,225,3,NDC,89,PEO report 2018,current
2018,B,B02,b,St. Andrew Anglican Primary School,248,170,1,NNP,94,PEO report 2018,current
2018,B,B02,b,St. Andrew Anglican Primary School,248,170,1,NDC,75,PEO report 2018,current
2018,B,B03,,"R & J’s Sports Bar, Soubise",324,235,1,NNP,153,PEO report 2018,current
2018,B,B03,,"R & J’s Sports Bar, Soubise",324,235,1,NDC,81,PEO report 2018,current
2018,B,B04,,Post Royal Pre-School,249,190,0,NNP,131,PEO report 2018,current
2018,B,B04,,Post Royal Pre-School,249,190,0,NDC,59,PEO report 2018,current
2018,B,B05,,Marquis Pre-School,374,298,2,NNP,216,PEO report 2018,current
2018,B,B05,,Marquis Pre-School,374,298,2,NDC,80,PEO report 2018,current
2018,B,B06,a,St. Giles Anglican School,276,214,1,NNP,139,PEO report 2018,current
2018,B,B06,a,St. Giles Anglican School,276,214,1,NDC,74,PEO report 2018,current
2018,B,B06,b,St. Giles Anglican School,287,218,6,NNP,138,PEO report 2018,current
2018,B,B06,b,St. Giles Anglican School,287,218,6,NDC,74,PEO report 2018,current
2018,B,B07,a,Grenada Baptist Church,212,150,2,NNP,97,PEO report 2018,current
2018,B,B07,a,Grenada Baptist Church,212,150,2,NDC,51,PEO report 2018,current
2018,B,B07,b,Grenada Baptist Church,218,160,0,NNP,127,PEO report 2018,current
2018,B,B07,b,Grenada Baptist Church,218,160,0,NDC,33,PEO report 2018,current
2018,B,B08,,Crochu R.C. School,216,178,0,NNP,135,PEO report 2018,current
2018,B,B08,,Crochu R.C. School,216,178,0,NDC,43,PEO report 2018,current
2018,B,B09,a,Crochu Skills Training Centre,216,156,0,NNP,104,PEO report 2018,current
2018,B,B09,a,Crochu Skills Training Centre,216,156,0,NDC,52,PEO report 2018,current
2018,B,B09,b,Crochu Skills Training Centre,217,173,0,NNP,115,PEO report 2018,current
2018,B,B09,b,Crochu Skills Training Centre,217,173,0,NDC,58,PEO report 2018,current
2018,B,B10,,"Hansel Japal’s (Down Stairs), Mamma Cannes",253,215,1,NNP,150,PEO report 2018,current
2018,B,B10,,"Hansel Japal’s (Down Stairs), Mamma Cannes",253,215,1,NDC,64,PEO report 2018,current
2018,C,C01,,Munich R.C. School (downstairs),221,154,1,NNP,93,PEO report 2018,current
2018,C,C01,,Munich R.C. School (downstairs),221,154,1,IND,2,PEO report 2018,current
2018,C,C01,,Munich R.C. School (downstairs),221,154,1,NDC,58,PEO report 2018,current
2018,C,C02,,Munich R.C. School (downstairs),70,48,0,NNP,31,PEO report 2018,current
2018,C,C02,,Munich R.C. School (downstairs),70,48,0,IND,0,PEO report 2018,current
2018,C,C02,,Munich R.C. School (downstairs),70,48,0,NDC,17,PEO report 2018,current
2018,C,C03,,Mt. Carmel Medical Station,208,154,1,NNP,74,PEO report 2018,current
2018,C,C03,,Mt. Carmel Medical Station,208,154,1,IND,0,PEO report 2018,current
2018,C,C03,,Mt. Carmel Medical Station,208,154,1,NDC,79,PEO report 2018,current
2018,C,C04,,Walker Church of God,160,125,1,NNP,77,PEO report 2018,current
2018,C,C04,,Walker Church of God,160,125,1,IND,1,PEO report 2018,current
2018,C,C04,,Walker Church of God,160,125,1,NDC,46,PEO report 2018,current
2018,C,C05,,"Mr. Cuthbert Alexis’ Shop, Richmond",238,186,0,NNP,117,PEO report 2018,current
2018,C,C05,,"Mr. Cuthbert Alexis’ Shop, Richmond",238,186,0,IND,0,PEO report 2018,current
2018,C,C05,,"Mr. Cuthbert Alexis’ Shop, Richmond",238,186,0,NDC,69,PEO report 2018,current
2018,C,C06,,Union Community Centre,229,169,1,NNP,110,PEO report 2018,current
2018,C,C06,,Union Community Centre,229,169,1,IND,2,PEO report 2018,current
2018,C,C06,,Union Community Centre,229,169,1,NDC,56,PEO report 2018,current
2018,C,C07,a,"Grenville Pre-Primary School, Cook Hill Road (up",404,315,3,NNP,194,PEO report 2018,current
2018,C,C07,a,"Grenville Pre-Primary School, Cook Hill Road (up",404,315,3,IND,4,PEO report 2018,current
2018,C,C07,a,"Grenville Pre-Primary School, Cook Hill Road (up",404,315,3,NDC,114,PEO report 2018,current
2018,C,C07,b,"Grenville Pre-Primary School, Cook Hill Road (upstairs)",324,237,1,NNP,159,PEO report 2018,current
2018,C,C07,b,"Grenville Pre-Primary School, Cook Hill Road (upstairs)",324,237,1,IND,0,PEO report 2018,current
2018,C,C07,b,"Grenville Pre-Primary School, Cook Hill Road (upstairs)",324,237,1,NDC,77,PEO report 2018,current
2018,C,C08,a,Harford Village Community Centre (upstairs),226,175,0,NNP,86,PEO report 2018,current
2018,C,C08,a,Harford Village Community Centre (upstairs),226,175,0,IND,3,PEO report 2018,current
2018,C,C08,a,Harford Village Community Centre (upstairs),226,175,0,NDC,86,PEO report 2018,current
2018,C,C08,b,Harford Village Community Centre (upstairs),223,157,1,NNP,80,PEO report 2018,current
2018,C,C08,b,Harford Village Community Centre (upstairs),223,157,1,IND,4,PEO report 2018,current
2018,C,C08,b,Harford Village Community Centre (upstairs),223,157,1,NDC,72,PEO report 2018,current
2018,C,C09,a,Grand Bras Health Centre,239,184,0,NNP,92,PEO report 2018,current
2018,C,C09,a,Grand Bras Health Centre,239,184,0,IND,5,PEO report 2018,current
2018,C,C09,a,Grand Bras Health Centre,239,184,0,NDC,87,PEO report 2018,current
2018,C,C09,b,Grand Bras Health Centre,248,167,0,NNP,58,PEO report 2018,current
2018,C,C09,b,Grand Bras Health Centre,248,167,0,IND,0,PEO report 2018,current
2018,C,C09,b,Grand Bras Health Centre,248,167,0,NDC,109,PEO report 2018,current
2018,C,C10,a,Forde Pre-Primary School,233,181,0,NNP,89,PEO report 2018,current
2018,C,C10,a,Forde Pre-Primary School,233,181,0,IND,3,PEO report 2018,current
2018,C,C10,a,Forde Pre-Primary School,233,181,0,NDC,89,PEO report 2018,current
2018,C,C10,b,Forde Pre-Primary School,227,158,2,NNP,64,PEO report 2018,current
2018,C,C10,b,Forde Pre-Primary School,227,158,2,IND,3,PEO report 2018,current
2018,C,C10,b,Forde Pre-Primary School,227,158,2,NDC,89,PEO report 2018,current
2018,C,C11,a,Grenville Secondary School,227,169,0,NNP,98,PEO report 2018,current
2018,C,C11,a,Grenville Secondary School,227,169,0,IND,0,PEO report 2018,current
2018,C,C11,a,Grenville Secondary School,227,169,0,NDC,71,PEO report 2018,current
2018,C,C11,b,Grenville Secondary School,224,157,1,NNP,81,PEO report 2018,current
2018,C,C11,b,Grenville Secondary School,224,157,1,IND,1,PEO report 2018,current
2018,C,C11,b,Grenville Secondary School,224,157,1,NDC,74,PEO report 2018,current
2018,C,C12,,Holy Innocents Anglican School,316,218,0,NNP,119,PEO report 2018,current
2018,C,C12,,Holy Innocents Anglican School,316,218,0,IND,3,PEO report 2018,current
2018,C,C12,,Holy Innocents Anglican School,316,218,0,NDC,96,PEO report 2018,current
2018,C,C13,,St. James Community Centre,372,278,1,NNP,148,PEO report 2018,current
2018,C,C13,,St. James Community Centre,372,278,1,IND,3,PEO report 2018,current
2018,C,C13,,St. James Community Centre,372,278,1,NDC,126,PEO report 2018,current
2018,C,C14,a,Birchgrove Community Centre,218,164,1,NNP,110,PEO report 2018,current
2018,C,C14,a,Birchgrove Community Centre,218,164,1,IND,0,PEO report 2018,current
2018,C,C14,a,Birchgrove Community Centre,218,164,1,NDC,53,PEO report 2018,current
2018,C,C14,b,Birchgrove Community Centre,211,159,0,NNP,98,PEO report 2018,current
2018,C,C14,b,Birchgrove Community Centre,211,159,0,IND,0,PEO report 2018,current
2018,C,C14,b,Birchgrove Community Centre,211,159,0,NDC,61,PEO report 2018,current
2018,D,D01,a,The Orchid Lodge,320,258,2,NDC,100,PEO report 2018,current
2018,D,D01,a,The Orchid Lodge,320,258,2,NNP,156,PEO report 2018,current
2018,D,D01,b,Paradise Pre-Primary School,345,278,1,NDC,85,PEO report 2018,current
2018,D,D01,b,Paradise Pre-Primary School,345,278,1,NNP,192,PEO report 2018,current
2018,D,D01,,[c],331,261,1,NDC,73,PEO report 2018,current
2018,D,D01,,[c],331,261,1,NNP,187,PEO report 2018,current
2018,D,D02,a,Belair Government School,322,250,0,NDC,113,PEO report 2018,current
2018,D,D02,a,Belair Government School,322,250,0,NNP,137,PEO report 2018,current
2018,D,D02,b,Belair Government School,327,247,0,NDC,117,PEO report 2018,current
2018,D,D02,b,Belair Government School,327,247,0,NNP,130,PEO report 2018,current
2018,D,D02,c,Belair Government School,314,254,3,NDC,129,PEO report 2018,current
2018,D,D02,c,Belair Government School,314,254,3,NNP,122,PEO report 2018,current
2018,D,D03,a,Pearls Community Centre,345,278,1,NDC,116,PEO report 2018,current
2018,D,D03,a,Pearls Community Centre,345,278,1,NNP,161,PEO report 2018,current
2018,D,D03,b,Pearls Community Centre,424,362,3,NDC,110,PEO report 2018,current
2018,D,D03,b,Pearls Community Centre,424,362,3,NNP,249,PEO report 2018,current
2018,D,D04,a,Tivoli R.C. School,368,296,1,NDC,139,PEO report 2018,current
2018,D,D04,a,Tivoli R.C. School,368,296,1,NNP,156,PEO report 2018,current
2018,D,D04,b,Tivoli R.C. School,361,279,1,NDC,146,PEO report 2018,current
2018,D,D04,b,Tivoli R.C. School,361,279,1,NNP,132,PEO report 2018,current
2018,D,D04,c,Tivoli R.C. School,357,277,0,NDC,162,PEO report 2018,current
2018,D,D04,c,Tivoli R.C. School,357,277,0,NNP,115,PEO report 2018,current
2018,D,D05,a,La Poterie Community Centre,264,222,1,NDC,58,PEO report 2018,current
2018,D,D05,a,La Poterie Community Centre,264,222,1,NNP,163,PEO report 2018,current
2018,D,D05,b,La Poterie Community Centre,263,210,0,NDC,57,PEO report 2018,current
2018,D,D05,b,La Poterie Community Centre,263,210,0,NNP,153,PEO report 2018,current
2018,D,D06,,Upper St. John Community Centre,357,303,1,NDC,147,PEO report 2018,current
2018,D,D06,,Upper St. John Community Centre,357,303,1,NNP,155,PEO report 2018,current
2018,D,D07,,Paraclete Medical Station,248,216,0,NDC,123,PEO report 2018,current
2018,D,D07,,Paraclete Medical Station,248,216,0,NNP,93,PEO report 2018,current
2018,E,E01,,Paraclete Government School,218,173,0,NDC,47,PEO report 2018,current
2018,E,E01,,Paraclete Government School,218,173,0,NNP,126,PEO report 2018,current
2018,E,E02,a,La Fillette R.C. School,317,259,1,NDC,98,PEO report 2018,current
2018,E,E02,a,La Fillette R.C. School,317,259,1,NNP,160,PEO report 2018,current
2018,E,E02,b,La Fillette R.C. School,317,260,0,NDC,100,PEO report 2018,current
2018,E,E02,b,La Fillette R.C. School,317,260,0,NNP,160,PEO report 2018,current
2018,E,E02,c,La Fillette R.C. School,322,263,1,NDC,118,PEO report 2018,current
2018,E,E02,c,La Fillette R.C. School,322,263,1,NNP,144,PEO report 2018,current
2018,E,E02,d,La Fillette R.C. School,318,262,1,NDC,98,PEO report 2018,current
2018,E,E02,d,La Fillette R.C. School,318,262,1,NNP,163,PEO report 2018,current
2018,E,E03,a,Byelands R. C. School,253,202,0,NDC,93,PEO report 2018,current
2018,E,E03,a,Byelands R. C. School,253,202,0,NNP,109,PEO report 2018,current
2018,E,E03,b,Byelands R. C. School,256,203,0,NDC,90,PEO report 2018,current
2018,E,E03,b,Byelands R. C. School,256,203,0,NNP,113,PEO report 2018,current
2018,E,E04,a,Paradise Medical Station,329,253,0,NDC,113,PEO report 2018,current
2018,E,E04,a,Paradise Medical Station,329,253,0,NNP,140,PEO report 2018,current
2018,E,E04,b,Paradise Medical Station,328,254,1,NDC,129,PEO report 2018,current
2018,E,E04,b,Paradise Medical Station,328,254,1,NNP,124,PEO report 2018,current
2018,E,E05,a,Mirabeau Agricultural Station,312,236,1,NDC,88,PEO report 2018,current
2018,E,E05,a,Mirabeau Agricultural Station,312,236,1,NNP,147,PEO report 2018,current
2018,E,E05,b,Mirabeau Agricultural Station,309,240,0,NDC,109,PEO report 2018,current
2018,E,E05,b,Mirabeau Agricultural Station,309,240,0,NNP,131,PEO report 2018,current
2018,E,E05,c,Mirabeau Agricultural Station,380,297,1,NDC,120,PEO report 2018,current
2018,E,E05,c,Mirabeau Agricultural Station,380,297,1,NNP,176,PEO report 2018,current
2018,E,E06,,"Sio's Bar, Birchgrove",391,315,0,NDC,148,PEO report 2018,current
2018,E,E06,,"Sio's Bar, Birchgrove",391,315,0,NNP,167,PEO report 2018,current
2018,E,E07,,"Paul""s Bakery, Birchgrove",387,314,3,NDC,159,PEO report 2018,current
2018,E,E07,,"Paul""s Bakery, Birchgrove",387,314,3,NNP,152,PEO report 2018,current
2018,F,F01,,Perdmontemps Health Centre,373,275,3,GRP,0,PEO report 2018,current
2018,F,F01,,Perdmontemps Health Centre,373,275,3,NNP,156,PEO report 2018,current
2018,F,F01,,Perdmontemps Health Centre,373,275,3,NDC,114,PEO report 2018,current
2018,F,F01,,Perdmontemps Health Centre,373,275,3,IND,2,PEO report 2018,current
2018,F,F02,a,St. Dominic’s R.C. Church Centre,373,276,0,GRP,0,PEO report 2018,current
2018,F,F02,a,St. Dominic’s R.C. Church Centre,373,276,0,NNP,148,PEO report 2018,current
2018,F,F02,a,St. Dominic’s R.C. Church Centre,373,276,0,NDC,127,PEO report 2018,current
2018,F,F02,a,St. Dominic’s R.C. Church Centre,373,276,0,IND,1,PEO report 2018,current
2018,F,F02,b,St. Dominic’s R.C. Church Centre,382,289,1,GRP,0,PEO report 2018,current
2018,F,F02,b,St. Dominic’s R.C. Church Centre,382,289,1,NNP,168,PEO report 2018,current
2018,F,F02,b,St. Dominic’s R.C. Church Centre,382,289,1,NDC,117,PEO report 2018,current
2018,F,F02,b,St. Dominic’s R.C. Church Centre,382,289,1,IND,3,PEO report 2018,current
2018,F,F03,a,St. Dominic’s R.C. School,221,173,0,GRP,0,PEO report 2018,current
2018,F,F03,a,St. Dominic’s R.C. School,221,173,0,NNP,98,PEO report 2018,current
2018,F,F03,a,St. Dominic’s R.C. School,221,173,0,NDC,75,PEO report 2018,current
2018,F,F03,a,St. Dominic’s R.C. School,221,173,0,IND,0,PEO report 2018,current
2018,F,F03,b,St. Dominic’s R.C. School,215,157,0,GRP,0,PEO report 2018,current
2018,F,F03,b,St. Dominic’s R.C. School,215,157,0,NNP,81,PEO report 2018,current
2018,F,F03,b,St. Dominic’s R.C. School,215,157,0,NDC,76,PEO report 2018,current
2018,F,F03,b,St. Dominic’s R.C. School,215,157,0,IND,0,PEO report 2018,current
2018,F,F04,a,Windsor Forest Pre School,276,220,2,GRP,2,PEO report 2018,current
2018,F,F04,a,Windsor Forest Pre School,276,220,2,NNP,117,PEO report 2018,current
2018,F,F04,a,Windsor Forest Pre School,276,220,2,NDC,97,PEO report 2018,current
2018,F,F04,a,Windsor Forest Pre School,276,220,2,IND,2,PEO report 2018,current
2018,F,F04,b,Windsor Forest Pre School,271,211,1,GRP,0,PEO report 2018,current
2018,F,F04,b,Windsor Forest Pre School,271,211,1,NNP,106,PEO report 2018,current
2018,F,F04,b,Windsor Forest Pre School,271,211,1,NDC,104,PEO report 2018,current
2018,F,F04,b,Windsor Forest Pre School,271,211,1,IND,0,PEO report 2018,current
2018,F,F04,c,Windsor Forest Pre School,272,210,1,GRP,1,PEO report 2018,current
2018,F,F04,c,Windsor Forest Pre School,272,210,1,NNP,103,PEO report 2018,current
2018,F,F04,c,Windsor Forest Pre School,272,210,1,NDC,105,PEO report 2018,current
2018,F,F04,c,Windsor Forest Pre School,272,210,1,IND,0,PEO report 2018,current
2018,F,F05,a,"St. Theresa’s R.C. School, Vincennes",329,253,0,GRP,3,PEO report 2018,current
2018,F,F05,a,"St. Theresa’s R.C. School, Vincennes",329,253,0,NNP,129,PEO report 2018,current
2018,F,F05,a,"St. Theresa’s R.C. School, Vincennes",329,253,0,NDC,120,PEO report 2018,current
2018,F,F05,a,"St. Theresa’s R.C. School, Vincennes",329,253,0,IND,1,PEO report 2018,current
2018,F,F05,b,"St. Theresa’s R.C. School, Vincennes",335,259,0,GRP,1,PEO report 2018,current
2018,F,F05,b,"St. Theresa’s R.C. School, Vincennes",335,259,0,NNP,106,PEO report 2018,current
2018,F,F05,b,"St. Theresa’s R.C. School, Vincennes",335,259,0,NDC,151,PEO report 2018,current
2018,F,F05,b,"St. Theresa’s R.C. School, Vincennes",335,259,0,IND,1,PEO report 2018,current
2018,F,F06,a,Corinth Government School,294,230,0,GRP,0,PEO report 2018,current
2018,F,F06,a,Corinth Government School,294,230,0,NNP,121,PEO report 2018,current
2018,F,F06,a,Corinth Government School,294,230,0,NDC,108,PEO report 2018,current
2018,F,F06,a,Corinth Government School,294,230,0,IND,1,PEO report 2018,current
2018,F,F06,b,Corinth Government School,315,233,1,GRP,0,PEO report 2018,current
2018,F,F06,b,Corinth Government School,315,233,1,NNP,129,PEO report 2018,current
2018,F,F06,b,Corinth Government School,315,233,1,NDC,102,PEO report 2018,current
2018,F,F06,b,Corinth Government School,315,233,1,IND,1,PEO report 2018,current
2018,F,F06,c,Corinth Government School,305,229,0,GRP,0,PEO report 2018,current
2018,F,F06,c,Corinth Government School,305,229,0,NNP,108,PEO report 2018,current
2018,F,F06,c,Corinth Government School,305,229,0,NDC,118,PEO report 2018,current
2018,F,F06,c,Corinth Government School,305,229,0,IND,3,PEO report 2018,current
2018,F,F06,d,Corinth Government School,284,207,0,GRP,0,PEO report 2018,current
2018,F,F06,d,Corinth Government School,284,207,0,NNP,127,PEO report 2018,current
2018,F,F06,d,Corinth Government School,284,207,0,NDC,80,PEO report 2018,current
2018,F,F06,d,Corinth Government School,284,207,0,IND,0,PEO report 2018,current
2018,F,F07,,St. David’s R.C. School,379,286,5,GRP,0,PEO report 2018,current
2018,F,F07,,St. David’s R.C. School,379,286,5,NNP,92,PEO report 2018,current
2018,F,F07,,St. David’s R.C. School,379,286,5,NDC,188,PEO report 2018,current
2018,F,F07,,St. David’s R.C. School,379,286,5,IND,1,PEO report 2018,current
2018,F,F08,a,"Magistrate’s Court, St. David’s",460,341,2,GRP,0,PEO report 2018,current
2018,F,F08,a,"Magistrate’s Court, St. David’s",460,341,2,NNP,172,PEO report 2018,current
2018,F,F08,a,"Magistrate’s Court, St. David’s",460,341,2,NDC,166,PEO report 2018,current
2018,F,F08,a,"Magistrate’s Court, St. David’s",460,341,2,IND,1,PEO report 2018,current
2018,F,F08,b,"Magistrate’s Court, St. David’s",340,229,0,GRP,1,PEO report 2018,current
2018,F,F08,b,"Magistrate’s Court, St. David’s",340,229,0,NNP,111,PEO report 2018,current
2018,F,F08,b,"Magistrate’s Court, St. David’s",340,229,0,NDC,116,PEO report 2018,current
2018,F,F08,b,"Magistrate’s Court, St. David’s",340,229,0,IND,1,PEO report 2018,current
2018,F,F09,a,"Berean Pre-School, Marlmount",248,186,0,GRP,0,PEO report 2018,current
2018,F,F09,a,"Berean Pre-School, Marlmount",248,186,0,NNP,114,PEO report 2018,current
2018,F,F09,a,"Berean Pre-School, Marlmount",248,186,0,NDC,72,PEO report 2018,current
2018,F,F09,a,"Berean Pre-School, Marlmount",248,186,0,IND,0,PEO report 2018,current
2018,F,F09,b,"Berean Pre-School, Marlmount",244,166,1,GRP,0,PEO report 2018,current
2018,F,F09,b,"Berean Pre-School, Marlmount",244,166,1,NNP,110,PEO report 2018,current
2018,F,F09,b,"Berean Pre-School, Marlmount",244,166,1,NDC,54,PEO report 2018,current
2018,F,F09,b,"Berean Pre-School, Marlmount",244,166,1,IND,1,PEO report 2018,current
2018,F,F10,a,Pomme Rose R. C. School,337,246,0,GRP,0,PEO report 2018,current
2018,F,F10,a,Pomme Rose R. C. School,337,246,0,NNP,144,PEO report 2018,current
2018,F,F10,a,Pomme Rose R. C. School,337,246,0,NDC,102,PEO report 2018,current
2018,F,F10,a,Pomme Rose R. C. School,337,246,0,IND,0,PEO report 2018,current
2018,F,F10,b,Pomme Rose R. C. School,349,278,0,GRP,0,PEO report 2018,current
2018,F,F10,b,Pomme Rose R. C. School,349,278,0,NNP,176,PEO report 2018,current
2018,F,F10,b,Pomme Rose R. C. School,349,278,0,NDC,100,PEO report 2018,current
2018,F,F10,b,Pomme Rose R. C. School,349,278,0,IND,2,PEO report 2018,current
2018,F,F11,a,"Melting Pot, La Tante",300,208,0,GRP,0,PEO report 2018,current
2018,F,F11,a,"Melting Pot, La Tante",300,208,0,NNP,112,PEO report 2018,current
2018,F,F11,a,"Melting Pot, La Tante",300,208,0,NDC,95,PEO report 2018,current
2018,F,F11,a,"Melting Pot, La Tante",300,208,0,IND,1,PEO report 2018,current
2018,F,F11,b,"Melting Pot, La Tante",305,209,1,GRP,0,PEO report 2018,current
2018,F,F11,b,"Melting Pot, La Tante",305,209,1,NNP,128,PEO report 2018,current
2018,F,F11,b,"Melting Pot, La Tante",305,209,1,NDC,79,PEO report 2018,current
2018,F,F11,b,"Melting Pot, La Tante",305,209,1,IND,1,PEO report 2018,current
2018,F,F12,a,Westerhall Secondary School,310,224,0,GRP,1,PEO report 2018,current
2018,F,F12,a,Westerhall Secondary School,310,224,0,NNP,108,PEO report 2018,current
2018,F,F12,a,Westerhall Secondary School,310,224,0,NDC,113,PEO report 2018,current
2018,F,F12,a,Westerhall Secondary School,310,224,0,IND,2,PEO report 2018,current
2018,F,F12,b,Westerhall Secondary School,308,220,0,GRP,0,PEO report 2018,current
2018,F,F12,b,Westerhall Secondary School,308,220,0,NNP,97,PEO report 2018,current
2018,F,F12,b,Westerhall Secondary School,308,220,0,NDC,117,PEO report 2018,current
2018,F,F12,b,Westerhall Secondary School,308,220,0,IND,6,PEO report 2018,current
2018,F,F12,c,Westerhall Secondary School,307,213,0,GRP,0,PEO report 2018,current
2018,F,F12,c,Westerhall Secondary School,307,213,0,NNP,115,PEO report 2018,current
2018,F,F12,c,Westerhall Secondary School,307,213,0,NDC,98,PEO report 2018,current
2018,F,F12,c,Westerhall Secondary School,307,213,0,IND,0,PEO report 2018,current
2018,F,F12,d,Westerhall Secondary School,310,212,2,GRP,0,PEO report 2018,current
2018,F,F12,d,Westerhall Secondary School,310,212,2,NNP,106,PEO report 2018,current
2018,F,F12,d,Westerhall Secondary School,310,212,2,NDC,101,PEO report 2018,current
2018,F,F12,d,Westerhall Secondary School,310,212,2,IND,3,PEO report 2018,current
2018,G,G01,,Magistrate’s Court #1,133,84,0,NNP,48,PEO report 2018,current
2018,G,G01,,Magistrate’s Court #1,133,84,0,TLP,0,PEO report 2018,current
2018,G,G01,,Magistrate’s Court #1,133,84,0,NDC,36,PEO report 2018,current
2018,G,G02,a,St. George's Anglican Senior School,235,170,2,NNP,108,PEO report 2018,current
2018,G,G02,a,St. George's Anglican Senior School,235,170,2,TLP,0,PEO report 2018,current
2018,G,G02,a,St. George's Anglican Senior School,235,170,2,NDC,60,PEO report 2018,current
2018,G,G02,b,St. George's Anglican Senior School,233,154,1,NNP,87,PEO report 2018,current
2018,G,G02,b,St. George's Anglican Senior School,233,154,1,TLP,1,PEO report 2018,current
2018,G,G02,b,St. George's Anglican Senior School,233,154,1,NDC,65,PEO report 2018,current
2018,G,G03,a,"National Stadium, River Road End",328,257,0,NNP,174,PEO report 2018,current
2018,G,G03,a,"National Stadium, River Road End",328,257,0,TLP,9,PEO report 2018,current
2018,G,G03,a,"National Stadium, River Road End",328,257,0,NDC,74,PEO report 2018,current
2018,G,G03,b,"National Stadium, River Road End",340,264,4,NNP,191,PEO report 2018,current
2018,G,G03,b,"National Stadium, River Road End",340,264,4,TLP,11,PEO report 2018,current
2018,G,G03,b,"National Stadium, River Road End",340,264,4,NDC,58,PEO report 2018,current
2018,G,G03,c,"National Stadium, River Road End",335,259,0,NNP,180,PEO report 2018,current
2018,G,G03,c,"National Stadium, River Road End",335,259,0,TLP,7,PEO report 2018,current
2018,G,G03,c,"National Stadium, River Road End",335,259,0,NDC,72,PEO report 2018,current
2018,G,G03,d,"National Stadium, River Road End",334,244,0,NNP,178,PEO report 2018,current
2018,G,G03,d,"National Stadium, River Road End",334,244,0,TLP,6,PEO report 2018,current
2018,G,G03,d,"National Stadium, River Road End",334,244,0,NDC,60,PEO report 2018,current
2018,G,G03,e,"National Stadium, River Road End",326,249,0,NNP,185,PEO report 2018,current
2018,G,G03,e,"National Stadium, River Road End",326,249,0,TLP,9,PEO report 2018,current
2018,G,G03,e,"National Stadium, River Road End",326,249,0,NDC,55,PEO report 2018,current
2018,G,G04,,Marryshow House,181,137,1,NNP,95,PEO report 2018,current
2018,G,G04,,Marryshow House,181,137,1,TLP,1,PEO report 2018,current
2018,G,G04,,Marryshow House,181,137,1,NDC,40,PEO report 2018,current
2018,G,G05,,"Parliamentary Elections Office, GUT Building",246,169,1,NNP,93,PEO report 2018,current
2018,G,G05,,"Parliamentary Elections Office, GUT Building",246,169,1,TLP,2,PEO report 2018,current
2018,G,G05,,"Parliamentary Elections Office, GUT Building",246,169,1,NDC,73,PEO report 2018,current
2018,G,G06,,"Berean Christian Academy, Lucas Street",341,210,0,NNP,118,PEO report 2018,current
2018,G,G06,,"Berean Christian Academy, Lucas Street",341,210,0,TLP,0,PEO report 2018,current
2018,G,G06,,"Berean Christian Academy, Lucas Street",341,210,0,NDC,92,PEO report 2018,current
2018,G,G07,,St. George's Anglican Senior School,383,265,0,NNP,158,PEO report 2018,current
2018,G,G07,,St. George's Anglican Senior School,383,265,0,TLP,3,PEO report 2018,current
2018,G,G07,,St. George's Anglican Senior School,383,265,0,NDC,104,PEO report 2018,current
2018,H,H01,,Vendome Community Centre,419,329,1,NDC,160,PEO report 2018,current
2018,H,H01,,Vendome Community Centre,419,329,1,NNP,164,PEO report 2018,current
2018,H,H01,,Vendome Community Centre,419,329,1,GRP,2,PEO report 2018,current
2018,H,H01,,Vendome Community Centre,419,329,1,GEM,0,PEO report 2018,current
2018,H,H01,,Vendome Community Centre,419,329,1,TPP,2,PEO report 2018,current
2018,H,H02,a,New Hampshire Medical Station,398,294,2,NDC,125,PEO report 2018,current
2018,H,H02,a,New Hampshire Medical Station,398,294,2,NNP,164,PEO report 2018,current
2018,H,H02,a,New Hampshire Medical Station,398,294,2,GRP,0,PEO report 2018,current
2018,H,H02,a,New Hampshire Medical Station,398,294,2,GEM,0,PEO report 2018,current
2018,H,H02,a,New Hampshire Medical Station,398,294,2,TPP,3,PEO report 2018,current
2018,H,H02,b,New Hampshire Medical Station,388,291,1,NDC,125,PEO report 2018,current
2018,H,H02,b,New Hampshire Medical Station,388,291,1,NNP,159,PEO report 2018,current
2018,H,H02,b,New Hampshire Medical Station,388,291,1,GRP,0,PEO report 2018,current
2018,H,H02,b,New Hampshire Medical Station,388,291,1,GEM,0,PEO report 2018,current
2018,H,H02,b,New Hampshire Medical Station,388,291,1,TPP,6,PEO report 2018,current
2018,H,H03,,Constantine Methodist School,158,134,0,NDC,46,PEO report 2018,current
2018,H,H03,,Constantine Methodist School,158,134,0,NNP,87,PEO report 2018,current
2018,H,H03,,Constantine Methodist School,158,134,0,GRP,0,PEO report 2018,current
2018,H,H03,,Constantine Methodist School,158,134,0,GEM,0,PEO report 2018,current
2018,H,H03,,Constantine Methodist School,158,134,0,TPP,1,PEO report 2018,current
2018,H,H04,a,Boca Secondary School,328,259,1,NDC,159,PEO report 2018,current
2018,H,H04,a,Boca Secondary School,328,259,1,NNP,96,PEO report 2018,current
2018,H,H04,a,Boca Secondary School,328,259,1,GRP,2,PEO report 2018,current
2018,H,H04,a,Boca Secondary School,328,259,1,GEM,0,PEO report 2018,current
2018,H,H04,a,Boca Secondary School,328,259,1,TPP,1,PEO report 2018,current
2018,H,H04,b,Boca Secondary School,304,226,2,NDC,115,PEO report 2018,current
2018,H,H04,b,Boca Secondary School,304,226,2,NNP,109,PEO report 2018,current
2018,H,H04,b,Boca Secondary School,304,226,2,GRP,0,PEO report 2018,current
2018,H,H04,b,Boca Secondary School,304,226,2,GEM,0,PEO report 2018,current
2018,H,H04,b,Boca Secondary School,304,226,2,TPP,0,PEO report 2018,current
2018,H,H05,a,Beaulieu R.C. School,358,259,1,NDC,117,PEO report 2018,current
2018,H,H05,a,Beaulieu R.C. School,358,259,1,NNP,135,PEO report 2018,current
2018,H,H05,a,Beaulieu R.C. School,358,259,1,GRP,4,PEO report 2018,current
2018,H,H05,a,Beaulieu R.C. School,358,259,1,GEM,0,PEO report 2018,current
2018,H,H05,a,Beaulieu R.C. School,358,259,1,TPP,2,PEO report 2018,current
2018,H,H05,b,Beaulieu R.C. School,350,276,0,NDC,111,PEO report 2018,current
2018,H,H05,b,Beaulieu R.C. School,350,276,0,NNP,163,PEO report 2018,current
2018,H,H05,b,Beaulieu R.C. School,350,276,0,GRP,1,PEO report 2018,current
2018,H,H05,b,Beaulieu R.C. School,350,276,0,GEM,0,PEO report 2018,current
2018,H,H05,b,Beaulieu R.C. School,350,276,0,TPP,1,PEO report 2018,current
2018,H,H05,c,"Beaulieu R.C. School, Pre School Department",374,300,0,NDC,129,PEO report 2018,current
2018,H,H05,c,"Beaulieu R.C. School, Pre School Department",374,300,0,NNP,170,PEO report 2018,current
2018,H,H05,c,"Beaulieu R.C. School, Pre School Department",374,300,0,GRP,0,PEO report 2018,current
2018,H,H05,c,"Beaulieu R.C. School, Pre School Department",374,300,0,GEM,1,PEO report 2018,current
2018,H,H05,c,"Beaulieu R.C. School, Pre School Department",374,300,0,TPP,0,PEO report 2018,current
2018,H,H06,a,"L.A. Purcell's Building, La Mode",317,237,0,NDC,102,PEO report 2018,current
2018,H,H06,a,"L.A. Purcell's Building, La Mode",317,237,0,NNP,135,PEO report 2018,current
2018,H,H06,a,"L.A. Purcell's Building, La Mode",317,237,0,GRP,0,PEO report 2018,current
2018,H,H06,a,"L.A. Purcell's Building, La Mode",317,237,0,GEM,0,PEO report 2018,current
2018,H,H06,a,"L.A. Purcell's Building, La Mode",317,237,0,TPP,0,PEO report 2018,current
2018,H,H06,b,"L.A. Purcell's Building, La Mode",293,208,2,NDC,127,PEO report 2018,current
2018,H,H06,b,"L.A. Purcell's Building, La Mode",293,208,2,NNP,77,PEO report 2018,current
2018,H,H06,b,"L.A. Purcell's Building, La Mode",293,208,2,GRP,1,PEO report 2018,current
2018,H,H06,b,"L.A. Purcell's Building, La Mode",293,208,2,GEM,0,PEO report 2018,current
2018,H,H06,b,"L.A. Purcell's Building, La Mode",293,208,2,TPP,1,PEO report 2018,current
2018,H,H07,a,"St. Mary’s R. C. School, Tempe",385,260,1,NDC,121,PEO report 2018,current
2018,H,H07,a,"St. Mary’s R. C. School, Tempe",385,260,1,NNP,135,PEO report 2018,current
2018,H,H07,a,"St. Mary’s R. C. School, Tempe",385,260,1,GRP,0,PEO report 2018,current
2018,H,H07,a,"St. Mary’s R. C. School, Tempe",385,260,1,GEM,3,PEO report 2018,current
2018,H,H07,a,"St. Mary’s R. C. School, Tempe",385,260,1,TPP,0,PEO report 2018,current
2018,H,H07,b,"St. Mary’s R. C. School, Tempe",374,264,3,NDC,116,PEO report 2018,current
2018,H,H07,b,"St. Mary’s R. C. School, Tempe",374,264,3,NNP,143,PEO report 2018,current
2018,H,H07,b,"St. Mary’s R. C. School, Tempe",374,264,3,GRP,0,PEO report 2018,current
2018,H,H07,b,"St. Mary’s R. C. School, Tempe",374,264,3,GEM,2,PEO report 2018,current
2018,H,H07,b,"St. Mary’s R. C. School, Tempe",374,264,3,TPP,0,PEO report 2018,current
2018,H,H07,c,"St. Mary’s R. C. School, Tempe",390,266,0,NDC,129,PEO report 2018,current
2018,H,H07,c,"St. Mary’s R. C. School, Tempe",390,266,0,NNP,135,PEO report 2018,current
2018,H,H07,c,"St. Mary’s R. C. School, Tempe",390,266,0,GRP,0,PEO report 2018,current
2018,H,H07,c,"St. Mary’s R. C. School, Tempe",390,266,0,GEM,2,PEO report 2018,current
2018,H,H07,c,"St. Mary’s R. C. School, Tempe",390,266,0,TPP,0,PEO report 2018,current
2018,H,H07,d,"St. Mary’s R. C. School, Tempe",457,342,1,NDC,176,PEO report 2018,current
2018,H,H07,d,"St. Mary’s R. C. School, Tempe",457,342,1,NNP,163,PEO report 2018,current
2018,H,H07,d,"St. Mary’s R. C. School, Tempe",457,342,1,GRP,0,PEO report 2018,current
2018,H,H07,d,"St. Mary’s R. C. School, Tempe",457,342,1,GEM,1,PEO report 2018,current
2018,H,H07,d,"St. Mary’s R. C. School, Tempe",457,342,1,TPP,1,PEO report 2018,current
2018,H,H08,a,"Alpha Junior School, Mt. Parnassus",293,205,0,NDC,121,PEO report 2018,current
2018,H,H08,a,"Alpha Junior School, Mt. Parnassus",293,205,0,NNP,84,PEO report 2018,current
2018,H,H08,a,"Alpha Junior School, Mt. Parnassus",293,205,0,GRP,0,PEO report 2018,current
2018,H,H08,a,"Alpha Junior School, Mt. Parnassus",293,205,0,GEM,0,PEO report 2018,current
2018,H,H08,a,"Alpha Junior School, Mt. Parnassus",293,205,0,TPP,0,PEO report 2018,current
2018,H,H08,b,"Alpha Junior School, Mt. Parnassus",298,217,0,NDC,120,PEO report 2018,current
2018,H,H08,b,"Alpha Junior School, Mt. Parnassus",298,217,0,NNP,97,PEO report 2018,current
2018,H,H08,b,"Alpha Junior School, Mt. Parnassus",298,217,0,GRP,0,PEO report 2018,current
2018,H,H08,b,"Alpha Junior School, Mt. Parnassus",298,217,0,GEM,0,PEO report 2018,current
2018,H,H08,b,"Alpha Junior School, Mt. Parnassus",298,217,0,TPP,0,PEO report 2018,current
2018,H,H08,c,"Alpha Junior School, Mt. Parnassus",295,216,0,NDC,115,PEO report 2018,current
2018,H,H08,c,"Alpha Junior School, Mt. Parnassus",295,216,0,NNP,101,PEO report 2018,current
2018,H,H08,c,"Alpha Junior School, Mt. Parnassus",295,216,0,GRP,0,PEO report 2018,current
2018,H,H08,c,"Alpha Junior School, Mt. Parnassus",295,216,0,GEM,0,PEO report 2018,current
2018,H,H08,c,"Alpha Junior School, Mt. Parnassus",295,216,0,TPP,0,PEO report 2018,current
2018,H,H09,a,St. Paul’s Government School,276,196,0,NDC,93,PEO report 2018,current
2018,H,H09,a,St. Paul’s Government School,276,196,0,NNP,100,PEO report 2018,current
2018,H,H09,a,St. Paul’s Government School,276,196,0,GRP,0,PEO report 2018,current
2018,H,H09,a,St. Paul’s Government School,276,196,0,GEM,3,PEO report 2018,current
2018,H,H09,a,St. Paul’s Government School,276,196,0,TPP,0,PEO report 2018,current
2018,H,H09,b,St. Paul’s Government School,291,206,5,NDC,92,PEO report 2018,current
2018,H,H09,b,St. Paul’s Government School,291,206,5,NNP,102,PEO report 2018,current
2018,H,H09,b,St. Paul’s Government School,291,206,5,GRP,1,PEO report 2018,current
2018,H,H09,b,St. Paul’s Government School,291,206,5,GEM,5,PEO report 2018,current
2018,H,H09,b,St. Paul’s Government School,291,206,5,TPP,1,PEO report 2018,current
2018,H,H09,c,St. Paul’s Government School,283,198,0,NDC,95,PEO report 2018,current
2018,H,H09,c,St. Paul’s Government School,283,198,0,NNP,102,PEO report 2018,current
2018,H,H09,c,St. Paul’s Government School,283,198,0,GRP,1,PEO report 2018,current
2018,H,H09,c,St. Paul’s Government School,283,198,0,GEM,0,PEO report 2018,current
2018,H,H09,c,St. Paul’s Government School,283,198,0,TPP,0,PEO report 2018,current
2018,J,J01,a,Fontenoy Community Center,367,254,2,NDC,39,PEO report 2018,current
2018,J,J01,a,Fontenoy Community Center,367,254,2,NNP,213,PEO report 2018,current
2018,J,J01,a,Fontenoy Community Center,367,254,2,GUPM,0,PEO report 2018,current
2018,J,J01,b,Fontenoy Community Centre,366,268,0,NDC,38,PEO report 2018,current
2018,J,J01,b,Fontenoy Community Centre,366,268,0,NNP,230,PEO report 2018,current
2018,J,J01,b,Fontenoy Community Centre,366,268,0,GUPM,0,PEO report 2018,current
2018,J,J02,a,La Qua Building,340,228,0,NDC,27,PEO report 2018,current
2018,J,J02,a,La Qua Building,340,228,0,NNP,199,PEO report 2018,current
2018,J,J02,a,La Qua Building,340,228,0,GUPM,2,PEO report 2018,current
2018,J,J02,b,La Qua Building,332,244,1,NDC,15,PEO report 2018,current
2018,J,J02,b,La Qua Building,332,244,1,NNP,228,PEO report 2018,current
2018,J,J02,b,La Qua Building,332,244,1,GUPM,0,PEO report 2018,current
2018,J,J02,c,La Qua Building,337,237,0,NDC,31,PEO report 2018,current
2018,J,J02,c,La Qua Building,337,237,0,NNP,205,PEO report 2018,current
2018,J,J02,c,La Qua Building,337,237,0,GUPM,1,PEO report 2018,current
2018,J,J03,a,Mt. Moritz Anglican School,225,171,2,NDC,38,PEO report 2018,current
2018,J,J03,a,Mt. Moritz Anglican School,225,171,2,NNP,130,PEO report 2018,current
2018,J,J03,a,Mt. Moritz Anglican School,225,171,2,GUPM,1,PEO report 2018,current
2018,J,J03,b,Mt. Moritz Anglican School,228,174,1,NDC,44,PEO report 2018,current
2018,J,J03,b,Mt. Moritz Anglican School,228,174,1,NNP,129,PEO report 2018,current
2018,J,J03,b,Mt. Moritz Anglican School,228,174,1,GUPM,0,PEO report 2018,current
2018,J,J04,a,Happy Hill R.C. School,361,256,2,NDC,26,PEO report 2018,current
2018,J,J04,a,Happy Hill R.C. School,361,256,2,NNP,228,PEO report 2018,current
2018,J,J04,a,Happy Hill R.C. School,361,256,2,GUPM,0,PEO report 2018,current
2018,J,J04,b,Happy Hill R.C. School,337,244,1,NDC,21,PEO report 2018,current
2018,J,J04,b,Happy Hill R.C. School,337,244,1,NNP,221,PEO report 2018,current
2018,J,J04,b,Happy Hill R.C. School,337,244,1,GUPM,1,PEO report 2018,current
2018,J,J04,c,Happy Hill R.C. School,326,196,0,NDC,8,PEO report 2018,current
2018,J,J04,c,Happy Hill R.C. School,326,196,0,NNP,187,PEO report 2018,current
2018,J,J04,c,Happy Hill R.C. School,326,196,0,GUPM,1,PEO report 2018,current
2018,J,J05,a,Brizan Community Centre,269,200,1,NDC,20,PEO report 2018,current
2018,J,J05,a,Brizan Community Centre,269,200,1,NNP,176,PEO report 2018,current
2018,J,J05,a,Brizan Community Centre,269,200,1,GUPM,3,PEO report 2018,current
2018,J,J05,b,Brizan Community Centre,291,218,2,NDC,12,PEO report 2018,current
2018,J,J05,b,Brizan Community Centre,291,218,2,NNP,204,PEO report 2018,current
2018,J,J05,b,Brizan Community Centre,291,218,2,GUPM,0,PEO report 2018,current
2018,J,J06,,St. Luke’s Anglican Church,81,64,0,NDC,18,PEO report 2018,current
2018,J,J06,,St. Luke’s Anglican Church,81,64,0,NNP,46,PEO report 2018,current
2018,J,J06,,St. Luke’s Anglican Church,81,64,0,GUPM,0,PEO report 2018,current
2018,J,J07,,Willis Community Centre,311,232,1,NDC,75,PEO report 2018,current
2018,J,J07,,Willis Community Centre,311,232,1,NNP,155,PEO report 2018,current
2018,J,J07,,Willis Community Centre,311,232,1,GUPM,1,PEO report 2018,current
2018,K,K01,,Anglican High School,187,129,0,NDC,40,PEO report 2018,current
2018,K,K01,,Anglican High School,187,129,0,NNP,89,PEO report 2018,current
2018,K,K01,,Anglican High School,187,129,0,GRP,0,PEO report 2018,current
2018,K,K01,,Anglican High School,187,129,0,TPP,0,PEO report 2018,current
2018,K,K01,,Anglican High School,187,129,0,GEM,0,PEO report 2018,current
2018,K,K02,,Springs Open Bible Church,362,260,0,NDC,105,PEO report 2018,current
2018,K,K02,,Springs Open Bible Church,362,260,0,NNP,155,PEO report 2018,current
2018,K,K02,,Springs Open Bible Church,362,260,0,GRP,0,PEO report 2018,current
2018,K,K02,,Springs Open Bible Church,362,260,0,TPP,0,PEO report 2018,current
2018,K,K02,,Springs Open Bible Church,362,260,0,GEM,0,PEO report 2018,current
2018,K,K03,,Calivigny Community Center,336,242,1,NDC,125,PEO report 2018,current
2018,K,K03,,Calivigny Community Center,336,242,1,NNP,114,PEO report 2018,current
2018,K,K03,,Calivigny Community Center,336,242,1,GRP,0,PEO report 2018,current
2018,K,K03,,Calivigny Community Center,336,242,1,TPP,2,PEO report 2018,current
2018,K,K03,,Calivigny Community Center,336,242,1,GEM,0,PEO report 2018,current
2018,K,K04,a,St. Paul’s Anglican Pre-School,382,276,0,NDC,134,PEO report 2018,current
2018,K,K04,a,St. Paul’s Anglican Pre-School,382,276,0,NNP,142,PEO report 2018,current
2018,K,K04,a,St. Paul’s Anglican Pre-School,382,276,0,GRP,0,PEO report 2018,current
2018,K,K04,a,St. Paul’s Anglican Pre-School,382,276,0,TPP,0,PEO report 2018,current
2018,K,K04,a,St. Paul’s Anglican Pre-School,382,276,0,GEM,0,PEO report 2018,current
2018,K,K04,b,St. Paul’s Anglican Church,403,291,2,NDC,121,PEO report 2018,current
2018,K,K04,b,St. Paul’s Anglican Church,403,291,2,NNP,165,PEO report 2018,current
2018,K,K04,b,St. Paul’s Anglican Church,403,291,2,GRP,0,PEO report 2018,current
2018,K,K04,b,St. Paul’s Anglican Church,403,291,2,TPP,0,PEO report 2018,current
2018,K,K04,b,St. Paul’s Anglican Church,403,291,2,GEM,3,PEO report 2018,current
2018,K,K05,,Bethel Methodist Church Hall,377,269,0,NDC,114,PEO report 2018,current
2018,K,K05,,Bethel Methodist Church Hall,377,269,0,NNP,153,PEO report 2018,current
2018,K,K05,,Bethel Methodist Church Hall,377,269,0,GRP,0,PEO report 2018,current
2018,K,K05,,Bethel Methodist Church Hall,377,269,0,TPP,0,PEO report 2018,current
2018,K,K05,,Bethel Methodist Church Hall,377,269,0,GEM,2,PEO report 2018,current
2018,K,K06,,"Mr. Stephen Gellineau’s Shop, Hope Vale",198,149,3,NDC,66,PEO report 2018,current
2018,K,K06,,"Mr. Stephen Gellineau’s Shop, Hope Vale",198,149,3,NNP,80,PEO report 2018,current
2018,K,K06,,"Mr. Stephen Gellineau’s Shop, Hope Vale",198,149,3,GRP,0,PEO report 2018,current
2018,K,K06,,"Mr. Stephen Gellineau’s Shop, Hope Vale",198,149,3,TPP,0,PEO report 2018,current
2018,K,K06,,"Mr. Stephen Gellineau’s Shop, Hope Vale",198,149,3,GEM,0,PEO report 2018,current
2018,K,K07,a,La Borie Community Centre,306,227,1,NDC,69,PEO report 2018,current
2018,K,K07,a,La Borie Community Centre,306,227,1,NNP,157,PEO report 2018,current
2018,K,K07,a,La Borie Community Centre,306,227,1,GRP,0,PEO report 2018,current
2018,K,K07,a,La Borie Community Centre,306,227,1,TPP,0,PEO report 2018,current
2018,K,K07,a,La Borie Community Centre,306,227,1,GEM,0,PEO report 2018,current
2018,K,K07,b,La Borie Community Centre,307,240,0,NDC,67,PEO report 2018,current
2018,K,K07,b,La Borie Community Centre,307,240,0,NNP,172,PEO report 2018,current
2018,K,K07,b,La Borie Community Centre,307,240,0,GRP,0,PEO report 2018,current
2018,K,K07,b,La Borie Community Centre,307,240,0,TPP,1,PEO report 2018,current
2018,K,K07,b,La Borie Community Centre,307,240,0,GEM,0,PEO report 2018,current
2018,K,K07,c,La Borie Community Centre,304,228,2,NDC,70,PEO report 2018,current
2018,K,K07,c,La Borie Community Centre,304,228,2,NNP,153,PEO report 2018,current
2018,K,K07,c,La Borie Community Centre,304,228,2,GRP,0,PEO report 2018,current
2018,K,K07,c,La Borie Community Centre,304,228,2,TPP,1,PEO report 2018,current
2018,K,K07,c,La Borie Community Centre,304,228,2,GEM,2,PEO report 2018,current
2018,K,K08,a,Marian Multipurpose Centre,381,270,3,NDC,117,PEO report 2018,current
2018,K,K08,a,Marian Multipurpose Centre,381,270,3,NNP,149,PEO report 2018,current
2018,K,K08,a,Marian Multipurpose Centre,381,270,3,GRP,0,PEO report 2018,current
2018,K,K08,a,Marian Multipurpose Centre,381,270,3,TPP,0,PEO report 2018,current
2018,K,K08,a,Marian Multipurpose Centre,381,270,3,GEM,1,PEO report 2018,current
2018,K,K08,b,Marian Multipurpose Centre,374,276,0,NDC,101,PEO report 2018,current
2018,K,K08,b,Marian Multipurpose Centre,374,276,0,NNP,174,PEO report 2018,current
2018,K,K08,b,Marian Multipurpose Centre,374,276,0,GRP,1,PEO report 2018,current
2018,K,K08,b,Marian Multipurpose Centre,374,276,0,TPP,0,PEO report 2018,current
2018,K,K08,b,Marian Multipurpose Centre,374,276,0,GEM,0,PEO report 2018,current
2018,K,K09,,"NADMA Building, Richmond Hill",302,203,1,NDC,100,PEO report 2018,current
2018,K,K09,,"NADMA Building, Richmond Hill",302,203,1,NNP,100,PEO report 2018,current
2018,K,K09,,"NADMA Building, Richmond Hill",302,203,1,GRP,0,PEO report 2018,current
2018,K,K09,,"NADMA Building, Richmond Hill",302,203,1,TPP,2,PEO report 2018,current
2018,K,K09,,"NADMA Building, Richmond Hill",302,203,1,GEM,0,PEO report 2018,current
2018,K,K10,a,Morne Jaloux R.C. School,367,259,3,NDC,102,PEO report 2018,current
2018,K,K10,a,Morne Jaloux R.C. School,367,259,3,NNP,152,PEO report 2018,current
2018,K,K10,a,Morne Jaloux R.C. School,367,259,3,GRP,1,PEO report 2018,current
2018,K,K10,a,Morne Jaloux R.C. School,367,259,3,TPP,1,PEO report 2018,current
2018,K,K10,a,Morne Jaloux R.C. School,367,259,3,GEM,0,PEO report 2018,current
2018,K,K10,b,Morne Jaloux R.C. School,364,247,0,NDC,99,PEO report 2018,current
2018,K,K10,b,Morne Jaloux R.C. School,364,247,0,NNP,148,PEO report 2018,current
2018,K,K10,b,Morne Jaloux R.C. School,364,247,0,GRP,0,PEO report 2018,current
2018,K,K10,b,Morne Jaloux R.C. School,364,247,0,TPP,0,PEO report 2018,current
2018,K,K10,b,Morne Jaloux R.C. School,364,247,0,GEM,0,PEO report 2018,current
2018,L,L01,a,South St. George Government School,374,262,1,GPM,5,PEO report 2018,current
2018,L,L01,a,South St. George Government School,374,262,1,GRP,0,PEO report 2018,current
2018,L,L01,a,South St. George Government School,374,262,1,NDC,124,PEO report 2018,current
2018,L,L01,a,South St. George Government School,374,262,1,NNP,132,PEO report 2018,current
2018,L,L01,b,South St. George Government School,381,252,0,GPM,4,PEO report 2018,current
2018,L,L01,b,South St. George Government School,381,252,0,GRP,1,PEO report 2018,current
2018,L,L01,b,South St. George Government School,381,252,0,NDC,87,PEO report 2018,current
2018,L,L01,b,South St. George Government School,381,252,0,NNP,160,PEO report 2018,current
2018,L,L01,c,South St. George Government School,376,247,4,GPM,6,PEO report 2018,current
2018,L,L01,c,South St. George Government School,376,247,4,GRP,0,PEO report 2018,current
2018,L,L01,c,South St. George Government School,376,247,4,NDC,114,PEO report 2018,current
2018,L,L01,c,South St. George Government School,376,247,4,NNP,123,PEO report 2018,current
2018,L,L02,,Springs Child Development Centre,382,231,1,GPM,2,PEO report 2018,current
2018,L,L02,,Springs Child Development Centre,382,231,1,GRP,1,PEO report 2018,current
2018,L,L02,,Springs Child Development Centre,382,231,1,NDC,110,PEO report 2018,current
2018,L,L02,,Springs Child Development Centre,382,231,1,NNP,117,PEO report 2018,current
2018,L,L03,a,Woburn Community Centre,281,185,0,GPM,2,PEO report 2018,current
2018,L,L03,a,Woburn Community Centre,281,185,0,GRP,1,PEO report 2018,current
2018,L,L03,a,Woburn Community Centre,281,185,0,NDC,95,PEO report 2018,current
2018,L,L03,a,Woburn Community Centre,281,185,0,NNP,87,PEO report 2018,current
2018,L,L03,b,Woburn Community Centre,280,192,0,GPM,3,PEO report 2018,current
2018,L,L03,b,Woburn Community Centre,280,192,0,GRP,0,PEO report 2018,current
2018,L,L03,b,Woburn Community Centre,280,192,0,NDC,90,PEO report 2018,current
2018,L,L03,b,Woburn Community Centre,280,192,0,NNP,99,PEO report 2018,current
2018,L,L04,a,Woburn Methodist Church and Church Hall,335,226,3,GPM,3,PEO report 2018,current
2018,L,L04,a,Woburn Methodist Church and Church Hall,335,226,3,GRP,0,PEO report 2018,current
2018,L,L04,a,Woburn Methodist Church and Church Hall,335,226,3,NDC,109,PEO report 2018,current
2018,L,L04,a,Woburn Methodist Church and Church Hall,335,226,3,NNP,111,PEO report 2018,current
2018,L,L04,b,Woburn Methodist Church and Church Hall,329,212,1,GPM,1,PEO report 2018,current
2018,L,L04,b,Woburn Methodist Church and Church Hall,329,212,1,GRP,0,PEO report 2018,current
2018,L,L04,b,Woburn Methodist Church and Church Hall,329,212,1,NDC,87,PEO report 2018,current
2018,L,L04,b,Woburn Methodist Church and Church Hall,329,212,1,NNP,123,PEO report 2018,current
2018,L,L04,c,Woburn Methodist Church and Church Hall,336,239,1,GPM,0,PEO report 2018,current
2018,L,L04,c,Woburn Methodist Church and Church Hall,336,239,1,GRP,0,PEO report 2018,current
2018,L,L04,c,Woburn Methodist Church and Church Hall,336,239,1,NDC,93,PEO report 2018,current
2018,L,L04,c,Woburn Methodist Church and Church Hall,336,239,1,NNP,145,PEO report 2018,current
2018,L,L05,a,The Church of Jesus Christ of Latter Day Saints,311,211,1,GPM,0,PEO report 2018,current
2018,L,L05,a,The Church of Jesus Christ of Latter Day Saints,311,211,1,GRP,0,PEO report 2018,current
2018,L,L05,a,The Church of Jesus Christ of Latter Day Saints,311,211,1,NDC,110,PEO report 2018,current
2018,L,L05,a,The Church of Jesus Christ of Latter Day Saints,311,211,1,NNP,100,PEO report 2018,current
2018,L,L05,b,The Church of Jesus Christ of Latter Day Saints,297,207,0,GPM,3,PEO report 2018,current
2018,L,L05,b,The Church of Jesus Christ of Latter Day Saints,297,207,0,GRP,0,PEO report 2018,current
2018,L,L05,b,The Church of Jesus Christ of Latter Day Saints,297,207,0,NDC,108,PEO report 2018,current
2018,L,L05,b,The Church of Jesus Christ of Latter Day Saints,297,207,0,NNP,96,PEO report 2018,current
2018,L,L06,a,"School for Special Education , The Limes",367,251,1,GPM,4,PEO report 2018,current
2018,L,L06,a,"School for Special Education , The Limes",367,251,1,GRP,0,PEO report 2018,current
2018,L,L06,a,"School for Special Education , The Limes",367,251,1,NDC,107,PEO report 2018,current
2018,L,L06,a,"School for Special Education , The Limes",367,251,1,NNP,139,PEO report 2018,current
2018,L,L06,b,"School for Special Education , The Limes",435,311,2,GPM,2,PEO report 2018,current
2018,L,L06,b,"School for Special Education , The Limes",435,311,2,GRP,0,PEO report 2018,current
2018,L,L06,b,"School for Special Education , The Limes",435,311,2,NDC,127,PEO report 2018,current
2018,L,L06,b,"School for Special Education , The Limes",435,311,2,NNP,180,PEO report 2018,current
2018,L,L06,c,"School for Special Education , The Limes",374,240,0,GPM,2,PEO report 2018,current
2018,L,L06,c,"School for Special Education , The Limes",374,240,0,GRP,0,PEO report 2018,current
2018,L,L06,c,"School for Special Education , The Limes",374,240,0,NDC,102,PEO report 2018,current
2018,L,L06,c,"School for Special Education , The Limes",374,240,0,NNP,136,PEO report 2018,current
2018,L,L06,d,"School for Special Education , The Limes",354,224,1,GPM,3,PEO report 2018,current
2018,L,L06,d,"School for Special Education , The Limes",354,224,1,GRP,1,PEO report 2018,current
2018,L,L06,d,"School for Special Education , The Limes",354,224,1,NDC,101,PEO report 2018,current
2018,L,L06,d,"School for Special Education , The Limes",354,224,1,NNP,118,PEO report 2018,current
2018,L,L07,a,Sandino Plant,364,236,2,GPM,4,PEO report 2018,current
2018,L,L07,a,Sandino Plant,364,236,2,GRP,1,PEO report 2018,current
2018,L,L07,a,Sandino Plant,364,236,2,NDC,99,PEO report 2018,current
2018,L,L07,a,Sandino Plant,364,236,2,NNP,130,PEO report 2018,current
2018,L,L07,b,Sandino Plant,364,240,1,GPM,6,PEO report 2018,current
2018,L,L07,b,Sandino Plant,364,240,1,GRP,0,PEO report 2018,current
2018,L,L07,b,Sandino Plant,364,240,1,NDC,82,PEO report 2018,current
2018,L,L07,b,Sandino Plant,364,240,1,NNP,151,PEO report 2018,current
2018,L,L07,c,Sandino Plant,368,234,3,GPM,5,PEO report 2018,current
2018,L,L07,c,Sandino Plant,368,234,3,GRP,0,PEO report 2018,current
2018,L,L07,c,Sandino Plant,368,234,3,NDC,82,PEO report 2018,current
2018,L,L07,c,Sandino Plant,368,234,3,NNP,144,PEO report 2018,current
2018,L,L07,d,Sandino Plant,361,237,2,GPM,6,PEO report 2018,current
2018,L,L07,d,Sandino Plant,361,237,2,GRP,1,PEO report 2018,current
2018,L,L07,d,Sandino Plant,361,237,2,NDC,86,PEO report 2018,current
2018,L,L07,d,Sandino Plant,361,237,2,NNP,142,PEO report 2018,current
2018,L,L07,e,Sandino Plant,366,231,0,GPM,1,PEO report 2018,current
2018,L,L07,e,Sandino Plant,366,231,0,GRP,1,PEO report 2018,current
2018,L,L07,e,Sandino Plant,366,231,0,NDC,82,PEO report 2018,current
2018,L,L07,e,Sandino Plant,366,231,0,NNP,147,PEO report 2018,current
2018,L,L07,f,Sandino Plant,364,248,0,GPM,11,PEO report 2018,current
2018,L,L07,f,Sandino Plant,364,248,0,GRP,0,PEO report 2018,current
2018,L,L07,f,Sandino Plant,364,248,0,NDC,95,PEO report 2018,current
2018,L,L07,f,Sandino Plant,364,248,0,NNP,142,PEO report 2018,current
2018,L,L08,a,Calliste Government School,370,253,2,GPM,0,PEO report 2018,current
2018,L,L08,a,Calliste Government School,370,253,2,GRP,0,PEO report 2018,current
2018,L,L08,a,Calliste Government School,370,253,2,NDC,105,PEO report 2018,current
2018,L,L08,a,Calliste Government School,370,253,2,NNP,146,PEO report 2018,current
2018,L,L08,b,Calliste Government School,328,226,0,GPM,4,PEO report 2018,current
2018,L,L08,b,Calliste Government School,328,226,0,GRP,0,PEO report 2018,current
2018,L,L08,b,Calliste Government School,328,226,0,NDC,94,PEO report 2018,current
2018,L,L08,b,Calliste Government School,328,226,0,NNP,128,PEO report 2018,current
2018,L,L08,c,Calliste Government School,386,263,0,GPM,1,PEO report 2018,current
2018,L,L08,c,Calliste Government School,386,263,0,GRP,0,PEO report 2018,current
2018,L,L08,c,Calliste Government School,386,263,0,NDC,107,PEO report 2018,current
2018,L,L08,c,Calliste Government School,386,263,0,NNP,155,PEO report 2018,current
2018,L,L08,d,Calliste Government School,354,240,0,GPM,4,PEO report 2018,current
2018,L,L08,d,Calliste Government School,354,240,0,GRP,0,PEO report 2018,current
2018,L,L08,d,Calliste Government School,354,240,0,NDC,98,PEO report 2018,current
2018,L,L08,d,Calliste Government School,354,240,0,NNP,138,PEO report 2018,current
2018,L,L08,e,Calliste Government School,342,239,0,GPM,2,PEO report 2018,current
2018,L,L08,e,Calliste Government School,342,239,0,GRP,0,PEO report 2018,current
2018,L,L08,e,Calliste Government School,342,239,0,NDC,99,PEO report 2018,current
2018,L,L08,e,Calliste Government School,342,239,0,NNP,138,PEO report 2018,current
2018,L,L08,f,Calliste Government School,285,197,1,GPM,2,PEO report 2018,current
2018,L,L08,f,Calliste Government School,285,197,1,GRP,0,PEO report 2018,current
2018,L,L08,f,Calliste Government School,285,197,1,NDC,85,PEO report 2018,current
2018,L,L08,f,Calliste Government School,285,197,1,NNP,109,PEO report 2018,current
2018,M,M01,a,St. John’s Anglican School,309,233,0,NNP,124,PEO report 2018,current
2018,M,M01,a,St. John’s Anglican School,309,233,0,NDC,109,PEO report 2018,current
2018,M,M01,b,St. John’s Anglican School,266,196,0,NNP,92,PEO report 2018,current
2018,M,M01,b,St. John’s Anglican School,266,196,0,NDC,104,PEO report 2018,current
2018,M,M02,a,St. John’s R.C. School - Pre-School Department,283,195,2,NNP,111,PEO report 2018,current
2018,M,M02,a,St. John’s R.C. School - Pre-School Department,283,195,2,NDC,82,PEO report 2018,current
2018,M,M02,b,St. John’s R.C. School - Pre-School Department,285,197,1,NNP,99,PEO report 2018,current
2018,M,M02,b,St. John’s R.C. School - Pre-School Department,285,197,1,NDC,97,PEO report 2018,current
2018,M,M02,c,St. John’s R.C. School - Pre-School Department,275,203,5,NNP,103,PEO report 2018,current
2018,M,M02,c,St. John’s R.C. School - Pre-School Department,275,203,5,NDC,95,PEO report 2018,current
2018,M,M03,a,Gouyave Methodist Church,316,239,1,NNP,144,PEO report 2018,current
2018,M,M03,a,Gouyave Methodist Church,316,239,1,NDC,94,PEO report 2018,current
2018,M,M03,b,Gouyave Methodist Church,314,230,0,NNP,131,PEO report 2018,current
2018,M,M03,b,Gouyave Methodist Church,314,230,0,NDC,99,PEO report 2018,current
2018,M,M04,a,Grand Roy Government School,346,253,4,NNP,137,PEO report 2018,current
2018,M,M04,a,Grand Roy Government School,346,253,4,NDC,112,PEO report 2018,current
2018,M,M04,b,Grand Roy Government School,348,257,4,NNP,158,PEO report 2018,current
2018,M,M04,b,Grand Roy Government School,348,257,4,NDC,95,PEO report 2018,current
2018,M,M04,c,Grand Roy Government School,331,232,7,NNP,130,PEO report 2018,current
2018,M,M04,c,Grand Roy Government School,331,232,7,NDC,95,PEO report 2018,current
2018,M,M05,a,Concord Government School,299,219,1,NNP,155,PEO report 2018,current
2018,M,M05,a,Concord Government School,299,219,1,NDC,63,PEO report 2018,current
2018,M,M05,b,Concord Government School,294,230,2,NNP,162,PEO report 2018,current
2018,M,M05,b,Concord Government School,294,230,2,NDC,66,PEO report 2018,current
2018,M,M05,c,Concord Government School,297,208,1,NNP,150,PEO report 2018,current
2018,M,M05,c,Concord Government School,297,208,1,NDC,57,PEO report 2018,current
2018,M,M06,,Florida Medical Station,235,180,3,NNP,126,PEO report 2018,current
2018,M,M06,,Florida Medical Station,235,180,3,NDC,51,PEO report 2018,current
2018,M,M07,a,Cocoa Grove Community Centre,277,202,0,NNP,119,PEO report 2018,current
2018,M,M07,a,Cocoa Grove Community Centre,277,202,0,NDC,83,PEO report 2018,current
2018,M,M07,b,Cocoa Grove Community Centre,292,202,0,NNP,106,PEO report 2018,current
2018,M,M07,b,Cocoa Grove Community Centre,292,202,0,NDC,96,PEO report 2018,current
2018,M,M07,c,Cocoa Grove Community Centre,279,198,2,NNP,96,PEO report 2018,current
2018,M,M07,c,Cocoa Grove Community Centre,279,198,2,NDC,100,PEO report 2018,current
2018,M,M08,a,Mt. Nesbit Community Centre,298,216,1,NNP,120,PEO report 2018,current
2018,M,M08,a,Mt. Nesbit Community Centre,298,216,1,NDC,95,PEO report 2018,current
2018,M,M08,b,Mt. Nesbit Community Centre,295,221,2,NNP,114,PEO report 2018,current
2018,M,M08,b,Mt. Nesbit Community Centre,295,221,2,NDC,105,PEO report 2018,current
2018,M,M09,,Clozier Community Centre,257,200,0,NNP,145,PEO report 2018,current
2018,M,M09,,Clozier Community Centre,257,200,0,NDC,55,PEO report 2018,current
2018,N,N01,,Maran Community Centre,273,197,1,NNP,145,PEO report 2018,current
2018,N,N01,,Maran Community Centre,273,197,1,NDC,51,PEO report 2018,current
2018,N,N02,a,Victoria Pre Primary School,288,198,0,NNP,136,PEO report 2018,current
2018,N,N02,a,Victoria Pre Primary School,288,198,0,NDC,62,PEO report 2018,current
2018,N,N02,b,Victoria Pre Primary School,287,207,3,NNP,136,PEO report 2018,current
2018,N,N02,b,Victoria Pre Primary School,287,207,3,NDC,68,PEO report 2018,current
2018,N,N02,c,Victoria Pre Primary School,285,212,2,NNP,146,PEO report 2018,current
2018,N,N02,c,Victoria Pre Primary School,285,212,2,NDC,64,PEO report 2018,current
2018,N,N03,a,Victoria Hotel,305,217,2,NNP,160,PEO report 2018,current
2018,N,N03,a,Victoria Hotel,305,217,2,NDC,55,PEO report 2018,current
2018,N,N03,b,Victoria Hotel,269,184,0,NNP,114,PEO report 2018,current
2018,N,N03,b,Victoria Hotel,269,184,0,NDC,70,PEO report 2018,current
2018,N,N04,a,St. Mark's Secondary School,253,173,0,NNP,135,PEO report 2018,current
2018,N,N04,a,St. Mark's Secondary School,253,173,0,NDC,38,PEO report 2018,current
2018,N,N04,b,St. Mark's Secondary School,266,182,0,NNP,132,PEO report 2018,current
2018,N,N04,b,St. Mark's Secondary School,266,182,0,NDC,50,PEO report 2018,current
2018,N,N04,c,St. Mark's Secondary School,269,173,2,NNP,130,PEO report 2018,current
2018,N,N04,c,St. Mark's Secondary School,269,173,2,NDC,41,PEO report 2018,current
2018,N,N05,a,"Mrs. De Allie's Residence, Duquesnse",275,196,0,NNP,145,PEO report 2018,current
2018,N,N05,a,"Mrs. De Allie's Residence, Duquesnse",275,196,0,NDC,51,PEO report 2018,current
2018,N,N05,b,"Mrs. De Allie's Residence, Duquesnse",273,189,0,NNP,147,PEO report 2018,current
2018,N,N05,b,"Mrs. De Allie's Residence, Duquesnse",273,189,0,NDC,42,PEO report 2018,current
2018,N,N06,,Samaritan Presbyterian School,339,240,1,NNP,167,PEO report 2018,current
2018,N,N06,,Samaritan Presbyterian School,339,240,1,NDC,72,PEO report 2018,current
2018,P,P01,,Hermitage Government School,380,314,0,NDC,163,PEO report 2018,current
2018,P,P01,,Hermitage Government School,380,314,0,NNP,151,PEO report 2018,current
2018,P,P01,,Hermitage Government School,380,314,0,GRP,0,PEO report 2018,current
2018,P,P02,,Mt. Rose S.D.A. School,418,331,3,NDC,182,PEO report 2018,current
2018,P,P02,,Mt. Rose S.D.A. School,418,331,3,NNP,144,PEO report 2018,current
2018,P,P02,,Mt. Rose S.D.A. School,418,331,3,GRP,2,PEO report 2018,current
2018,P,P03,a,Mt. Rose S.D.A. School,339,260,4,NDC,70,PEO report 2018,current
2018,P,P03,a,Mt. Rose S.D.A. School,339,260,4,NNP,182,PEO report 2018,current
2018,P,P03,a,Mt. Rose S.D.A. School,339,260,4,GRP,4,PEO report 2018,current
2018,P,P03,b,River Sallee Government School,325,269,1,NDC,80,PEO report 2018,current
2018,P,P03,b,River Sallee Government School,325,269,1,NNP,184,PEO report 2018,current
2018,P,P03,b,River Sallee Government School,325,269,1,GRP,4,PEO report 2018,current
2018,P,P03,c,River Sallee Government School,331,252,0,NDC,97,PEO report 2018,current
2018,P,P03,c,River Sallee Government School,331,252,0,NNP,153,PEO report 2018,current
2018,P,P03,c,River Sallee Government School,331,252,0,GRP,2,PEO report 2018,current
2018,P,P04,,"New Testament Church, Morne Fendue",362,253,0,NDC,112,PEO report 2018,current
2018,P,P04,,"New Testament Church, Morne Fendue",362,253,0,NNP,139,PEO report 2018,current
2018,P,P04,,"New Testament Church, Morne Fendue",362,253,0,GRP,2,PEO report 2018,current
2018,P,P05,a,St. Ann's Pre Primary School,393,310,0,NDC,120,PEO report 2018,current
2018,P,P05,a,St. Ann's Pre Primary School,393,310,0,NNP,190,PEO report 2018,current
2018,P,P05,a,St. Ann's Pre Primary School,393,310,0,GRP,0,PEO report 2018,current
2018,P,P05,b,St. Ann's Pre Primary School,385,296,2,NDC,120,PEO report 2018,current
2018,P,P05,b,St. Ann's Pre Primary School,385,296,2,NNP,174,PEO report 2018,current
2018,P,P05,b,St. Ann's Pre Primary School,385,296,2,GRP,0,PEO report 2018,current
2018,P,P06,a,St. Patrick’s Anglican School,357,269,0,NDC,120,PEO report 2018,current
2018,P,P06,a,St. Patrick’s Anglican School,357,269,0,NNP,149,PEO report 2018,current
2018,P,P06,a,St. Patrick’s Anglican School,357,269,0,GRP,0,PEO report 2018,current
2018,P,P06,b,St. Patrick’s Anglican School,319,252,0,NDC,136,PEO report 2018,current
2018,P,P06,b,St. Patrick’s Anglican School,319,252,0,NNP,116,PEO report 2018,current
2018,P,P06,b,St. Patrick’s Anglican School,319,252,0,GRP,0,PEO report 2018,current
2018,R,R01,,Hermitage Medical Station,463,370,1,NDC,140,PEO report 2018,current
2018,R,R01,,Hermitage Medical Station,463,370,1,NNP,229,PEO report 2018,current
2018,R,R02,a,Mt. Rich Pre Primary School,253,205,0,NDC,96,PEO report 2018,current
2018,R,R02,a,Mt. Rich Pre Primary School,253,205,0,NNP,109,PEO report 2018,current
2018,R,R02,b,Mt. Rich Pre Primary School,257,214,2,NDC,94,PEO report 2018,current
2018,R,R02,b,Mt. Rich Pre Primary School,257,214,2,NNP,118,PEO report 2018,current
2018,R,R03,a,"TAMCC, St. Patrick's Campus",372,277,1,NDC,135,PEO report 2018,current
2018,R,R03,a,"TAMCC, St. Patrick's Campus",372,277,1,NNP,141,PEO report 2018,current
2018,R,R03,b,"TAMCC, St. Patrick's Campus",368,257,2,NDC,137,PEO report 2018,current
2018,R,R03,b,"TAMCC, St. Patrick's Campus",368,257,2,NNP,118,PEO report 2018,current
2018,R,R04,,St. Patrick's R. C. School,264,180,0,NDC,105,PEO report 2018,current
2018,R,R04,,St. Patrick's R. C. School,264,180,0,NNP,75,PEO report 2018,current
2018,R,R05,a,Mac Donald College,269,205,0,NDC,74,PEO report 2018,current
2018,R,R05,a,Mac Donald College,269,205,0,NNP,131,PEO report 2018,current
2018,R,R05,b,Mac Donald College,273,200,0,NDC,80,PEO report 2018,current
2018,R,R05,b,Mac Donald College,273,200,0,NNP,120,PEO report 2018,current
2018,R,R06,a,Fond Community Centre,301,238,0,NDC,102,PEO report 2018,current
2018,R,R06,a,Fond Community Centre,301,238,0,NNP,136,PEO report 2018,current
2018,R,R06,b,Fond Community Centre,305,235,4,NDC,104,PEO report 2018,current
2018,R,R06,b,Fond Community Centre,305,235,4,NNP,127,PEO report 2018,current
2018,R,R07,,"Mt. Alexander Pentecostal Church, Prospect",276,214,1,NDC,81,PEO report 2018,current
2018,R,R07,,"Mt. Alexander Pentecostal Church, Prospect",276,214,1,NNP,132,PEO report 2018,current
2018,R,R08,a,Chantimelle R. C. School,317,261,2,NDC,107,PEO report 2018,current
2018,R,R08,a,Chantimelle R. C. School,317,261,2,NNP,152,PEO report 2018,current
2018,R,R08,b,Chantimelle R. C. School,315,250,1,NDC,76,PEO report 2018,current
2018,R,R08,b,Chantimelle R. C. School,315,250,1,NNP,173,PEO report 2018,current
2018,R,R09,,"Presbyterian Church Hall, Samaritan",287,240,0,NDC,111,PEO report 2018,current
2018,R,R09,,"Presbyterian Church Hall, Samaritan",287,240,0,NNP,129,PEO report 2018,current
2022,A,A01,,Windward Medical Station,385,279,1,NDC,129,PEO report 2022,current
2022,A,A01,,Windward Medical Station,385,279,1,NNP,149,PEO report 2022,current
2022,A,A02,,Bogles Community Centre,393,265,0,NDC,154,PEO report 2022,current
2022,A,A02,,Bogles Community Centre,393,265,0,NNP,111,PEO report 2022,current
2022,A,A03,a,Dover Government School,201,140,0,NDC,55,PEO report 2022,current
2022,A,A03,a,Dover Government School,201,140,0,NNP,85,PEO report 2022,current
2022,A,A03,b,Dover Government School,211,153,0,NDC,95,PEO report 2022,current
2022,A,A03,b,Dover Government School,211,153,0,NNP,58,PEO report 2022,current
2022,A,A04,,Mt. Pleasant Government Community Centre,318,206,0,NDC,133,PEO report 2022,current
2022,A,A04,,Mt. Pleasant Government Community Centre,318,206,0,NNP,73,PEO report 2022,current
2022,A,A05,,Top Hill Senior Citizens Home,346,235,1,NDC,115,PEO report 2022,current
2022,A,A05,,Top Hill Senior Citizens Home,346,235,1,NNP,119,PEO report 2022,current
2022,A,A06,a,Hillsborough Government School,273,180,0,NDC,104,PEO report 2022,current
2022,A,A06,a,Hillsborough Government School,273,180,0,NNP,76,PEO report 2022,current
2022,A,A06,b,Hillsborough Government School,273,203,0,NDC,146,PEO report 2022,current
2022,A,A06,b,Hillsborough Government School,273,203,0,NNP,57,PEO report 2022,current
2022,A,A07,,Hillsborough Police,,199,2,NDC,94,PEO report 2022,current
2022,A,A07,,Hillsborough Police,,199,2,NNP,103,PEO report 2022,current
2022,A,A08,a,"TAMCC Campus, Brunswick",218,146,2,NDC,71,PEO report 2022,current
2022,A,A08,a,"TAMCC Campus, Brunswick",218,146,2,NNP,73,PEO report 2022,current
2022,A,A08,b,"TAMCC Campus, Brunswick",282,193,1,NDC,87,PEO report 2022,current
2022,A,A08,b,"TAMCC Campus, Brunswick",282,193,1,NNP,105,PEO report 2022,current
2022,A,A09,a,L’Esterre R.C. School,422,304,1,NDC,168,PEO report 2022,current
2022,A,A09,a,L’Esterre R.C. School,422,304,1,NNP,135,PEO report 2022,current
2022,A,A09,b,L’Esterre R.C. School,431,306,2,NDC,156,PEO report 2022,current
2022,A,A09,b,L’Esterre R.C. School,431,306,2,NNP,148,PEO report 2022,current
2022,A,A10,a,Harvey Vale Government School,395,265,0,NDC,147,PEO report 2022,current
2022,A,A10,a,Harvey Vale Government School,395,265,0,NNP,118,PEO report 2022,current
2022,A,A10,b,Harvey Vale Government School,400,263,2,NDC,107,PEO report 2022,current
2022,A,A10,b,Harvey Vale Government School,400,263,2,NNP,154,PEO report 2022,current
2022,A,A11,a,Petite Martinique R.C. School,335,238,4,NDC,88,PEO report 2022,current
2022,A,A11,a,Petite Martinique R.C. School,335,238,4,NNP,146,PEO report 2022,current
2022,A,A11,b,Petite Martinique R.C. School,268,205,2,NDC,107,PEO report 2022,current
2022,A,A11,b,Petite Martinique R.C. School,268,205,2,NNP,96,PEO report 2022,current
2022,B,B01,a,St. Andrew’s Anglican Secondary School,416,293,1,NDC,146,PEO report 2022,current
2022,B,B01,a,St. Andrew’s Anglican Secondary School,416,293,1,NNP,146,PEO report 2022,current
2022,B,B01,b,St. Andrew’s Anglican Secondary School,405,296,3,NDC,127,PEO report 2022,current
2022,B,B01,b,St. Andrew’s Anglican Secondary School,405,296,3,NNP,166,PEO report 2022,current
2022,B,B01,c,St. Andrew’s Anglican Secondary School,417,272,2,NDC,128,PEO report 2022,current
2022,B,B01,c,St. Andrew’s Anglican Secondary School,417,272,2,NNP,142,PEO report 2022,current
2022,B,B02,a,St. Andrew Anglican Primary School,325,230,5,NDC,117,PEO report 2022,current
2022,B,B02,a,St. Andrew Anglican Primary School,325,230,5,NNP,108,PEO report 2022,current
2022,B,B02,b,St. Andrew Anglican Primary School,276,185,1,NDC,101,PEO report 2022,current
2022,B,B02,b,St. Andrew Anglican Primary School,276,185,1,NNP,83,PEO report 2022,current
2022,B,B03,,"R & J’s Sports Bar, Soubise",341,238,2,NDC,110,PEO report 2022,current
2022,B,B03,,"R & J’s Sports Bar, Soubise",341,238,2,NNP,126,PEO report 2022,current
2022,B,B04,,Post Royal Pre-School,268,187,1,NDC,79,PEO report 2022,current
2022,B,B04,,Post Royal Pre-School,268,187,1,NNP,107,PEO report 2022,current
2022,B,B05,,Marquis Pre-School,427,324,2,NDC,154,PEO report 2022,current
2022,B,B05,,Marquis Pre-School,427,324,2,NNP,168,PEO report 2022,current
2022,B,B06,a,St. Giles Anglican School,313,231,0,NDC,122,PEO report 2022,current
2022,B,B06,a,St. Giles Anglican School,313,231,0,NNP,109,PEO report 2022,current
2022,B,B06,b,St. Giles Anglican School,324,236,0,NDC,125,PEO report 2022,current
2022,B,B06,b,St. Giles Anglican School,324,236,0,NNP,111,PEO report 2022,current
2022,B,B07,a,Grenada Baptist Church,219,154,0,NDC,59,PEO report 2022,current
2022,B,B07,a,Grenada Baptist Church,219,154,0,NNP,95,PEO report 2022,current
2022,B,B07,b,Grenada Baptist Church,226,175,0,NDC,61,PEO report 2022,current
2022,B,B07,b,Grenada Baptist Church,226,175,0,NNP,114,PEO report 2022,current
2022,B,B08,,Crochu R.C. School,232,179,0,NDC,63,PEO report 2022,current
2022,B,B08,,Crochu R.C. School,232,179,0,NNP,116,PEO report 2022,current
2022,B,B09,a,Crochu Skills Training Centre,241,174,2,NDC,93,PEO report 2022,current
2022,B,B09,a,Crochu Skills Training Centre,241,174,2,NNP,79,PEO report 2022,current
2022,B,B09,b,Crochu Skills Training Centre,242,191,0,NDC,95,PEO report 2022,current
2022,B,B09,b,Crochu Skills Training Centre,242,191,0,NNP,96,PEO report 2022,current
2022,B,B10,,"Hansel Japal’s (Down Stairs), Mamma Cannes",256,208,1,NDC,80,PEO report 2022,current
2022,B,B10,,"Hansel Japal’s (Down Stairs), Mamma Cannes",256,208,1,NNP,127,PEO report 2022,current
2022,C,C01,,Munich R.C. School (downstairs),223,135,1,NDC,76,PEO report 2022,current
2022,C,C01,,Munich R.C. School (downstairs),223,135,1,NNP,58,PEO report 2022,current
2022,C,C02,,Munich R.C. School (downstairs),114,83,0,NDC,46,PEO report 2022,current
2022,C,C02,,Munich R.C. School (downstairs),114,83,0,NNP,37,PEO report 2022,current
2022,C,C03,,Mt. Carmel Medical Station,224,171,0,NDC,105,PEO report 2022,current
2022,C,C03,,Mt. Carmel Medical Station,224,171,0,NNP,66,PEO report 2022,current
2022,C,C04,,Walker Church of God,172,141,1,NDC,57,PEO report 2022,current
2022,C,C04,,Walker Church of God,172,141,1,NNP,83,PEO report 2022,current
2022,C,C05,,"Mr. Cuthbert Alexis’ Shop, Richmond",278,206,2,NDC,109,PEO report 2022,current
2022,C,C05,,"Mr. Cuthbert Alexis’ Shop, Richmond",278,206,2,NNP,95,PEO report 2022,current
2022,C,C06,,Union Community Centre,267,187,0,NDC,85,PEO report 2022,current
2022,C,C06,,Union Community Centre,267,187,0,NNP,102,PEO report 2022,current
2022,C,C07,a,"Grenville Pre-Primary School, Cook Hill Road (upstairs)",458,324,0,NDC,173,PEO report 2022,current
2022,C,C07,a,"Grenville Pre-Primary School, Cook Hill Road (upstairs)",458,324,0,NNP,151,PEO report 2022,current
2022,C,C07,b,"Grenville Pre-Primary School, Cook Hill Road (upstairs)",386,280,1,NDC,128,PEO report 2022,current
2022,C,C07,b,"Grenville Pre-Primary School, Cook Hill Road (upstairs)",386,280,1,NNP,151,PEO report 2022,current
2022,C,C08,a,Harford Village Community Centre (upstairs),243,168,0,NDC,109,PEO report 2022,current
2022,C,C08,a,Harford Village Community Centre (upstairs),243,168,0,NNP,59,PEO report 2022,current
2022,C,C08,b,Harford Village Community Centre (upstairs),227,160,2,NDC,97,PEO report 2022,current
2022,C,C08,b,Harford Village Community Centre (upstairs),227,160,2,NNP,61,PEO report 2022,current
2022,C,C09,a,Grand Bras Health Centre,283,203,3,NDC,131,PEO report 2022,current
2022,C,C09,a,Grand Bras Health Centre,283,203,3,NNP,69,PEO report 2022,current
2022,C,C09,b,Grand Bras Health Centre,295,208,0,NDC,160,PEO report 2022,current
2022,C,C09,b,Grand Bras Health Centre,295,208,0,NNP,48,PEO report 2022,current
2022,C,C10,a,Forde Pre-Primary School,262,186,4,NDC,105,PEO report 2022,current
2022,C,C10,a,Forde Pre-Primary School,262,186,4,NNP,77,PEO report 2022,current
2022,C,C10,b,Forde Pre-Primary School,265,188,1,NDC,109,PEO report 2022,current
2022,C,C10,b,Forde Pre-Primary School,265,188,1,NNP,78,PEO report 2022,current
2022,C,C11,a,Grenville Secondary School,242,159,2,NDC,85,PEO report 2022,current
2022,C,C11,a,Grenville Secondary School,242,159,2,NNP,72,PEO report 2022,current
2022,C,C11,b,Grenville Secondary School,249,169,0,NDC,90,PEO report 2022,current
2022,C,C11,b,Grenville Secondary School,249,169,0,NNP,79,PEO report 2022,current
2022,C,C12,,Holy Innocents Anglican School,342,231,0,NDC,123,PEO report 2022,current
2022,C,C12,,Holy Innocents Anglican School,342,231,0,NNP,108,PEO report 2022,current
2022,C,C13,a,St. James Community Centre,196,151,0,NDC,76,PEO report 2022,current
2022,C,C13,a,St. James Community Centre,196,151,0,NNP,75,PEO report 2022,current
2022,C,C13,b,St. James Community Centre,210,167,3,NDC,104,PEO report 2022,current
2022,C,C13,b,St. James Community Centre,210,167,3,NNP,60,PEO report 2022,current
2022,C,C14,a,Birchgrove Community Centre,230,161,2,NDC,75,PEO report 2022,current
2022,C,C14,a,Birchgrove Community Centre,230,161,2,NNP,84,PEO report 2022,current
2022,C,C14,b,Birchgrove Community Centre,238,177,0,NDC,86,PEO report 2022,current
2022,C,C14,b,Birchgrove Community Centre,238,177,0,NNP,91,PEO report 2022,current
2022,D,D01,a,The Orchid Lodge,366,268,0,NNP,148,PEO report 2022,current
2022,D,D01,a,The Orchid Lodge,366,268,0,NDC,120,PEO report 2022,current
2022,D,D01,b,Paradise Pre-Primary School,377,294,0,NNP,187,PEO report 2022,current
2022,D,D01,b,Paradise Pre-Primary School,377,294,0,IFP,1,PEO report 2022,current
2022,D,D01,b,Paradise Pre-Primary School,377,294,0,NDC,106,PEO report 2022,current
2022,D,D01,c,Paradise Pre-Primary School,385,276,1,NNP,168,PEO report 2022,current
2022,D,D01,c,Paradise Pre-Primary School,385,276,1,NDC,107,PEO report 2022,current
2022,D,D02,a,Belair Government School,363,264,1,NNP,141,PEO report 2022,current
2022,D,D02,a,Belair Government School,363,264,1,NDC,122,PEO report 2022,current
2022,D,D02,b,Belair Government School,370,254,1,NNP,120,PEO report 2022,current
2022,D,D02,b,Belair Government School,370,254,1,IFP,1,PEO report 2022,current
2022,D,D02,b,Belair Government School,370,254,1,NDC,132,PEO report 2022,current
2022,D,D02,c,Belair Government School,355,258,0,NNP,107,PEO report 2022,current
2022,D,D02,c,Belair Government School,355,258,0,IFP,3,PEO report 2022,current
2022,D,D02,c,Belair Government School,355,258,0,NDC,148,PEO report 2022,current
2022,D,D03,a,Grenada Christian Academy,389,293,1,NNP,151,PEO report 2022,current
2022,D,D03,a,Grenada Christian Academy,389,293,1,NDC,141,PEO report 2022,current
2022,D,D03,b,Grenada Christian Academy,477,362,0,NNP,224,PEO report 2022,current
2022,D,D03,b,Grenada Christian Academy,477,362,0,IFP,1,PEO report 2022,current
2022,D,D03,b,Grenada Christian Academy,477,362,0,NDC,137,PEO report 2022,current
2022,D,D04,a,Tivoli R.C. School,385,285,1,NNP,140,PEO report 2022,current
2022,D,D04,a,Tivoli R.C. School,385,285,1,IFP,1,PEO report 2022,current
2022,D,D04,a,Tivoli R.C. School,385,285,1,NDC,143,PEO report 2022,current
2022,D,D04,b,Tivoli R.C. School,364,268,0,NNP,118,PEO report 2022,current
2022,D,D04,b,Tivoli R.C. School,364,268,0,IFP,2,PEO report 2022,current
2022,D,D04,b,Tivoli R.C. School,364,268,0,NDC,148,PEO report 2022,current
2022,D,D04,c,Tivoli R.C. School,413,292,1,NNP,144,PEO report 2022,current
2022,D,D04,c,Tivoli R.C. School,413,292,1,NDC,147,PEO report 2022,current
2022,D,D05,a,La Poterie Community Centre,290,230,0,NNP,159,PEO report 2022,current
2022,D,D05,a,La Poterie Community Centre,290,230,0,NDC,71,PEO report 2022,current
2022,D,D05,b,La Poterie Community Centre,302,223,1,NNP,146,PEO report 2022,current
2022,D,D05,b,La Poterie Community Centre,302,223,1,NDC,76,PEO report 2022,current
2022,D,D06,,Upper St. John Community Centre,368,296,0,NNP,151,PEO report 2022,current
2022,D,D06,,Upper St. John Community Centre,368,296,0,IFP,1,PEO report 2022,current
2022,D,D06,,Upper St. John Community Centre,368,296,0,NDC,144,PEO report 2022,current
2022,D,D07,,Paraclete Medical Station,260,208,0,NNP,86,PEO report 2022,current
2022,D,D07,,Paraclete Medical Station,260,208,0,NDC,122,PEO report 2022,current
2022,E,E01,,Paraclete Government School,230,170,1,NNP,112,PEO report 2022,current
2022,E,E01,,Paraclete Government School,230,170,1,NDC,57,PEO report 2022,current
2022,E,E02,a,La Fillette R.C. School,357,287,2,NNP,161,PEO report 2022,current
2022,E,E02,a,La Fillette R.C. School,357,287,2,NDC,124,PEO report 2022,current
2022,E,E02,b,La Fillette R.C. School,354,287,0,NNP,174,PEO report 2022,current
2022,E,E02,b,La Fillette R.C. School,354,287,0,NDC,113,PEO report 2022,current
2022,E,E02,c,La Fillette R.C. School,345,264,1,NNP,139,PEO report 2022,current
2022,E,E02,c,La Fillette R.C. School,345,264,1,NDC,124,PEO report 2022,current
2022,E,E02,d,La Fillette R.C. School,377,284,2,NNP,150,PEO report 2022,current
2022,E,E02,d,La Fillette R.C. School,377,284,2,NDC,132,PEO report 2022,current
2022,E,E03,a,Byelands R. C. School,288,214,0,NNP,108,PEO report 2022,current
2022,E,E03,a,Byelands R. C. School,288,214,0,NDC,106,PEO report 2022,current
2022,E,E03,b,Byelands R. C. School,278,206,0,NNP,100,PEO report 2022,current
2022,E,E03,b,Byelands R. C. School,278,206,0,NDC,106,PEO report 2022,current
2022,E,E04,a,Paradise Medical Station,359,273,2,NNP,118,PEO report 2022,current
2022,E,E04,a,Paradise Medical Station,359,273,2,NDC,153,PEO report 2022,current
2022,E,E04,b,Paradise Medical Station,360,276,1,NNP,119,PEO report 2022,current
2022,E,E04,b,Paradise Medical Station,360,276,1,NDC,156,PEO report 2022,current
2022,E,E05,a,Mirabeau Agricultural Station,348,245,0,NNP,129,PEO report 2022,current
2022,E,E05,a,Mirabeau Agricultural Station,348,245,0,NDC,116,PEO report 2022,current
2022,E,E05,b,Mirabeau Agricultural Station,354,265,1,NNP,143,PEO report 2022,current
2022,E,E05,b,Mirabeau Agricultural Station,354,265,1,NDC,121,PEO report 2022,current
2022,E,E05,c,Mirabeau Agricultural Station,412,298,3,NNP,146,PEO report 2022,current
2022,E,E05,c,Mirabeau Agricultural Station,412,298,3,NDC,149,PEO report 2022,current
2022,E,E06,a,"Sio's Bar, Birchgrove",206,137,1,NNP,70,PEO report 2022,current
2022,E,E06,a,"Sio's Bar, Birchgrove",206,137,1,NDC,66,PEO report 2022,current
2022,E,E06,b,"Sio's Bar,",204,163,1,NNP,86,PEO report 2022,current
2022,E,E06,b,"Sio's Bar,",204,163,1,NDC,76,PEO report 2022,current
2022,E,E07,a,"Paul’s Bakery, Birchgrove Bamboo Bar, Birchgrove",215,166,0,NNP,75,PEO report 2022,current
2022,E,E07,a,"Paul’s Bakery, Birchgrove Bamboo Bar, Birchgrove",215,166,0,NDC,91,PEO report 2022,current
2022,E,E07,b,"Paul’s Bakery, Birchgrove Bamboo Bar, Birchgrove",190,145,0,NNP,68,PEO report 2022,current
2022,E,E07,b,"Paul’s Bakery, Birchgrove Bamboo Bar, Birchgrove",190,145,0,NDC,77,PEO report 2022,current
2022,F,F01,,Communal Credit Union Building Perdmontemps,437,305,1,IFP,0,PEO report 2022,current
2022,F,F01,,Communal Credit Union Building Perdmontemps,437,305,1,NNP,113,PEO report 2022,current
2022,F,F01,,Communal Credit Union Building Perdmontemps,437,305,1,NDC,191,PEO report 2022,current
2022,F,F02,a,St. Dominic’s R.C. Church Centre,508,363,0,IFP,2,PEO report 2022,current
2022,F,F02,a,St. Dominic’s R.C. Church Centre,508,363,0,NNP,137,PEO report 2022,current
2022,F,F02,a,St. Dominic’s R.C. Church Centre,508,363,0,NDC,224,PEO report 2022,current
2022,F,F02,b,St. Dominic’s R.C. Church Centre,489,358,1,IFP,1,PEO report 2022,current
2022,F,F02,b,St. Dominic’s R.C. Church Centre,489,358,1,NNP,125,PEO report 2022,current
2022,F,F02,b,St. Dominic’s R.C. Church Centre,489,358,1,NDC,231,PEO report 2022,current
2022,F,F03,a,St. Dominic’s R.C. School,269,192,0,IFP,0,PEO report 2022,current
2022,F,F03,a,St. Dominic’s R.C. School,269,192,0,NNP,85,PEO report 2022,current
2022,F,F03,a,St. Dominic’s R.C. School,269,192,0,NDC,107,PEO report 2022,current
2022,F,F03,b,St. Dominic’s R.C. School,254,187,0,IFP,0,PEO report 2022,current
2022,F,F03,b,St. Dominic’s R.C. School,254,187,0,NNP,64,PEO report 2022,current
2022,F,F03,b,St. Dominic’s R.C. School,254,187,0,NDC,123,PEO report 2022,current
2022,F,F04,a,"Minorca Pre School, Windsor Forest",323,255,1,IFP,3,PEO report 2022,current
2022,F,F04,a,"Minorca Pre School, Windsor Forest",323,255,1,NNP,97,PEO report 2022,current
2022,F,F04,a,"Minorca Pre School, Windsor Forest",323,255,1,NDC,154,PEO report 2022,current
2022,F,F04,b,"Minorca Pre School, Windsor Forest",320,233,0,IFP,1,PEO report 2022,current
2022,F,F04,b,"Minorca Pre School, Windsor Forest",320,233,0,NNP,92,PEO report 2022,current
2022,F,F04,b,"Minorca Pre School, Windsor Forest",320,233,0,NDC,140,PEO report 2022,current
2022,F,F04,c,"Minorca Pre School, Windsor Forest",326,262,1,IFP,1,PEO report 2022,current
2022,F,F04,c,"Minorca Pre School, Windsor Forest",326,262,1,NNP,101,PEO report 2022,current
2022,F,F04,c,"Minorca Pre School, Windsor Forest",326,262,1,NDC,159,PEO report 2022,current
2022,F,F05,a,"St. Theresa’s R.C. School, Vincennes",379,283,1,IFP,0,PEO report 2022,current
2022,F,F05,a,"St. Theresa’s R.C. School, Vincennes",379,283,1,NNP,110,PEO report 2022,current
2022,F,F05,a,"St. Theresa’s R.C. School, Vincennes",379,283,1,NDC,172,PEO report 2022,current
2022,F,F05,b,"St. Theresa’s R.C. School, Vincennes",369,281,1,IFP,1,PEO report 2022,current
2022,F,F05,b,"St. Theresa’s R.C. School, Vincennes",369,281,1,NNP,92,PEO report 2022,current
2022,F,F05,b,"St. Theresa’s R.C. School, Vincennes",369,281,1,NDC,187,PEO report 2022,current
2022,F,F06,a,Corinth Government School,363,284,2,IFP,0,PEO report 2022,current
2022,F,F06,a,Corinth Government School,363,284,2,NNP,95,PEO report 2022,current
2022,F,F06,a,Corinth Government School,363,284,2,NDC,187,PEO report 2022,current
2022,F,F06,b,Corinth Government School,363,250,0,IFP,0,PEO report 2022,current
2022,F,F06,b,Corinth Government School,363,250,0,NNP,101,PEO report 2022,current
2022,F,F06,b,Corinth Government School,363,250,0,NDC,149,PEO report 2022,current
2022,F,F06,c,Corinth Government School,372,264,0,IFP,1,PEO report 2022,current
2022,F,F06,c,Corinth Government School,372,264,0,NNP,77,PEO report 2022,current
2022,F,F06,c,Corinth Government School,372,264,0,NDC,186,PEO report 2022,current
2022,F,F06,d,Corinth Government School,355,244,0,IFP,0,PEO report 2022,current
2022,F,F06,d,Corinth Government School,355,244,0,NNP,111,PEO report 2022,current
2022,F,F06,d,Corinth Government School,355,244,0,NDC,133,PEO report 2022,current
2022,F,F07,,St. David’s R.C. School,419,292,3,IFP,2,PEO report 2022,current
2022,F,F07,,St. David’s R.C. School,419,292,3,NNP,82,PEO report 2022,current
2022,F,F07,,St. David’s R.C. School,419,292,3,NDC,205,PEO report 2022,current
2022,F,F08,a,"Magistrate’s Court, St. David’s",503,359,2,IFP,0,PEO report 2022,current
2022,F,F08,a,"Magistrate’s Court, St. David’s",503,359,2,NNP,136,PEO report 2022,current
2022,F,F08,a,"Magistrate’s Court, St. David’s",503,359,2,NDC,221,PEO report 2022,current
2022,F,F08,b,"Magistrate’s Court, St. David’s",383,273,0,IFP,1,PEO report 2022,current
2022,F,F08,b,"Magistrate’s Court, St. David’s",383,273,0,NNP,92,PEO report 2022,current
2022,F,F08,b,"Magistrate’s Court, St. David’s",383,273,0,NDC,180,PEO report 2022,current
2022,F,F09,a,"Berean Pre-School, Marlmount",297,207,1,IFP,0,PEO report 2022,current
2022,F,F09,a,"Berean Pre-School, Marlmount",297,207,1,NNP,103,PEO report 2022,current
2022,F,F09,a,"Berean Pre-School, Marlmount",297,207,1,NDC,103,PEO report 2022,current
2022,F,F09,b,"Berean Pre-School, Marlmount",292,211,0,IFP,1,PEO report 2022,current
2022,F,F09,b,"Berean Pre-School, Marlmount",292,211,0,NNP,104,PEO report 2022,current
2022,F,F09,b,"Berean Pre-School, Marlmount",292,211,0,NDC,106,PEO report 2022,current
2022,F,F10,a,Pomme Rose R. C. School,381,280,0,IFP,1,PEO report 2022,current
2022,F,F10,a,Pomme Rose R. C. School,381,280,0,NNP,137,PEO report 2022,current
2022,F,F10,a,Pomme Rose R. C. School,381,280,0,NDC,142,PEO report 2022,current
2022,F,F10,b,Pomme Rose R. C. School,376,302,1,IFP,1,PEO report 2022,current
2022,F,F10,b,Pomme Rose R. C. School,376,302,1,NNP,136,PEO report 2022,current
2022,F,F10,b,Pomme Rose R. C. School,376,302,1,NDC,164,PEO report 2022,current
2022,F,F11,a,"Melting Pot, La Tante",360,244,0,IFP,0,PEO report 2022,current
2022,F,F11,a,"Melting Pot, La Tante",360,244,0,NNP,113,PEO report 2022,current
2022,F,F11,a,"Melting Pot, La Tante",360,244,0,NDC,131,PEO report 2022,current
2022,F,F11,b,"Melting Pot, La Tante",368,256,0,IFP,1,PEO report 2022,current
2022,F,F11,b,"Melting Pot, La Tante",368,256,0,NNP,103,PEO report 2022,current
2022,F,F11,b,"Melting Pot, La Tante",368,256,0,NDC,152,PEO report 2022,current
2022,F,F12,a,Westerhall Secondary School,371,254,0,IFP,0,PEO report 2022,current
2022,F,F12,a,Westerhall Secondary School,371,254,0,NNP,86,PEO report 2022,current
2022,F,F12,a,Westerhall Secondary School,371,254,0,NDC,168,PEO report 2022,current
2022,F,F12,b,Westerhall Secondary School,370,264,0,IFP,0,PEO report 2022,current
2022,F,F12,b,Westerhall Secondary School,370,264,0,NNP,77,PEO report 2022,current
2022,F,F12,b,Westerhall Secondary School,370,264,0,NDC,187,PEO report 2022,current
2022,F,F12,c,Westerhall Secondary School,372,249,0,IFP,1,PEO report 2022,current
2022,F,F12,c,Westerhall Secondary School,372,249,0,NNP,88,PEO report 2022,current
2022,F,F12,c,Westerhall Secondary School,372,249,0,NDC,160,PEO report 2022,current
2022,F,F12,d,Westerhall Secondary School,365,237,0,IFP,0,PEO report 2022,current
2022,F,F12,d,Westerhall Secondary School,365,237,0,NNP,85,PEO report 2022,current
2022,F,F12,d,Westerhall Secondary School,365,237,0,NDC,152,PEO report 2022,current
2022,G,G01,,Magistrate’s Court #1,130,72,0,NNP,34,PEO report 2022,current
2022,G,G01,,Magistrate’s Court #1,130,72,0,NDC,38,PEO report 2022,current
2022,G,G02,a,St. George's Anglican Senior School,254,155,2,NNP,82,PEO report 2022,current
2022,G,G02,a,St. George's Anglican Senior School,254,155,2,NDC,71,PEO report 2022,current
2022,G,G02,b,St. George's Anglican Senior School,249,164,1,NNP,84,PEO report 2022,current
2022,G,G02,b,St. George's Anglican Senior School,249,164,1,NDC,79,PEO report 2022,current
2022,G,G03,a,"National Stadium, River Road End",363,241,0,NNP,150,PEO report 2022,current
2022,G,G03,a,"National Stadium, River Road End",363,241,0,NDC,91,PEO report 2022,current
2022,G,G03,b,"National Stadium, River Road End",384,248,1,NNP,156,PEO report 2022,current
2022,G,G03,b,"National Stadium, River Road End",384,248,1,NDC,91,PEO report 2022,current
2022,G,G03,c,"National Stadium, River Road End",388,268,1,NNP,158,PEO report 2022,current
2022,G,G03,c,"National Stadium, River Road End",388,268,1,NDC,109,PEO report 2022,current
2022,G,G03,d,"National Stadium, River Road End",389,276,1,NNP,150,PEO report 2022,current
2022,G,G03,d,"National Stadium, River Road End",389,276,1,NDC,125,PEO report 2022,current
2022,G,G03,e,"National Stadium, River Road End",385,262,2,NNP,155,PEO report 2022,current
2022,G,G03,e,"National Stadium, River Road End",385,262,2,NDC,105,PEO report 2022,current
2022,G,G04,,Marryshow House,208,139,0,NNP,83,PEO report 2022,current
2022,G,G04,,Marryshow House,208,139,0,NDC,56,PEO report 2022,current
2022,G,G05,,"Norton's Hall, Church Street",252,167,3,NNP,71,PEO report 2022,current
2022,G,G05,,"Norton's Hall, Church Street",252,167,3,NDC,93,PEO report 2022,current
2022,G,G06,,"Berean Christian Academy, Lucas Street",389,216,0,NNP,79,PEO report 2022,current
2022,G,G06,,"Berean Christian Academy, Lucas Street",389,216,0,NDC,137,PEO report 2022,current
2022,G,G07,,"St. George's SDA School, Archibald Avenue",419,254,4,NNP,127,PEO report 2022,current
2022,G,G07,,"St. George's SDA School, Archibald Avenue",419,254,4,NDC,123,PEO report 2022,current
2022,H,H01,a,Vendome R.C. School,219,154,0,GRP,1,PEO report 2022,current
2022,H,H01,a,Vendome R.C. School,219,154,0,NNP,82,PEO report 2022,current
2022,H,H01,a,Vendome R.C. School,219,154,0,NDC,71,PEO report 2022,current
2022,H,H01,b,Vendome R.C. School,220,164,1,GRP,0,PEO report 2022,current
2022,H,H01,b,Vendome R.C. School,220,164,1,NNP,75,PEO report 2022,current
2022,H,H01,b,Vendome R.C. School,220,164,1,NDC,88,PEO report 2022,current
2022,H,H02,a,New Hampshire Medical Station,405,285,1,GRP,1,PEO report 2022,current
2022,H,H02,a,New Hampshire Medical Station,405,285,1,NNP,129,PEO report 2022,current
2022,H,H02,a,New Hampshire Medical Station,405,285,1,NDC,154,PEO report 2022,current
2022,H,H02,b,New Hampshire Medical Station,404,282,2,GRP,3,PEO report 2022,current
2022,H,H02,b,New Hampshire Medical Station,404,282,2,NNP,123,PEO report 2022,current
2022,H,H02,b,New Hampshire Medical Station,404,282,2,NDC,154,PEO report 2022,current
2022,H,H03,,Constantine Methodist School,167,128,1,GRP,1,PEO report 2022,current
2022,H,H03,,Constantine Methodist School,167,128,1,NNP,67,PEO report 2022,current
2022,H,H03,,Constantine Methodist School,167,128,1,NDC,59,PEO report 2022,current
2022,H,H04,a,Boca Secondary School,337,251,0,GRP,1,PEO report 2022,current
2022,H,H04,a,Boca Secondary School,337,251,0,NNP,78,PEO report 2022,current
2022,H,H04,a,Boca Secondary School,337,251,0,NDC,172,PEO report 2022,current
2022,H,H04,b,Boca Secondary School,364,247,0,GRP,3,PEO report 2022,current
2022,H,H04,b,Boca Secondary School,364,247,0,NNP,87,PEO report 2022,current
2022,H,H04,b,Boca Secondary School,364,247,0,NDC,157,PEO report 2022,current
2022,H,H05,a,Beaulieu R.C. School,386,262,3,GRP,1,PEO report 2022,current
2022,H,H05,a,Beaulieu R.C. School,386,262,3,NNP,100,PEO report 2022,current
2022,H,H05,a,Beaulieu R.C. School,386,262,3,NDC,158,PEO report 2022,current
2022,H,H05,b,"Beaulieu R.C. School, Pre School Department",366,279,1,GRP,0,PEO report 2022,current
2022,H,H05,b,"Beaulieu R.C. School, Pre School Department",366,279,1,NNP,127,PEO report 2022,current
2022,H,H05,b,"Beaulieu R.C. School, Pre School Department",366,279,1,NDC,151,PEO report 2022,current
2022,H,H05,c,"Beaulieu R.C. School, Pre School Department",407,286,0,GRP,0,PEO report 2022,current
2022,H,H05,c,"Beaulieu R.C. School, Pre School Department",407,286,0,NNP,121,PEO report 2022,current
2022,H,H05,c,"Beaulieu R.C. School, Pre School Department",407,286,0,NDC,165,PEO report 2022,current
2022,H,H06,a,"L.A. Purcell's Building, La Mode",358,263,1,GRP,0,PEO report 2022,current
2022,H,H06,a,"L.A. Purcell's Building, La Mode",358,263,1,NNP,116,PEO report 2022,current
2022,H,H06,a,"L.A. Purcell's Building, La Mode",358,263,1,NDC,146,PEO report 2022,current
2022,H,H06,b,"L.A. Purcell's Building, La Mode",344,232,0,GRP,0,PEO report 2022,current
2022,H,H06,b,"L.A. Purcell's Building, La Mode",344,232,0,NNP,63,PEO report 2022,current
2022,H,H06,b,"L.A. Purcell's Building, La Mode",344,232,0,NDC,169,PEO report 2022,current
2022,H,H07,a,"St. Mary’s R. C. School, Tempe",338,222,2,GRP,0,PEO report 2022,current
2022,H,H07,a,"St. Mary’s R. C. School, Tempe",338,222,2,NNP,94,PEO report 2022,current
2022,H,H07,a,"St. Mary’s R. C. School, Tempe",338,222,2,NDC,126,PEO report 2022,current
2022,H,H07,b,"St. Mary’s R. C. School, Tempe",359,222,2,GRP,0,PEO report 2022,current
2022,H,H07,b,"St. Mary’s R. C. School, Tempe",359,222,2,NNP,88,PEO report 2022,current
2022,H,H07,b,"St. Mary’s R. C. School, Tempe",359,222,2,NDC,132,PEO report 2022,current
2022,H,H07,c,"St. Mary’s R. C. School, Tempe",348,220,0,GRP,0,PEO report 2022,current
2022,H,H07,c,"St. Mary’s R. C. School, Tempe",348,220,0,NNP,94,PEO report 2022,current
2022,H,H07,c,"St. Mary’s R. C. School, Tempe",348,220,0,NDC,126,PEO report 2022,current
2022,H,H07,d,"St. Mary’s R. C. School, Tempe",363,292,2,GRP,1,PEO report 2022,current
2022,H,H07,d,"St. Mary’s R. C. School, Tempe",363,292,2,NNP,131,PEO report 2022,current
2022,H,H07,d,"St. Mary’s R. C. School, Tempe",363,292,2,NDC,158,PEO report 2022,current
2022,H,H07,e,"St. Mary’s R. C. School, Tempe",434,237,0,GRP,2,PEO report 2022,current
2022,H,H07,e,"St. Mary’s R. C. School, Tempe",434,237,0,NNP,77,PEO report 2022,current
2022,H,H07,e,"St. Mary’s R. C. School, Tempe",434,237,0,NDC,158,PEO report 2022,current
2022,H,H08,a,"Alpha Junior School, Mt. Parnassus",339,235,0,GRP,0,PEO report 2022,current
2022,H,H08,a,"Alpha Junior School, Mt. Parnassus",339,235,0,NNP,64,PEO report 2022,current
2022,H,H08,a,"Alpha Junior School, Mt. Parnassus",339,235,0,NDC,171,PEO report 2022,current
2022,H,H08,b,"Alpha Junior School, Mt. Parnassus",339,224,0,GRP,0,PEO report 2022,current
2022,H,H08,b,"Alpha Junior School, Mt. Parnassus",339,224,0,NNP,66,PEO report 2022,current
2022,H,H08,b,"Alpha Junior School, Mt. Parnassus",339,224,0,NDC,158,PEO report 2022,current
2022,H,H08,c,"Alpha Junior School, Mt. Parnassus",341,239,1,GRP,0,PEO report 2022,current
2022,H,H08,c,"Alpha Junior School, Mt. Parnassus",341,239,1,NNP,100,PEO report 2022,current
2022,H,H08,c,"Alpha Junior School, Mt. Parnassus",341,239,1,NDC,138,PEO report 2022,current
2022,H,H09,a,St. Paul’s Government School,324,215,0,GRP,1,PEO report 2022,current
2022,H,H09,a,St. Paul’s Government School,324,215,0,NNP,80,PEO report 2022,current
2022,H,H09,a,St. Paul’s Government School,324,215,0,NDC,134,PEO report 2022,current
2022,H,H09,b,St. Paul’s Government School,324,221,0,GRP,0,PEO report 2022,current
2022,H,H09,b,St. Paul’s Government School,324,221,0,NNP,95,PEO report 2022,current
2022,H,H09,b,St. Paul’s Government School,324,221,0,NDC,126,PEO report 2022,current
2022,H,H09,c,St. Paul’s Government School,318,230,1,GRP,0,PEO report 2022,current
2022,H,H09,c,St. Paul’s Government School,318,230,1,NNP,78,PEO report 2022,current
2022,H,H09,c,St. Paul’s Government School,318,230,1,NDC,151,PEO report 2022,current
2022,J,J01,a,Fontenoy Community Center,405,265,1,NDC,71,PEO report 2022,current
2022,J,J01,a,Fontenoy Community Center,405,265,1,NNP,193,PEO report 2022,current
2022,J,J01,b,Fontenoy Community Centre,431,288,1,NDC,82,PEO report 2022,current
2022,J,J01,b,Fontenoy Community Centre,431,288,1,NNP,205,PEO report 2022,current
2022,J,J02,a,"Pier 57, Grand Mal",361,225,1,NDC,47,PEO report 2022,current
2022,J,J02,a,"Pier 57, Grand Mal",361,225,1,NNP,177,PEO report 2022,current
2022,J,J02,b,"Pier 57, Grand Mal",366,243,0,NDC,58,PEO report 2022,current
2022,J,J02,b,"Pier 57, Grand Mal",366,243,0,NNP,185,PEO report 2022,current
2022,J,J02,c,"Pier 57, Grand Mal",360,208,0,NDC,51,PEO report 2022,current
2022,J,J02,c,"Pier 57, Grand Mal",360,208,0,NNP,157,PEO report 2022,current
2022,J,J03,a,Mt. Moritz Anglican School,257,146,1,NDC,41,PEO report 2022,current
2022,J,J03,a,Mt. Moritz Anglican School,257,146,1,NNP,104,PEO report 2022,current
2022,J,J03,b,Mt. Moritz Anglican School,257,168,0,NDC,59,PEO report 2022,current
2022,J,J03,b,Mt. Moritz Anglican School,257,168,0,NNP,109,PEO report 2022,current
2022,J,J04,a,Happy Hill R.C. School,379,270,0,NDC,62,PEO report 2022,current
2022,J,J04,a,Happy Hill R.C. School,379,270,0,NNP,208,PEO report 2022,current
2022,J,J04,b,Happy Hill R.C. School,345,239,1,NDC,50,PEO report 2022,current
2022,J,J04,b,Happy Hill R.C. School,345,239,1,NNP,188,PEO report 2022,current
2022,J,J04,c,Happy Hill R.C. School,353,197,1,NDC,28,PEO report 2022,current
2022,J,J04,c,Happy Hill R.C. School,353,197,1,NNP,168,PEO report 2022,current
2022,J,J05,a,Brizan Community Centre,283,198,1,NDC,41,PEO report 2022,current
2022,J,J05,a,Brizan Community Centre,283,198,1,NNP,156,PEO report 2022,current
2022,J,J05,b,Brizan Community Centre,314,217,1,NDC,28,PEO report 2022,current
2022,J,J05,b,Brizan Community Centre,314,217,1,NNP,188,PEO report 2022,current
2022,J,J06,,"Anglican Church Building, Grenville Vale",98,77,1,NDC,36,PEO report 2022,current
2022,J,J06,,"Anglican Church Building, Grenville Vale",98,77,1,NNP,40,PEO report 2022,current
2022,J,J07,,Willis Community Centre,364,254,2,NDC,119,PEO report 2022,current
2022,J,J07,,Willis Community Centre,364,254,2,NNP,133,PEO report 2022,current
2022,K,K01,,Anglican High School,200,131,0,NNP,76,PEO report 2022,current
2022,K,K01,,Anglican High School,200,131,0,GRP,0,PEO report 2022,current
2022,K,K01,,Anglican High School,200,131,0,IFP,0,PEO report 2022,current
2022,K,K01,,Anglican High School,200,131,0,NDC,55,PEO report 2022,current
2022,K,K02,a,Springs Open Bible Church,193,133,0,NNP,61,PEO report 2022,current
2022,K,K02,a,Springs Open Bible Church,193,133,0,GRP,0,PEO report 2022,current
2022,K,K02,a,Springs Open Bible Church,193,133,0,IFP,0,PEO report 2022,current
2022,K,K02,a,Springs Open Bible Church,193,133,0,NDC,72,PEO report 2022,current
2022,K,K02,b,Springs Open Bible Church,205,140,2,NNP,70,PEO report 2022,current
2022,K,K02,b,Springs Open Bible Church,205,140,2,GRP,1,PEO report 2022,current
2022,K,K02,b,Springs Open Bible Church,205,140,2,IFP,0,PEO report 2022,current
2022,K,K02,b,Springs Open Bible Church,205,140,2,NDC,67,PEO report 2022,current
2022,K,K03,,Calivigny Community Center,395,266,0,NNP,85,PEO report 2022,current
2022,K,K03,,Calivigny Community Center,395,266,0,GRP,1,PEO report 2022,current
2022,K,K03,,Calivigny Community Center,395,266,0,IFP,0,PEO report 2022,current
2022,K,K03,,Calivigny Community Center,395,266,0,NDC,180,PEO report 2022,current
2022,K,K04,a,St. Paul’s Anglican Church,294,215,0,NNP,69,PEO report 2022,current
2022,K,K04,a,St. Paul’s Anglican Church,294,215,0,GRP,0,PEO report 2022,current
2022,K,K04,a,St. Paul’s Anglican Church,294,215,0,IFP,3,PEO report 2022,current
2022,K,K04,a,St. Paul’s Anglican Church,294,215,0,NDC,143,PEO report 2022,current
2022,K,K04,b,St. Paul’s Anglican Church,295,208,0,NNP,75,PEO report 2022,current
2022,K,K04,b,St. Paul’s Anglican Church,295,208,0,GRP,0,PEO report 2022,current
2022,K,K04,b,St. Paul’s Anglican Church,295,208,0,IFP,8,PEO report 2022,current
2022,K,K04,b,St. Paul’s Anglican Church,295,208,0,NDC,125,PEO report 2022,current
2022,K,K04,c,St. Paul’s Anglican Church,290,204,1,NNP,90,PEO report 2022,current
2022,K,K04,c,St. Paul’s Anglican Church,290,204,1,GRP,0,PEO report 2022,current
2022,K,K04,c,St. Paul’s Anglican Church,290,204,1,IFP,4,PEO report 2022,current
2022,K,K04,c,St. Paul’s Anglican Church,290,204,1,NDC,109,PEO report 2022,current
2022,K,K05,,Bethel Methodist Church Hall,383,257,0,NNP,116,PEO report 2022,current
2022,K,K05,,Bethel Methodist Church Hall,383,257,0,GRP,1,PEO report 2022,current
2022,K,K05,,Bethel Methodist Church Hall,383,257,0,IFP,2,PEO report 2022,current
2022,K,K05,,Bethel Methodist Church Hall,383,257,0,NDC,138,PEO report 2022,current
2022,K,K06,,"Mr. Stephen Gellineau’s Shop, Hope Vale",257,179,0,NNP,63,PEO report 2022,current
2022,K,K06,,"Mr. Stephen Gellineau’s Shop, Hope Vale",257,179,0,GRP,0,PEO report 2022,current
2022,K,K06,,"Mr. Stephen Gellineau’s Shop, Hope Vale",257,179,0,IFP,2,PEO report 2022,current
2022,K,K06,,"Mr. Stephen Gellineau’s Shop, Hope Vale",257,179,0,NDC,114,PEO report 2022,current
2022,K,K07,a,La Borie Community Centre,339,246,3,NNP,111,PEO report 2022,current
2022,K,K07,a,La Borie Community Centre,339,246,3,GRP,0,PEO report 2022,current
2022,K,K07,a,La Borie Community Centre,339,246,3,IFP,2,PEO report 2022,current
2022,K,K07,a,La Borie Community Centre,339,246,3,NDC,130,PEO report 2022,current
2022,K,K07,b,La Borie Community Centre,342,255,0,NNP,131,PEO report 2022,current
2022,K,K07,b,La Borie Community Centre,342,255,0,GRP,0,PEO report 2022,current
2022,K,K07,b,La Borie Community Centre,342,255,0,IFP,3,PEO report 2022,current
2022,K,K07,b,La Borie Community Centre,342,255,0,NDC,121,PEO report 2022,current
2022,K,K07,c,La Borie Community Centre,323,234,1,NNP,110,PEO report 2022,current
2022,K,K07,c,La Borie Community Centre,323,234,1,GRP,0,PEO report 2022,current
2022,K,K07,c,La Borie Community Centre,323,234,1,IFP,0,PEO report 2022,current
2022,K,K07,c,La Borie Community Centre,323,234,1,NDC,123,PEO report 2022,current
2022,K,K08,a,Marian Multipurpose Centre,272,210,0,NNP,89,PEO report 2022,current
2022,K,K08,a,Marian Multipurpose Centre,272,210,0,GRP,0,PEO report 2022,current
2022,K,K08,a,Marian Multipurpose Centre,272,210,0,IFP,0,PEO report 2022,current
2022,K,K08,a,Marian Multipurpose Centre,272,210,0,NDC,121,PEO report 2022,current
2022,K,K08,b,Marian Multipurpose Centre,277,193,0,NNP,87,PEO report 2022,current
2022,K,K08,b,Marian Multipurpose Centre,277,193,0,GRP,0,PEO report 2022,current
2022,K,K08,b,Marian Multipurpose Centre,277,193,0,IFP,1,PEO report 2022,current
2022,K,K08,b,Marian Multipurpose Centre,277,193,0,NDC,105,PEO report 2022,current
2022,K,K08,c,Marian Multipurpose Centre,267,186,0,NNP,83,PEO report 2022,current
2022,K,K08,c,Marian Multipurpose Centre,267,186,0,GRP,0,PEO report 2022,current
2022,K,K08,c,Marian Multipurpose Centre,267,186,0,IFP,2,PEO report 2022,current
2022,K,K08,c,Marian Multipurpose Centre,267,186,0,NDC,101,PEO report 2022,current
2022,K,K09,,"NADMA Building, Richmond Hill",323,216,0,NNP,83,PEO report 2022,current
2022,K,K09,,"NADMA Building, Richmond Hill",323,216,0,GRP,1,PEO report 2022,current
2022,K,K09,,"NADMA Building, Richmond Hill",323,216,0,IFP,3,PEO report 2022,current
2022,K,K09,,"NADMA Building, Richmond Hill",323,216,0,NDC,129,PEO report 2022,current
2022,K,K10,a,Morne Jaloux R.C. School,266,171,0,NNP,82,PEO report 2022,current
2022,K,K10,a,Morne Jaloux R.C. School,266,171,0,GRP,0,PEO report 2022,current
2022,K,K10,a,Morne Jaloux R.C. School,266,171,0,IFP,0,PEO report 2022,current
2022,K,K10,a,Morne Jaloux R.C. School,266,171,0,NDC,89,PEO report 2022,current
2022,K,K10,b,Morne Jaloux R.C. School,268,194,0,NNP,97,PEO report 2022,current
2022,K,K10,b,Morne Jaloux R.C. School,268,194,0,GRP,0,PEO report 2022,current
2022,K,K10,b,Morne Jaloux R.C. School,268,194,0,IFP,1,PEO report 2022,current
2022,K,K10,b,Morne Jaloux R.C. School,268,194,0,NDC,96,PEO report 2022,current
2022,K,K10,c,Morne Jaloux R.C. School,261,162,1,NNP,56,PEO report 2022,current
2022,K,K10,c,Morne Jaloux R.C. School,261,162,1,GRP,0,PEO report 2022,current
2022,K,K10,c,Morne Jaloux R.C. School,261,162,1,IFP,1,PEO report 2022,current
2022,K,K10,c,Morne Jaloux R.C. School,261,162,1,NDC,104,PEO report 2022,current
2022,L,L01,a,South St. George Government School,317,202,0,NNP,84,PEO report 2022,current
2022,L,L01,a,South St. George Government School,317,202,0,GRP,1,PEO report 2022,current
2022,L,L01,a,South St. George Government School,317,202,0,NDC,117,PEO report 2022,current
2022,L,L01,b,South St. George Government School,319,215,0,NNP,93,PEO report 2022,current
2022,L,L01,b,South St. George Government School,319,215,0,GRP,0,PEO report 2022,current
2022,L,L01,b,South St. George Government School,319,215,0,NDC,122,PEO report 2022,current
2022,L,L01,c,South St. George Government School,314,197,2,NNP,98,PEO report 2022,current
2022,L,L01,c,South St. George Government School,314,197,2,GRP,2,PEO report 2022,current
2022,L,L01,c,South St. George Government School,314,197,2,NDC,95,PEO report 2022,current
2022,L,L01,d,South St. George Government School,313,198,1,NNP,69,PEO report 2022,current
2022,L,L01,d,South St. George Government School,313,198,1,GRP,1,PEO report 2022,current
2022,L,L01,d,South St. George Government School,313,198,1,NDC,127,PEO report 2022,current
2022,L,L02,,Springs Child Development Centre,411,229,0,NNP,99,PEO report 2022,current
2022,L,L02,,Springs Child Development Centre,411,229,0,GRP,0,PEO report 2022,current
2022,L,L02,,Springs Child Development Centre,411,229,0,NDC,130,PEO report 2022,current
2022,L,L03,a,Woburn Community Centre,319,225,0,NNP,82,PEO report 2022,current
2022,L,L03,a,Woburn Community Centre,319,225,0,GRP,2,PEO report 2022,current
2022,L,L03,a,Woburn Community Centre,319,225,0,NDC,141,PEO report 2022,current
2022,L,L03,b,Woburn Community Centre,323,220,0,NNP,71,PEO report 2022,current
2022,L,L03,b,Woburn Community Centre,323,220,0,GRP,0,PEO report 2022,current
2022,L,L03,b,Woburn Community Centre,323,220,0,NDC,149,PEO report 2022,current
2022,L,L04,a,Woburn Methodist Church and Church Hall,381,258,1,NNP,104,PEO report 2022,current
2022,L,L04,a,Woburn Methodist Church and Church Hall,381,258,1,GRP,0,PEO report 2022,current
2022,L,L04,a,Woburn Methodist Church and Church Hall,381,258,1,NDC,153,PEO report 2022,current
2022,L,L04,b,Woburn Methodist Church and Church Hall,389,245,0,NNP,115,PEO report 2022,current
2022,L,L04,b,Woburn Methodist Church and Church Hall,389,245,0,GRP,0,PEO report 2022,current
2022,L,L04,b,Woburn Methodist Church and Church Hall,389,245,0,NDC,130,PEO report 2022,current
2022,L,L04,c,Woburn Methodist Church and Church Hall,397,264,2,NNP,101,PEO report 2022,current
2022,L,L04,c,Woburn Methodist Church and Church Hall,397,264,2,GRP,0,PEO report 2022,current
2022,L,L04,c,Woburn Methodist Church and Church Hall,397,264,2,NDC,161,PEO report 2022,current
2022,L,L05,a,The Church of Jesus Christ of Latter Day Saints,341,215,0,NNP,77,PEO report 2022,current
2022,L,L05,a,The Church of Jesus Christ of Latter Day Saints,341,215,0,GRP,0,PEO report 2022,current
2022,L,L05,a,The Church of Jesus Christ of Latter Day Saints,341,215,0,NDC,138,PEO report 2022,current
2022,L,L05,b,The Church of Jesus Christ of Latter Day Saints,326,228,1,NNP,80,PEO report 2022,current
2022,L,L05,b,The Church of Jesus Christ of Latter Day Saints,326,228,1,GRP,1,PEO report 2022,current
2022,L,L05,b,The Church of Jesus Christ of Latter Day Saints,326,228,1,NDC,146,PEO report 2022,current
2022,L,L06,a,"School for Special Education , The Limes",440,293,1,NNP,122,PEO report 2022,current
2022,L,L06,a,"School for Special Education , The Limes",440,293,1,GRP,0,PEO report 2022,current
2022,L,L06,a,"School for Special Education , The Limes",440,293,1,NDC,170,PEO report 2022,current
2022,L,L06,b,"School for Special Education , The Limes",431,284,1,NNP,131,PEO report 2022,current
2022,L,L06,b,"School for Special Education , The Limes",431,284,1,GRP,0,PEO report 2022,current
2022,L,L06,b,"School for Special Education , The Limes",431,284,1,NDC,152,PEO report 2022,current
2022,L,L06,c,"School for Special Education , The Limes",455,247,1,NNP,100,PEO report 2022,current
2022,L,L06,c,"School for Special Education , The Limes",455,247,1,GRP,1,PEO report 2022,current
2022,L,L06,c,"School for Special Education , The Limes",455,247,1,NDC,145,PEO report 2022,current
2022,L,L06,d,"School for Special Education , The Limes",437,263,0,NNP,104,PEO report 2022,current
2022,L,L06,d,"School for Special Education , The Limes",437,263,0,GRP,0,PEO report 2022,current
2022,L,L06,d,"School for Special Education , The Limes",437,263,0,NDC,159,PEO report 2022,current
2022,L,L07,a,Blessed Sacrament R.C. School,370,227,0,NNP,88,PEO report 2022,current
2022,L,L07,a,Blessed Sacrament R.C. School,370,227,0,GRP,0,PEO report 2022,current
2022,L,L07,a,Blessed Sacrament R.C. School,370,227,0,NDC,139,PEO report 2022,current
2022,L,L07,b,Blessed Sacrament R.C. School,370,228,0,NNP,89,PEO report 2022,current
2022,L,L07,b,Blessed Sacrament R.C. School,370,228,0,GRP,0,PEO report 2022,current
2022,L,L07,b,Blessed Sacrament R.C. School,370,228,0,NDC,139,PEO report 2022,current
2022,L,L07,c,Blessed Sacrament R.C. School,370,224,0,NNP,119,PEO report 2022,current
2022,L,L07,c,Blessed Sacrament R.C. School,370,224,0,GRP,0,PEO report 2022,current
2022,L,L07,c,Blessed Sacrament R.C. School,370,224,0,NDC,105,PEO report 2022,current
2022,L,L07,d,Blessed Sacrament R.C. School,371,216,0,NNP,97,PEO report 2022,current
2022,L,L07,d,Blessed Sacrament R.C. School,371,216,0,GRP,0,PEO report 2022,current
2022,L,L07,d,Blessed Sacrament R.C. School,371,216,0,NDC,119,PEO report 2022,current
2022,L,L07,e,Blessed Sacrament R.C. School,374,236,1,NNP,115,PEO report 2022,current
2022,L,L07,e,Blessed Sacrament R.C. School,374,236,1,GRP,1,PEO report 2022,current
2022,L,L07,e,Blessed Sacrament R.C. School,374,236,1,NDC,119,PEO report 2022,current
2022,L,L07,f,Blessed Sacrament R.C. School,369,226,1,NNP,113,PEO report 2022,current
2022,L,L07,f,Blessed Sacrament R.C. School,369,226,1,GRP,1,PEO report 2022,current
2022,L,L07,f,Blessed Sacrament R.C. School,369,226,1,NDC,111,PEO report 2022,current
2022,L,L07,g,Blessed Sacrament R.C. School,353,233,2,NNP,100,PEO report 2022,current
2022,L,L07,g,Blessed Sacrament R.C. School,353,233,2,GRP,0,PEO report 2022,current
2022,L,L07,g,Blessed Sacrament R.C. School,353,233,2,NDC,131,PEO report 2022,current
2022,L,L08,a,Calliste Government School,343,211,0,NNP,98,PEO report 2022,current
2022,L,L08,a,Calliste Government School,343,211,0,GRP,0,PEO report 2022,current
2022,L,L08,a,Calliste Government School,343,211,0,NDC,113,PEO report 2022,current
2022,L,L08,b,Calliste Government School,345,227,0,NNP,95,PEO report 2022,current
2022,L,L08,b,Calliste Government School,345,227,0,GRP,0,PEO report 2022,current
2022,L,L08,b,Calliste Government School,345,227,0,NDC,132,PEO report 2022,current
2022,L,L08,c,Calliste Government School,346,221,1,NNP,74,PEO report 2022,current
2022,L,L08,c,Calliste Government School,346,221,1,GRP,0,PEO report 2022,current
2022,L,L08,c,Calliste Government School,346,221,1,NDC,146,PEO report 2022,current
2022,L,L08,d,Calliste Government School,348,239,1,NNP,99,PEO report 2022,current
2022,L,L08,d,Calliste Government School,348,239,1,GRP,0,PEO report 2022,current
2022,L,L08,d,Calliste Government School,348,239,1,NDC,139,PEO report 2022,current
2022,L,L08,e,Calliste Government School,350,232,0,NNP,99,PEO report 2022,current
2022,L,L08,e,Calliste Government School,350,232,0,GRP,0,PEO report 2022,current
2022,L,L08,e,Calliste Government School,350,232,0,NDC,133,PEO report 2022,current
2022,L,L08,f,Calliste Government,,289,1,NNP,149,PEO report 2022,current
2022,L,L08,f,Calliste Government,,289,1,GRP,0,PEO report 2022,current
2022,L,L08,f,Calliste Government,,289,1,NDC,139,PEO report 2022,current
2022,L,L08,g,Calliste Government School,338,226,0,NNP,95,PEO report 2022,current
2022,L,L08,g,Calliste Government School,338,226,0,GRP,2,PEO report 2022,current
2022,L,L08,g,Calliste Government School,338,226,0,NDC,129,PEO report 2022,current
2022,M,M01,a,St. John’s Anglican School,331,246,3,NNP,112,PEO report 2022,current
2022,M,M01,a,St. John’s Anglican School,331,246,3,NDC,130,PEO report 2022,current
2022,M,M01,a,St. John’s Anglican School,331,246,3,GULP,1,PEO report 2022,current
2022,M,M01,b,St. John’s Anglican School,276,196,2,NNP,71,PEO report 2022,current
2022,M,M01,b,St. John’s Anglican School,276,196,2,NDC,122,PEO report 2022,current
2022,M,M01,b,St. John’s Anglican School,276,196,2,GULP,1,PEO report 2022,current
2022,M,M02,a,St. John’s R.C. School - Pre-School Department,302,206,1,NNP,86,PEO report 2022,current
2022,M,M02,a,St. John’s R.C. School - Pre-School Department,302,206,1,NDC,119,PEO report 2022,current
2022,M,M02,b,St. John’s R.C. School - Pre-School Department,294,193,0,NNP,83,PEO report 2022,current
2022,M,M02,b,St. John’s R.C. School - Pre-School Department,294,193,0,NDC,108,PEO report 2022,current
2022,M,M02,b,St. John’s R.C. School - Pre-School Department,294,193,0,GULP,2,PEO report 2022,current
2022,M,M02,c,St. John’s R.C. School - Pre-School Department,304,201,1,NNP,87,PEO report 2022,current
2022,M,M02,c,St. John’s R.C. School - Pre-School Department,304,201,1,NDC,112,PEO report 2022,current
2022,M,M02,c,St. John’s R.C. School - Pre-School Department,304,201,1,GULP,1,PEO report 2022,current
2022,M,M03,a,Gouyave Methodist Church,351,246,2,NNP,123,PEO report 2022,current
2022,M,M03,a,Gouyave Methodist Church,351,246,2,NDC,120,PEO report 2022,current
2022,M,M03,a,Gouyave Methodist Church,351,246,2,GULP,1,PEO report 2022,current
2022,M,M03,b,Gouyave Methodist Church,331,213,1,NNP,102,PEO report 2022,current
2022,M,M03,b,Gouyave Methodist Church,331,213,1,NDC,109,PEO report 2022,current
2022,M,M03,b,Gouyave Methodist Church,331,213,1,GULP,1,PEO report 2022,current
2022,M,M04,a,Grand Roy Government School,382,255,3,NNP,114,PEO report 2022,current
2022,M,M04,a,Grand Roy Government School,382,255,3,NDC,137,PEO report 2022,current
2022,M,M04,a,Grand Roy Government School,382,255,3,GULP,1,PEO report 2022,current
2022,M,M04,b,Grand Roy Government School,380,268,0,NNP,149,PEO report 2022,current
2022,M,M04,b,Grand Roy Government School,380,268,0,NDC,117,PEO report 2022,current
2022,M,M04,b,Grand Roy Government School,380,268,0,GULP,2,PEO report 2022,current
2022,M,M04,c,Grand Roy Government School,386,251,0,NNP,132,PEO report 2022,current
2022,M,M04,c,Grand Roy Government School,386,251,0,NDC,118,PEO report 2022,current
2022,M,M04,c,Grand Roy Government School,386,251,0,GULP,1,PEO report 2022,current
2022,M,M05,a,Concord Government School,323,219,1,NNP,121,PEO report 2022,current
2022,M,M05,a,Concord Government School,323,219,1,NDC,97,PEO report 2022,current
2022,M,M05,b,Concord Government School,325,219,0,NNP,125,PEO report 2022,current
2022,M,M05,b,Concord Government School,325,219,0,NDC,94,PEO report 2022,current
2022,M,M05,c,Concord Government School,342,209,0,NNP,124,PEO report 2022,current
2022,M,M05,c,Concord Government School,342,209,0,NDC,83,PEO report 2022,current
2022,M,M05,c,Concord Government School,342,209,0,GULP,2,PEO report 2022,current
2022,M,M06,,Florida Medical Station,247,182,1,NNP,112,PEO report 2022,current
2022,M,M06,,Florida Medical Station,247,182,1,NDC,68,PEO report 2022,current
2022,M,M06,,Florida Medical Station,247,182,1,GULP,1,PEO report 2022,current
2022,M,M07,a,Florida Government School,325,236,1,NNP,127,PEO report 2022,current
2022,M,M07,a,Florida Government School,325,236,1,NDC,108,PEO report 2022,current
2022,M,M07,b,Florida Government School,325,230,1,NNP,118,PEO report 2022,current
2022,M,M07,b,Florida Government School,325,230,1,NDC,110,PEO report 2022,current
2022,M,M07,b,Florida Government School,325,230,1,GULP,1,PEO report 2022,current
2022,M,M07,c,Florida Government School,314,210,0,NNP,92,PEO report 2022,current
2022,M,M07,c,Florida Government School,314,210,0,NDC,116,PEO report 2022,current
2022,M,M07,c,Florida Government School,314,210,0,GULP,2,PEO report 2022,current
2022,M,M08,a,Mt. Nesbit Community Centre,333,250,2,NNP,101,PEO report 2022,current
2022,M,M08,a,Mt. Nesbit Community Centre,333,250,2,NDC,145,PEO report 2022,current
2022,M,M08,a,Mt. Nesbit Community Centre,333,250,2,GULP,2,PEO report 2022,current
2022,M,M08,b,Mt. Nesbit Community Centre,315,219,0,NNP,101,PEO report 2022,current
2022,M,M08,b,Mt. Nesbit Community Centre,315,219,0,NDC,116,PEO report 2022,current
2022,M,M08,b,Mt. Nesbit Community Centre,315,219,0,GULP,2,PEO report 2022,current
2022,M,M09,,Clozier Community Centre,280,214,1,NNP,128,PEO report 2022,current
2022,M,M09,,Clozier Community Centre,280,214,1,NDC,85,PEO report 2022,current
2022,N,N01,,Maran Community Centre,301,201,0,NDC,78,PEO report 2022,current
2022,N,N01,,Maran Community Centre,301,201,0,GULP,1,PEO report 2022,current
2022,N,N01,,Maran Community Centre,301,201,0,NNP,122,PEO report 2022,current
2022,N,N02,a,Victoria Pre Primary School,304,215,0,NDC,86,PEO report 2022,current
2022,N,N02,a,Victoria Pre Primary School,304,215,0,GULP,2,PEO report 2022,current
2022,N,N02,a,Victoria Pre Primary School,304,215,0,NNP,127,PEO report 2022,current
2022,N,N02,b,Victoria Pre Primary School,307,205,2,NDC,88,PEO report 2022,current
2022,N,N02,b,Victoria Pre Primary School,307,205,2,GULP,2,PEO report 2022,current
2022,N,N02,b,Victoria Pre Primary School,307,205,2,NNP,113,PEO report 2022,current
2022,N,N02,c,Victoria Pre Primary School,295,210,1,NDC,92,PEO report 2022,current
2022,N,N02,c,Victoria Pre Primary School,295,210,1,GULP,0,PEO report 2022,current
2022,N,N02,c,Victoria Pre Primary School,295,210,1,NNP,117,PEO report 2022,current
2022,N,N03,a,Victoria Child Development Centre,340,225,2,NDC,98,PEO report 2022,current
2022,N,N03,a,Victoria Child Development Centre,340,225,2,GULP,1,PEO report 2022,current
2022,N,N03,a,Victoria Child Development Centre,340,225,2,NNP,124,PEO report 2022,current
2022,N,N03,b,Victoria Child Development Centre,305,208,1,NDC,100,PEO report 2022,current
2022,N,N03,b,Victoria Child Development Centre,305,208,1,GULP,1,PEO report 2022,current
2022,N,N03,b,Victoria Child Development Centre,305,208,1,NNP,106,PEO report 2022,current
2022,N,N04,a,St. Mark's Secondary School,289,166,1,NDC,61,PEO report 2022,current
2022,N,N04,a,St. Mark's Secondary School,289,166,1,GULP,0,PEO report 2022,current
2022,N,N04,a,St. Mark's Secondary School,289,166,1,NNP,104,PEO report 2022,current
2022,N,N04,b,St. Mark's Secondary School,282,206,0,NDC,76,PEO report 2022,current
2022,N,N04,b,St. Mark's Secondary School,282,206,0,GULP,2,PEO report 2022,current
2022,N,N04,b,St. Mark's Secondary School,282,206,0,NNP,128,PEO report 2022,current
2022,N,N04,c,St. Mark's Secondary School,299,178,3,NDC,63,PEO report 2022,current
2022,N,N04,c,St. Mark's Secondary School,299,178,3,GULP,0,PEO report 2022,current
2022,N,N04,c,St. Mark's Secondary School,299,178,3,NNP,112,PEO report 2022,current
2022,N,N05,a,"Mrs. De Allie's Residence, Duquesnse",312,207,2,NDC,88,PEO report 2022,current
2022,N,N05,a,"Mrs. De Allie's Residence, Duquesnse",312,207,2,GULP,5,PEO report 2022,current
2022,N,N05,a,"Mrs. De Allie's Residence, Duquesnse",312,207,2,NNP,112,PEO report 2022,current
2022,N,N05,b,"Mrs. De Allie's Residence, Duquesnse",311,206,1,NDC,61,PEO report 2022,current
2022,N,N05,b,"Mrs. De Allie's Residence, Duquesnse",311,206,1,GULP,2,PEO report 2022,current
2022,N,N05,b,"Mrs. De Allie's Residence, Duquesnse",311,206,1,NNP,142,PEO report 2022,current
2022,N,N06,,Samaritan Presbyterian School,390,271,2,NDC,104,PEO report 2022,current
2022,N,N06,,Samaritan Presbyterian School,390,271,2,GULP,2,PEO report 2022,current
2022,N,N06,,Samaritan Presbyterian School,390,271,2,NNP,163,PEO report 2022,current
2022,P,P01,a,Hermitage Government School,202,150,2,NDC,89,PEO report 2022,current
2022,P,P01,a,Hermitage Government School,202,150,2,GULP,0,PEO report 2022,current
2022,P,P01,a,Hermitage Government School,202,150,2,NNP,59,PEO report 2022,current
2022,P,P01,b,Hermitage Government School,210,165,1,NDC,101,PEO report 2022,current
2022,P,P01,b,Hermitage Government School,210,165,1,GULP,1,PEO report 2022,current
2022,P,P01,b,Hermitage Government School,210,165,1,NNP,62,PEO report 2022,current
2022,P,P02,a,Mt. Rose S.D.A. School,215,152,1,NDC,93,PEO report 2022,current
2022,P,P02,a,Mt. Rose S.D.A. School,215,152,1,GULP,0,PEO report 2022,current
2022,P,P02,a,Mt. Rose S.D.A. School,215,152,1,NNP,58,PEO report 2022,current
2022,P,P02,b,Mt. Rose S.D.A. School,243,177,0,NDC,108,PEO report 2022,current
2022,P,P02,b,Mt. Rose S.D.A. School,243,177,0,GULP,2,PEO report 2022,current
2022,P,P02,b,Mt. Rose S.D.A. School,243,177,0,NNP,67,PEO report 2022,current
2022,P,P03,a,River Sallee Government School,378,270,0,NDC,106,PEO report 2022,current
2022,P,P03,a,River Sallee Government School,378,270,0,GULP,0,PEO report 2022,current
2022,P,P03,a,River Sallee Government School,378,270,0,NNP,164,PEO report 2022,current
2022,P,P03,b,River Sallee Government School,378,277,0,NDC,117,PEO report 2022,current
2022,P,P03,b,River Sallee Government School,378,277,0,GULP,0,PEO report 2022,current
2022,P,P03,b,River Sallee Government School,378,277,0,NNP,160,PEO report 2022,current
2022,P,P03,c,River Sallee Government School,347,252,1,NDC,128,PEO report 2022,current
2022,P,P03,c,River Sallee Government School,347,252,1,GULP,3,PEO report 2022,current
2022,P,P03,c,River Sallee Government School,347,252,1,NNP,120,PEO report 2022,current
2022,P,P04,,"New Testament Church, Morne Fendue",368,244,1,NDC,132,PEO report 2022,current
2022,P,P04,,"New Testament Church, Morne Fendue",368,244,1,GULP,2,PEO report 2022,current
2022,P,P04,,"New Testament Church, Morne Fendue",368,244,1,NNP,109,PEO report 2022,current
2022,P,P05,a,St. Ann's Pre Primary School,288,186,0,NDC,86,PEO report 2022,current
2022,P,P05,a,St. Ann's Pre Primary School,288,186,0,GULP,2,PEO report 2022,current
2022,P,P05,a,St. Ann's Pre Primary School,288,186,0,NNP,98,PEO report 2022,current
2022,P,P05,b,St. Ann's Pre Primary School,290,209,0,NDC,86,PEO report 2022,current
2022,P,P05,b,St. Ann's Pre Primary School,290,209,0,GULP,5,PEO report 2022,current
2022,P,P05,b,St. Ann's Pre Primary School,290,209,0,NNP,118,PEO report 2022,current
2022,P,P05,c,St. Ann's Pre Primary School,288,195,1,NDC,84,PEO report 2022,current
2022,P,P05,c,St. Ann's Pre Primary School,288,195,1,GULP,0,PEO report 2022,current
2022,P,P05,c,St. Ann's Pre Primary School,288,195,1,NNP,110,PEO report 2022,current
2022,P,P06,a,St. Patrick’s Anglican School,353,223,0,NDC,132,PEO report 2022,current
2022,P,P06,a,St. Patrick’s Anglican School,353,223,0,GULP,1,PEO report 2022,current
2022,P,P06,a,St. Patrick’s Anglican School,353,223,0,NNP,90,PEO report 2022,current
2022,R,R01,a,Hermitage Medical Station,217,226,1,NDC,92,PEO report 2022,current
2022,R,R01,a,Hermitage Medical Station,217,226,1,GULP,0,PEO report 2022,current
2022,R,R01,a,Hermitage Medical Station,217,226,1,IND,0,PEO report 2022,current
2022,R,R01,a,Hermitage Medical Station,217,226,1,NNP,133,PEO report 2022,current
2022,R,R01,b,Hermitage Medical Station,275,146,0,NDC,82,PEO report 2022,current
2022,R,R01,b,Hermitage Medical Station,275,146,0,GULP,0,PEO report 2022,current
2022,R,R01,b,Hermitage Medical Station,275,146,0,IND,4,PEO report 2022,current
2022,R,R01,b,Hermitage Medical Station,275,146,0,NNP,60,PEO report 2022,current
2022,R,R02,a,Mt. Rich Pre Primary School,283,214,1,NDC,113,PEO report 2022,current
2022,R,R02,a,Mt. Rich Pre Primary School,283,214,1,GULP,0,PEO report 2022,current
2022,R,R02,a,Mt. Rich Pre Primary School,283,214,1,IND,1,PEO report 2022,current
2022,R,R02,a,Mt. Rich Pre Primary School,283,214,1,NNP,99,PEO report 2022,current
2022,R,R02,b,Mt. Rich Pre Primary School,274,216,0,NDC,103,PEO report 2022,current
2022,R,R02,b,Mt. Rich Pre Primary School,274,216,0,GULP,0,PEO report 2022,current
2022,R,R02,b,Mt. Rich Pre Primary School,274,216,0,IND,3,PEO report 2022,current
2022,R,R02,b,Mt. Rich Pre Primary School,274,216,0,NNP,110,PEO report 2022,current
2022,R,R03,a,"TAMCC, St. Patrick's Campus",410,279,1,NDC,162,PEO report 2022,current
2022,R,R03,a,"TAMCC, St. Patrick's Campus",410,279,1,GULP,2,PEO report 2022,current
2022,R,R03,a,"TAMCC, St. Patrick's Campus",410,279,1,IND,6,PEO report 2022,current
2022,R,R03,a,"TAMCC, St. Patrick's Campus",410,279,1,NNP,108,PEO report 2022,current
2022,R,R03,b,"TAMCC, St. Patrick's Campus",410,275,1,NDC,168,PEO report 2022,current
2022,R,R03,b,"TAMCC, St. Patrick's Campus",410,275,1,GULP,0,PEO report 2022,current
2022,R,R03,b,"TAMCC, St. Patrick's Campus",410,275,1,IND,4,PEO report 2022,current
2022,R,R03,b,"TAMCC, St. Patrick's Campus",410,275,1,NNP,102,PEO report 2022,current
2022,R,R04,,St. Patrick's R. C. School,289,179,0,NDC,126,PEO report 2022,current
2022,R,R04,,St. Patrick's R. C. School,289,179,0,GULP,0,PEO report 2022,current
2022,R,R04,,St. Patrick's R. C. School,289,179,0,IND,1,PEO report 2022,current
2022,R,R04,,St. Patrick's R. C. School,289,179,0,NNP,52,PEO report 2022,current
2022,R,R05,a,St. Patrick's R. C. School,287,176,0,NDC,97,PEO report 2022,current
2022,R,R05,a,St. Patrick's R. C. School,287,176,0,GULP,0,PEO report 2022,current
2022,R,R05,a,St. Patrick's R. C. School,287,176,0,IND,0,PEO report 2022,current
2022,R,R05,a,St. Patrick's R. C. School,287,176,0,NNP,79,PEO report 2022,current
2022,R,R05,b,St. Patrick's R. C. School,282,177,1,NDC,101,PEO report 2022,current
2022,R,R05,b,St. Patrick's R. C. School,282,177,1,GULP,3,PEO report 2022,current
2022,R,R05,b,St. Patrick's R. C. School,282,177,1,IND,0,PEO report 2022,current
2022,R,R05,b,St. Patrick's R. C. School,282,177,1,NNP,72,PEO report 2022,current
2022,R,R06,a,Fond Community Centre,333,225,0,NDC,117,PEO report 2022,current
2022,R,R06,a,Fond Community Centre,333,225,0,GULP,1,PEO report 2022,current
2022,R,R06,a,Fond Community Centre,333,225,0,IND,7,PEO report 2022,current
2022,R,R06,a,Fond Community Centre,333,225,0,NNP,100,PEO report 2022,current
2022,R,R06,b,Fond Community Centre,334,242,2,NDC,125,PEO report 2022,current
2022,R,R06,b,Fond Community Centre,334,242,2,GULP,0,PEO report 2022,current
2022,R,R06,b,Fond Community Centre,334,242,2,IND,13,PEO report 2022,current
2022,R,R06,b,Fond Community Centre,334,242,2,NNP,102,PEO report 2022,current
2022,R,R07,,"Mt. Alexander Pentecostal Church, Prospect",314,233,1,NDC,104,PEO report 2022,current
2022,R,R07,,"Mt. Alexander Pentecostal Church, Prospect",314,233,1,GULP,2,PEO report 2022,current
2022,R,R07,,"Mt. Alexander Pentecostal Church, Prospect",314,233,1,IND,12,PEO report 2022,current
2022,R,R07,,"Mt. Alexander Pentecostal Church, Prospect",314,233,1,NNP,114,PEO report 2022,current
2022,R,R08,a,Chantimelle R. C. School,343,260,1,NDC,128,PEO report 2022,current
2022,R,R08,a,Chantimelle R. C. School,343,260,1,GULP,1,PEO report 2022,current
2022,R,R08,a,Chantimelle R. C. School,343,260,1,IND,4,PEO report 2022,current
2022,R,R08,a,Chantimelle R. C. School,343,260,1,NNP,126,PEO report 2022,current
2022,R,R08,b,Chantimelle R. C. School,354,252,0,NDC,103,PEO report 2022,current
2022,R,R08,b,Chantimelle R. C. School,354,252,0,GULP,0,PEO report 2022,current
2022,R,R08,b,Chantimelle R. C. School,354,252,0,IND,15,PEO report 2022,current
2022,R,R08,b,Chantimelle R. C. School,354,252,0,NNP,134,PEO report 2022,current
2022,R,R09,,"Presbyterian Church Hall, Samaritan",268,188,0,NDC,105,PEO report 2022,current
2022,R,R09,,"Presbyterian Church Hall, Samaritan",268,188,0,GULP,0,PEO report 2022,current
2022,R,R09,,"Presbyterian Church Hall, Samaritan",268,188,0,IND,16,PEO report 2022,current
2022,R,R09,,"Presbyterian Church Hall, Samaritan",268,188,0,NNP,67,PEO report 2022,current
1972,G,1,,York House,260,,,H. R. Scipio,115,"Government Gazette No. 20 of 1972, p. 132",1972
1972,G,1,,York House,260,,,J. N. Morris,89,"Government Gazette No. 20 of 1972, p. 132",1972
1972,G,2,,"Julie Aird's Residence, Lucas Street",275,,,H. R. Scipio,108,"Government Gazette No. 20 of 1972, p. 132",1972
1972,G,2,,"Julie Aird's Residence, Lucas Street",275,,,J. N. Morris,82,"Government Gazette No. 20 of 1972, p. 132",1972
1972,G,3,,"Telesford's Residence, River Road",690,,,H. R. Scipio,142,"Government Gazette No. 20 of 1972, p. 132",1972
1972,G,3,,"Telesford's Residence, River Road",690,,,J. N. Morris,364,"Government Gazette No. 20 of 1972, p. 132",1972
1972,G,4,,The Empire Cinema,346,,,H. R. Scipio,154,"Government Gazette No. 20 of 1972, p. 132",1972
1972,G,4,,The Empire Cinema,346,,,J. N. Morris,84,"Government Gazette No. 20 of 1972, p. 132",1972
1972,G,5,,The Town Hall,335,,,H. R. Scipio,106,"Government Gazette No. 20 of 1972, p. 132",1972
1972,G,5,,The Town Hall,335,,,J. N. Morris,162,"Government Gazette No. 20 of 1972, p. 132",1972
1972,G,6,,The New Testament Church,302,,,H. R. Scipio,170,"Government Gazette No. 20 of 1972, p. 132",1972
1972,G,6,,The New Testament Church,302,,,J. N. Morris,75,"Government Gazette No. 20 of 1972, p. 132",1972
1972,G,7,,Church Hall,84,,,H. R. Scipio,48,"Government Gazette No. 20 of 1972, p. 132",1972
1972,G,7,,Church Hall,84,,,J. N. Morris,25,"Government Gazette No. 20 of 1972, p. 132",1972
1972,G,8,,Girl Guide Headquarters,478,,,H. R. Scipio,235,"Government Gazette No. 20 of 1972, p. 132",1972
1972,G,8,,Girl Guide Headquarters,478,,,J. N. Morris,132,"Government Gazette No. 20 of 1972, p. 132",1972
1972,G,9,,Wesley Hall School,136,,,H. R. Scipio,79,"Government Gazette No. 20 of 1972, p. 132",1972
1972,G,9,,Wesley Hall School,136,,,J. N. Morris,23,"Government Gazette No. 20 of 1972, p. 132",1972
1972,G,10,,Police Station,475,,,H. R. Scipio,51,"Government Gazette No. 20 of 1972, p. 132",1972
1972,G,10,,Police Station,475,,,J. N. Morris,193,"Government Gazette No. 20 of 1972, p. 132",1972
1972,J,1,,"Cardinal Alexander's Residence, Fontenoy",444,,,G. Hosten,302,"Government Gazette No. 20 of 1972, p. 136",1972
1972,J,1,,"Cardinal Alexander's Residence, Fontenoy",444,,,K. Mitchell,63,"Government Gazette No. 20 of 1972, p. 136",1972
1972,J,2,,Pre-primary School (Grand Mal),317,,,G. Hosten,190,"Government Gazette No. 20 of 1972, p. 136",1972
1972,J,2,,Pre-primary School (Grand Mal),317,,,K. Mitchell,70,"Government Gazette No. 20 of 1972, p. 136",1972
1972,J,3,,"Anglican School, Mt. Moritz",372,,,G. Hosten,116,"Government Gazette No. 20 of 1972, p. 136",1972
1972,J,3,,"Anglican School, Mt. Moritz",372,,,K. Mitchell,218,"Government Gazette No. 20 of 1972, p. 136",1972
1972,J,4,,Happy Hill R. C. School,501,,,G. Hosten,338,"Government Gazette No. 20 of 1972, p. 136",1972
1972,J,4,,Happy Hill R. C. School,501,,,K. Mitchell,102,"Government Gazette No. 20 of 1972, p. 136",1972
1972,J,5,,Brizan Chapel,171,,,G. Hosten,116,"Government Gazette No. 20 of 1972, p. 136",1972
1972,J,5,,Brizan Chapel,171,,,K. Mitchell,38,"Government Gazette No. 20 of 1972, p. 136",1972
1972,J,6,,St. Luke's Anglican School,83,,,G. Hosten,61,"Government Gazette No. 20 of 1972, p. 136",1972
1972,J,6,,St. Luke's Anglican School,83,,,K. Mitchell,13,"Government Gazette No. 20 of 1972, p. 136",1972
1972,J,7,,Gooding Shop (New Hampshire),316,,,G. Hosten,218,"Government Gazette No. 20 of 1972, p. 136",1972
1972,J,7,,Gooding Shop (New Hampshire),316,,,K. Mitchell,54,"Government Gazette No. 20 of 1972, p. 136",1972
1972,H,1,,Vendomme R. C. School,239,,,F. Dolland,176,"Government Gazette No. 20 of 1972, p. 136",1972
1972,H,1,,Vendomme R. C. School,239,,,F. O'Neale,53,"Government Gazette No. 20 of 1972, p. 136",1972
1972,H,2,,Willis Visiting Station,307,,,F. Dolland,212,"Government Gazette No. 20 of 1972, p. 136",1972
1972,H,2,,Willis Visiting Station,307,,,F. O'Neale,48,"Government Gazette No. 20 of 1972, p. 136",1972
1972,H,3,,Constantine Old Methodist Church,90,,,F. Dolland,51,"Government Gazette No. 20 of 1972, p. 136",1972
1972,H,3,,Constantine Old Methodist Church,90,,,F. O'Neale,37,"Government Gazette No. 20 of 1972, p. 136",1972
1972,H,4,,Penny's Residence (Boca),391,,,F. Dolland,197,"Government Gazette No. 20 of 1972, p. 136",1972
1972,H,4,,Penny's Residence (Boca),391,,,F. O'Neale,152,"Government Gazette No. 20 of 1972, p. 136",1972
1972,H,5,,Beaulieu R. C. School,684,,,F. Dolland,254,"Government Gazette No. 20 of 1972, p. 136",1972
1972,H,5,,Beaulieu R. C. School,684,,,F. O'Neale,361,"Government Gazette No. 20 of 1972, p. 136",1972
1972,H,6,,LaMode Community Centre,316,,,F. Dolland,112,"Government Gazette No. 20 of 1972, p. 136",1972
1972,H,6,,LaMode Community Centre,316,,,F. O'Neale,171,"Government Gazette No. 20 of 1972, p. 136",1972
1972,H,7,,Ventour's Residence (Tempe),525,,,F. Dolland,212,"Government Gazette No. 20 of 1972, p. 136",1972
1972,H,7,,Ventour's Residence (Tempe),525,,,F. O'Neale,207,"Government Gazette No. 20 of 1972, p. 136",1972
1972,H,8,,Palmer's Residence (Mt. Parnassus),256,,,F. Dolland,122,"Government Gazette No. 20 of 1972, p. 136",1972
1972,H,8,,Palmer's Residence (Mt. Parnassus),256,,,F. O'Neale,109,"Government Gazette No. 20 of 1972, p. 136",1972
1972,H,9,,Model School (St. Paul's),443,,,F. Dolland,166,"Government Gazette No. 20 of 1972, p. 136",1972
1972,H,9,,Model School (St. Paul's),443,,,F. O'Neale,199,"Government Gazette No. 20 of 1972, p. 136",1972
1972,K,1,,Nimblette's Tailor Shop,226,,,A. Williams,86,"Government Gazette No. 20 of 1972, p. 137",1972
1972,K,1,,Nimblette's Tailor Shop,226,,,G. Renwick,87,"Government Gazette No. 20 of 1972, p. 137",1972
1972,K,2,,Clement Pascall's House (Springs),192,,,A. Williams,95,"Government Gazette No. 20 of 1972, p. 137",1972
1972,K,2,,Clement Pascall's House (Springs),192,,,G. Renwick,72,"Government Gazette No. 20 of 1972, p. 137",1972
1972,K,3,,Lyn Lowe's House (Calivigny),137,,,A. Williams,104,"Government Gazette No. 20 of 1972, p. 137",1972
1972,K,3,,Lyn Lowe's House (Calivigny),137,,,G. Renwick,22,"Government Gazette No. 20 of 1972, p. 137",1972
1972,K,4,,St. Paul's Anglican School,380,,,A. Williams,131,"Government Gazette No. 20 of 1972, p. 137",1972
1972,K,4,,St. Paul's Anglican School,380,,,G. Renwick,172,"Government Gazette No. 20 of 1972, p. 137",1972
1972,K,5,,George Rullow's Shop,252,,,A. Williams,107,"Government Gazette No. 20 of 1972, p. 137",1972
1972,K,5,,George Rullow's Shop,252,,,G. Renwick,102,"Government Gazette No. 20 of 1972, p. 137",1972
1972,K,6,,Hope Vale Estate Premises,60,,,A. Williams,41,"Government Gazette No. 20 of 1972, p. 137",1972
1972,K,6,,Hope Vale Estate Premises,60,,,G. Renwick,8,"Government Gazette No. 20 of 1972, p. 137",1972
1972,K,7,,Society Hall (LaBorie),404,,,A. Williams,197,"Government Gazette No. 20 of 1972, p. 137",1972
1972,K,7,,Society Hall (LaBorie),404,,,G. Renwick,112,"Government Gazette No. 20 of 1972, p. 137",1972
1972,K,8,,Community Centre (Marian),259,,,A. Williams,198,"Government Gazette No. 20 of 1972, p. 137",1972
1972,K,8,,Community Centre (Marian),259,,,G. Renwick,30,"Government Gazette No. 20 of 1972, p. 137",1972
1972,K,9,,Richmond Hill Tailor Shop,327,,,A. Williams,153,"Government Gazette No. 20 of 1972, p. 137",1972
1972,K,9,,Richmond Hill Tailor Shop,327,,,G. Renwick,68,"Government Gazette No. 20 of 1972, p. 137",1972
1972,K,10,,Morne Jaloux R. C. School,383,,,A. Williams,216,"Government Gazette No. 20 of 1972, p. 137",1972
1972,K,10,,Morne Jaloux R. C. School,383,,,G. Renwick,95,"Government Gazette No. 20 of 1972, p. 137",1972
1972,L,1,,Belmont Society Hall,715,,,E. M. Gairy,385,"Government Gazette No. 20 of 1972, p. 137",1972
1972,L,1,,Belmont Society Hall,715,,,S. H. Strachan,159,"Government Gazette No. 20 of 1972, p. 137",1972
1972,L,2,,Domingo DeFreitas' Shop,234,,,E. M. Gairy,95,"Government Gazette No. 20 of 1972, p. 137",1972
1972,L,2,,Domingo DeFreitas' Shop,234,,,S. H. Strachan,92,"Government Gazette No. 20 of 1972, p. 137",1972
1972,L,3,,Woburn Community Centre,226,,,E. M. Gairy,138,"Government Gazette No. 20 of 1972, p. 137",1972
1972,L,3,,Woburn Community Centre,226,,,S. H. Strachan,69,"Government Gazette No. 20 of 1972, p. 137",1972
1972,L,4,,Woburn Methodist School,283,,,E. M. Gairy,175,"Government Gazette No. 20 of 1972, p. 137",1972
1972,L,4,,Woburn Methodist School,283,,,S. H. Strachan,59,"Government Gazette No. 20 of 1972, p. 137",1972
1972,L,5,,Bruno's Bakery,416,,,E. M. Gairy,261,"Government Gazette No. 20 of 1972, p. 137",1972
1972,L,5,,Bruno's Bakery,416,,,S. H. Strachan,82,"Government Gazette No. 20 of 1972, p. 137",1972
1972,L,6,,Mrs. McIntyre's Hall,331,,,E. M. Gairy,202,"Government Gazette No. 20 of 1972, p. 137",1972
1972,L,6,,Mrs. McIntyre's Hall,331,,,S. H. Strachan,68,"Government Gazette No. 20 of 1972, p. 137",1972
1972,L,7,,Cecil Maitland's Residence,266,,,E. M. Gairy,104,"Government Gazette No. 20 of 1972, p. 137",1972
1972,L,7,,Cecil Maitland's Residence,266,,,S. H. Strachan,80,"Government Gazette No. 20 of 1972, p. 137",1972
1972,L,8,,Calliste Medical Station,255,,,E. M. Gairy,188,"Government Gazette No. 20 of 1972, p. 137",1972
1972,L,8,,Calliste Medical Station,255,,,S. H. Strachan,29,"Government Gazette No. 20 of 1972, p. 137",1972
1972,M,1,,Court House (Gouyave),479,,,H. Preudhomme,179,"Government Gazette No. 20 of 1972, p. 135",1972
1972,M,1,,Court House (Gouyave),479,,,J. Branch,226,"Government Gazette No. 20 of 1972, p. 135",1972
1972,M,2,,The Orphan Benefit Society Hall,325,,,H. Preudhomme,151,"Government Gazette No. 20 of 1972, p. 135",1972
1972,M,2,,The Orphan Benefit Society Hall,325,,,J. Branch,76,"Government Gazette No. 20 of 1972, p. 135",1972
1972,M,3,,The Mechanic Lodge (Gouyave),711,,,H. Preudhomme,316,"Government Gazette No. 20 of 1972, p. 135",1972
1972,M,3,,The Mechanic Lodge (Gouyave),711,,,J. Branch,158,"Government Gazette No. 20 of 1972, p. 135",1972
1972,M,4,,Grand Roy Government School,742,,,H. Preudhomme,327,"Government Gazette No. 20 of 1972, p. 135",1972
1972,M,4,,Grand Roy Government School,742,,,J. Branch,248,"Government Gazette No. 20 of 1972, p. 135",1972
1972,M,5,,Concord Government School,505,,,H. Preudhomme,312,"Government Gazette No. 20 of 1972, p. 135",1972
1972,M,5,,Concord Government School,505,,,J. Branch,127,"Government Gazette No. 20 of 1972, p. 135",1972
1972,M,6,,Florida Visiting Station,200,,,H. Preudhomme,89,"Government Gazette No. 20 of 1972, p. 135",1972
1972,M,6,,Florida Visiting Station,200,,,J. Branch,84,"Government Gazette No. 20 of 1972, p. 135",1972
1972,M,7,,St. John's Christian Secondary School (Brothers),394,,,H. Preudhomme,218,"Government Gazette No. 20 of 1972, p. 135",1972
1972,M,7,,St. John's Christian Secondary School (Brothers),394,,,J. Branch,91,"Government Gazette No. 20 of 1972, p. 135",1972
1972,M,8,,The Community Centre,196,,,H. Preudhomme,117,"Government Gazette No. 20 of 1972, p. 135",1972
1972,M,8,,The Community Centre,196,,,J. Branch,63,"Government Gazette No. 20 of 1972, p. 135",1972
1972,M,9,,The Community Centre (Clozier),179,,,H. Preudhomme,68,"Government Gazette No. 20 of 1972, p. 135",1972
1972,M,9,,The Community Centre (Clozier),179,,,J. Branch,97,"Government Gazette No. 20 of 1972, p. 135",1972
1972,N,1,,The Office of Maran Cocoa Station,189,,,A. Forsyth,96,"Government Gazette No. 20 of 1972, p. 135",1972
1972,N,1,,The Office of Maran Cocoa Station,189,,,R. Japal,56,"Government Gazette No. 20 of 1972, p. 135",1972
1972,N,2,,"Court House, Victoria",470,,,A. Forsyth,263,"Government Gazette No. 20 of 1972, p. 135",1972
1972,N,2,,"Court House, Victoria",470,,,R. Japal,146,"Government Gazette No. 20 of 1972, p. 135",1972
1972,N,3,,New District Board,348,,,A. Forsyth,192,"Government Gazette No. 20 of 1972, p. 135",1972
1972,N,3,,New District Board,348,,,R. Japal,101,"Government Gazette No. 20 of 1972, p. 135",1972
1972,N,4,,Waltham Boucan,355,,,A. Forsyth,311,"Government Gazette No. 20 of 1972, p. 135",1972
1972,N,4,,Waltham Boucan,355,,,R. Japal,15,"Government Gazette No. 20 of 1972, p. 135",1972
1972,N,5,,Downstairs Harris DeAllie's Shop,216,,,A. Forsyth,99,"Government Gazette No. 20 of 1972, p. 135",1972
1972,N,5,,Downstairs Harris DeAllie's Shop,216,,,R. Japal,95,"Government Gazette No. 20 of 1972, p. 135",1972
1972,N,6,,Samaritan Presbyterian School,305,,,A. Forsyth,76,"Government Gazette No. 20 of 1972, p. 135",1972
1972,N,6,,Samaritan Presbyterian School,305,,,R. Japal,202,"Government Gazette No. 20 of 1972, p. 135",1972
1972,P,1,,The Old Anglican Church (Hermitage),152,,,O. Raeburn,88,"Government Gazette No. 20 of 1972, p. 134",1972
1972,P,1,,The Old Anglican Church (Hermitage),152,,,W. Nyack,44,"Government Gazette No. 20 of 1972, p. 134",1972
1972,P,2,,Mt. Rose Society Hall,459,,,O. Raeburn,158,"Government Gazette No. 20 of 1972, p. 134",1972
1972,P,2,,Mt. Rose Society Hall,459,,,W. Nyack,157,"Government Gazette No. 20 of 1972, p. 134",1972
1972,P,3,,River Sallee Government School,582,,,O. Raeburn,289,"Government Gazette No. 20 of 1972, p. 134",1972
1972,P,3,,River Sallee Government School,582,,,W. Nyack,182,"Government Gazette No. 20 of 1972, p. 134",1972
1972,P,4,,George Alexander's House (Snell Hall),240,,,O. Raeburn,103,"Government Gazette No. 20 of 1972, p. 134",1972
1972,P,4,,George Alexander's House (Snell Hall),240,,,W. Nyack,71,"Government Gazette No. 20 of 1972, p. 134",1972
1972,P,5,,Alleyne's House (Rose Hill junction),377,,,O. Raeburn,224,"Government Gazette No. 20 of 1972, p. 134",1972
1972,P,5,,Alleyne's House (Rose Hill junction),377,,,W. Nyack,68,"Government Gazette No. 20 of 1972, p. 134",1972
1972,P,6,,Court House (Sauteurs),397,,,O. Raeburn,103,"Government Gazette No. 20 of 1972, p. 134",1972
1972,P,6,,Court House (Sauteurs),397,,,W. Nyack,244,"Government Gazette No. 20 of 1972, p. 134",1972
1972,R,1,,Police Station (Hermitage),351,,,W. Whyte,191,"Government Gazette No. 20 of 1972, p. 135",1972
1972,R,1,,Police Station (Hermitage),351,,,W. Friday,114,"Government Gazette No. 20 of 1972, p. 135",1972
1972,R,2,,Mt. Reuil Boucan,340,,,W. Whyte,276,"Government Gazette No. 20 of 1972, p. 135",1972
1972,R,2,,Mt. Reuil Boucan,340,,,W. Friday,28,"Government Gazette No. 20 of 1972, p. 135",1972
1972,R,3,,Trevallyan House,423,,,W. Whyte,175,"Government Gazette No. 20 of 1972, p. 135",1972
1972,R,3,,Trevallyan House,423,,,W. Friday,162,"Government Gazette No. 20 of 1972, p. 135",1972
1972,R,4,,P.W.D. Sauteurs,298,,,W. Whyte,56,"Government Gazette No. 20 of 1972, p. 135",1972
1972,R,4,,P.W.D. Sauteurs,298,,,W. Friday,188,"Government Gazette No. 20 of 1972, p. 135",1972
1972,R,5,,Society Hall (Marli),271,,,W. Whyte,80,"Government Gazette No. 20 of 1972, p. 135",1972
1972,R,5,,Society Hall (Marli),271,,,W. Friday,156,"Government Gazette No. 20 of 1972, p. 135",1972
1972,R,6,,Community Centre (Mt. Rodney),328,,,W. Whyte,34,"Government Gazette No. 20 of 1972, p. 135",1972
1972,R,6,,Community Centre (Mt. Rodney),328,,,W. Friday,250,"Government Gazette No. 20 of 1972, p. 135",1972
1972,R,7,,Isidore Alexander House,205,,,W. Whyte,29,"Government Gazette No. 20 of 1972, p. 135",1972
1972,R,7,,Isidore Alexander House,205,,,W. Friday,156,"Government Gazette No. 20 of 1972, p. 135",1972
1972,R,8,,G. A. Glean's Boucan,330,,,W. Whyte,253,"Government Gazette No. 20 of 1972, p. 135",1972
1972,R,8,,G. A. Glean's Boucan,330,,,W. Friday,57,"Government Gazette No. 20 of 1972, p. 135",1972
1972,R,9,,Chantimelle R. C. School,177,,,W. Whyte,90,"Government Gazette No. 20 of 1972, p. 135",1972
1972,R,9,,Chantimelle R. C. School,177,,,W. Friday,74,"Government Gazette No. 20 of 1972, p. 135",1972
1972,D,1,,Shine Scott P. School,396,,,W. Nedd,219,"Government Gazette No. 20 of 1972, p. 134",1972
1972,D,1,,Shine Scott P. School,396,,,V. Simon,118,"Government Gazette No. 20 of 1972, p. 134",1972
1972,D,2,,Linton Thomas' Shop,448,,,W. Nedd,255,"Government Gazette No. 20 of 1972, p. 134",1972
1972,D,2,,Linton Thomas' Shop,448,,,V. Simon,108,"Government Gazette No. 20 of 1972, p. 134",1972
1972,D,3,,Belair Government School,392,,,W. Nedd,239,"Government Gazette No. 20 of 1972, p. 134",1972
1972,D,3,,Belair Government School,392,,,V. Simon,99,"Government Gazette No. 20 of 1972, p. 134",1972
1972,D,4,,Tivoli R. C. School,384,,,W. Nedd,253,"Government Gazette No. 20 of 1972, p. 134",1972
1972,D,4,,Tivoli R. C. School,384,,,V. Simon,74,"Government Gazette No. 20 of 1972, p. 134",1972
1972,D,5,,Mr. Francois' Home,254,,,W. Nedd,155,"Government Gazette No. 20 of 1972, p. 134",1972
1972,D,5,,Mr. Francois' Home,254,,,V. Simon,60,"Government Gazette No. 20 of 1972, p. 134",1972
1972,D,6,,St. John Society Hall,498,,,W. Nedd,210,"Government Gazette No. 20 of 1972, p. 134",1972
1972,D,6,,St. John Society Hall,498,,,V. Simon,61,"Government Gazette No. 20 of 1972, p. 134",1972
1972,D,7,,Paraclete Visiting Station,199,,,W. Nedd,130,"Government Gazette No. 20 of 1972, p. 134",1972
1972,D,7,,Paraclete Visiting Station,199,,,V. Simon,44,"Government Gazette No. 20 of 1972, p. 134",1972
1972,E,1,,Paraclete Government School,117,,,N. Benjamin,88,"Government Gazette No. 20 of 1972, p. 134",1972
1972,E,1,,Paraclete Government School,117,,,B. Jones,20,"Government Gazette No. 20 of 1972, p. 134",1972
1972,E,2,,LaFillette Old School,328,,,N. Benjamin,217,"Government Gazette No. 20 of 1972, p. 134",1972
1972,E,2,,LaFillette Old School,328,,,B. Jones,74,"Government Gazette No. 20 of 1972, p. 134",1972
1972,E,3,,Byelands R. C. School,370,,,N. Benjamin,258,"Government Gazette No. 20 of 1972, p. 134",1972
1972,E,3,,Byelands R. C. School,370,,,B. Jones,79,"Government Gazette No. 20 of 1972, p. 134",1972
1972,E,4,,Paradise Community Centre,347,,,N. Benjamin,203,"Government Gazette No. 20 of 1972, p. 134",1972
1972,E,4,,Paradise Community Centre,347,,,B. Jones,96,"Government Gazette No. 20 of 1972, p. 134",1972
1972,E,5,,Mirabeau Agricultural Station,210,,,N. Benjamin,167,"Government Gazette No. 20 of 1972, p. 134",1972
1972,E,5,,Mirabeau Agricultural Station,210,,,B. Jones,28,"Government Gazette No. 20 of 1972, p. 134",1972
1972,E,6,,Beauregard (Collins Building),250,,,N. Benjamin,151,"Government Gazette No. 20 of 1972, p. 134",1972
1972,E,6,,Beauregard (Collins Building),250,,,B. Jones,83,"Government Gazette No. 20 of 1972, p. 134",1972
1972,E,7,,"Society Hall, Adelphi",219,,,N. Benjamin,82,"Government Gazette No. 20 of 1972, p. 134",1972
1972,E,7,,"Society Hall, Adelphi",219,,,B. Jones,120,"Government Gazette No. 20 of 1972, p. 134",1972
1972,C,1,,"Pre-primary School, Munich",263,,,D. Sylvester,188,"Government Gazette No. 20 of 1972, p. 133",1972
1972,C,1,,"Pre-primary School, Munich",263,,,H. Ogilvie,57,"Government Gazette No. 20 of 1972, p. 133",1972
1972,C,2,,Munich R. C. School,123,,,D. Sylvester,65,"Government Gazette No. 20 of 1972, p. 133",1972
1972,C,2,,Munich R. C. School,123,,,H. Ogilvie,43,"Government Gazette No. 20 of 1972, p. 133",1972
1972,C,3,,Mt. Carmel Health Centre,130,,,D. Sylvester,58,"Government Gazette No. 20 of 1972, p. 133",1972
1972,C,3,,Mt. Carmel Health Centre,130,,,H. Ogilvie,63,"Government Gazette No. 20 of 1972, p. 133",1972
1972,C,4,,Lynch DeGannes' Shop (DeBlandeau),170,,,D. Sylvester,89,"Government Gazette No. 20 of 1972, p. 133",1972
1972,C,4,,Lynch DeGannes' Shop (DeBlandeau),170,,,H. Ogilvie,54,"Government Gazette No. 20 of 1972, p. 133",1972
1972,C,5,,Mr. Morris Henry's house (Richmond),241,,,D. Sylvester,139,"Government Gazette No. 20 of 1972, p. 133",1972
1972,C,5,,Mr. Morris Henry's house (Richmond),241,,,H. Ogilvie,80,"Government Gazette No. 20 of 1972, p. 133",1972
1972,C,6,,Union Pre-primary School,140,,,D. Sylvester,82,"Government Gazette No. 20 of 1972, p. 133",1972
1972,C,6,,Union Pre-primary School,140,,,H. Ogilvie,44,"Government Gazette No. 20 of 1972, p. 133",1972
1972,C,7,,Mr. Charles' house (Soubise),273,,,D. Sylvester,92,"Government Gazette No. 20 of 1972, p. 133",1972
1972,C,7,,Mr. Charles' house (Soubise),273,,,H. Ogilvie,113,"Government Gazette No. 20 of 1972, p. 133",1972
1972,C,8,,Mrs. Clyne's Shop (Harford Village),349,,,D. Sylvester,126,"Government Gazette No. 20 of 1972, p. 133",1972
1972,C,8,,Mrs. Clyne's Shop (Harford Village),349,,,H. Ogilvie,177,"Government Gazette No. 20 of 1972, p. 133",1972
1972,C,9,,Grand Bras Health Centre,277,,,D. Sylvester,77,"Government Gazette No. 20 of 1972, p. 133",1972
1972,C,9,,Grand Bras Health Centre,277,,,H. Ogilvie,154,"Government Gazette No. 20 of 1972, p. 133",1972
1972,C,10,,Grand Bras Day Nursery,240,,,D. Sylvester,102,"Government Gazette No. 20 of 1972, p. 133",1972
1972,C,10,,Grand Bras Day Nursery,240,,,H. Ogilvie,138,"Government Gazette No. 20 of 1972, p. 133",1972
1972,C,11,,Grenville R. C. School,247,,,D. Sylvester,89,"Government Gazette No. 20 of 1972, p. 133",1972
1972,C,11,,Grenville R. C. School,247,,,H. Ogilvie,127,"Government Gazette No. 20 of 1972, p. 133",1972
1972,C,12,,Harold Noel's Garage (LaDigue),274,,,D. Sylvester,132,"Government Gazette No. 20 of 1972, p. 133",1972
1972,C,12,,Harold Noel's Garage (LaDigue),274,,,H. Ogilvie,125,"Government Gazette No. 20 of 1972, p. 133",1972
1972,C,13,,St. James Banana Shed,254,,,D. Sylvester,170,"Government Gazette No. 20 of 1972, p. 133",1972
1972,C,13,,St. James Banana Shed,254,,,H. Ogilvie,62,"Government Gazette No. 20 of 1972, p. 133",1972
1972,C,14,,Birchgrove Community Centre,325,,,D. Sylvester,163,"Government Gazette No. 20 of 1972, p. 133",1972
1972,C,14,,Birchgrove Community Centre,325,,,H. Ogilvie,96,"Government Gazette No. 20 of 1972, p. 133",1972
1972,B,1,,Anglican Senior School,316,,,R. M. Bhola,145,"Government Gazette No. 20 of 1972, p. 133",1972
1972,B,1,,Anglican Senior School,316,,,H. Alexis,121,"Government Gazette No. 20 of 1972, p. 133",1972
1972,B,2,,The Court House,223,,,R. M. Bhola,105,"Government Gazette No. 20 of 1972, p. 133",1972
1972,B,2,,The Court House,223,,,H. Alexis,82,"Government Gazette No. 20 of 1972, p. 133",1972
1972,B,3,,"Mr. Peter Bertrand's Shop, Soubise",191,,,R. M. Bhola,69,"Government Gazette No. 20 of 1972, p. 133",1972
1972,B,3,,"Mr. Peter Bertrand's Shop, Soubise",191,,,H. Alexis,90,"Government Gazette No. 20 of 1972, p. 133",1972
1972,B,4,,"Miss Rhoda Mason's Shop, Post Royal",183,,,R. M. Bhola,65,"Government Gazette No. 20 of 1972, p. 133",1972
1972,B,4,,"Miss Rhoda Mason's Shop, Post Royal",183,,,H. Alexis,99,"Government Gazette No. 20 of 1972, p. 133",1972
1972,B,5,,Marquis Society Hall,160,,,R. M. Bhola,21,"Government Gazette No. 20 of 1972, p. 133",1972
1972,B,5,,Marquis Society Hall,160,,,H. Alexis,130,"Government Gazette No. 20 of 1972, p. 133",1972
1972,B,6,,"Mr. Franklin Carriman's house, Mt. Fan",177,,,R. M. Bhola,35,"Government Gazette No. 20 of 1972, p. 133",1972
1972,B,6,,"Mr. Franklin Carriman's house, Mt. Fan",177,,,H. Alexis,123,"Government Gazette No. 20 of 1972, p. 133",1972
1972,B,7,,"Mr. DeCosta Carriman's Shop, Conma",142,,,R. M. Bhola,58,"Government Gazette No. 20 of 1972, p. 133",1972
1972,B,7,,"Mr. DeCosta Carriman's Shop, Conma",142,,,H. Alexis,69,"Government Gazette No. 20 of 1972, p. 133",1972
1972,B,8,,The New Crochu R. C. School,183,,,R. M. Bhola,28,"Government Gazette No. 20 of 1972, p. 133",1972
1972,B,8,,The New Crochu R. C. School,183,,,H. Alexis,137,"Government Gazette No. 20 of 1972, p. 133",1972
1972,B,9,,"The Old R. C. School, Crochu",209,,,R. M. Bhola,55,"Government Gazette No. 20 of 1972, p. 133",1972
1972,B,9,,"The Old R. C. School, Crochu",209,,,H. Alexis,118,"Government Gazette No. 20 of 1972, p. 133",1972
1972,B,10,,"Mr. Gordon Carriman's Shop, Mamma Cannes",174,,,R. M. Bhola,14,"Government Gazette No. 20 of 1972, p. 133",1972
1972,B,10,,"Mr. Gordon Carriman's Shop, Mamma Cannes",174,,,H. Alexis,133,"Government Gazette No. 20 of 1972, p. 133",1972
1972,F,1,,Alfred Cornwall's Shop,281,,,C. B. Gairy,196,"Government Gazette No. 20 of 1972, p. 133",1972
1972,F,1,,Alfred Cornwall's Shop,281,,,I. Whiteman,43,"Government Gazette No. 20 of 1972, p. 133",1972
1972,F,1A,,Westerhall Farm,299,,,C. B. Gairy,147,"Government Gazette No. 20 of 1972, p. 133",1972
1972,F,1A,,Westerhall Farm,299,,,I. Whiteman,75,"Government Gazette No. 20 of 1972, p. 133",1972
1972,F,2,,"Old School, Perdmontemps",300,,,C. B. Gairy,143,"Government Gazette No. 20 of 1972, p. 133",1972
1972,F,2,,"Old School, Perdmontemps",300,,,I. Whiteman,102,"Government Gazette No. 20 of 1972, p. 133",1972
1972,F,3,,"New School, Perdmontemps",456,,,C. B. Gairy,258,"Government Gazette No. 20 of 1972, p. 133",1972
1972,F,3,,"New School, Perdmontemps",456,,,I. Whiteman,115,"Government Gazette No. 20 of 1972, p. 133",1972
1972,F,4,,Windsor Forest Community Centre,490,,,C. B. Gairy,307,"Government Gazette No. 20 of 1972, p. 133",1972
1972,F,4,,Windsor Forest Community Centre,490,,,I. Whiteman,75,"Government Gazette No. 20 of 1972, p. 133",1972
1972,F,5,,Vincennes R. C. School,544,,,C. B. Gairy,288,"Government Gazette No. 20 of 1972, p. 133",1972
1972,F,5,,Vincennes R. C. School,544,,,I. Whiteman,141,"Government Gazette No. 20 of 1972, p. 133",1972
1972,F,6,,Corinth Community Centre,300,,,C. B. Gairy,204,"Government Gazette No. 20 of 1972, p. 133",1972
1972,F,6,,Corinth Community Centre,300,,,I. Whiteman,52,"Government Gazette No. 20 of 1972, p. 133",1972
1972,F,7,,Foresters' Court,399,,,C. B. Gairy,144,"Government Gazette No. 20 of 1972, p. 133",1972
1972,F,7,,Foresters' Court,399,,,I. Whiteman,173,"Government Gazette No. 20 of 1972, p. 133",1972
1972,F,8,,The Court House,338,,,C. B. Gairy,168,"Government Gazette No. 20 of 1972, p. 133",1972
1972,F,8,,The Court House,338,,,I. Whiteman,132,"Government Gazette No. 20 of 1972, p. 133",1972
1972,F,9,,Balmoral Hall,235,,,C. B. Gairy,143,"Government Gazette No. 20 of 1972, p. 133",1972
1972,F,9,,Balmoral Hall,235,,,I. Whiteman,68,"Government Gazette No. 20 of 1972, p. 133",1972
1972,F,10,,Pomme Rose R. C. School,277,,,C. B. Gairy,112,"Government Gazette No. 20 of 1972, p. 133",1972
1972,F,10,,Pomme Rose R. C. School,277,,,I. Whiteman,130,"Government Gazette No. 20 of 1972, p. 133",1972
1972,F,11,,Charlie Blesadille's Club,535,,,C. B. Gairy,294,"Government Gazette No. 20 of 1972, p. 133",1972
1972,F,11,,Charlie Blesadille's Club,535,,,I. Whiteman,156,"Government Gazette No. 20 of 1972, p. 133",1972
1972,A,1,,Windward Clinic,283,,,H. A. Blaize,194,"Government Gazette No. 20 of 1972, p. 136",1972
1972,A,1,,Windward Clinic,283,,,M. Caesar,30,"Government Gazette No. 20 of 1972, p. 136",1972
1972,A,2,,Mrs. Margaret Peters' House (Bogles),181,,,H. A. Blaize,121,"Government Gazette No. 20 of 1972, p. 136",1972
1972,A,2,,Mrs. Margaret Peters' House (Bogles),181,,,M. Caesar,23,"Government Gazette No. 20 of 1972, p. 136",1972
1972,A,3,,Dover Government School,186,,,H. A. Blaize,113,"Government Gazette No. 20 of 1972, p. 136",1972
1972,A,3,,Dover Government School,186,,,M. Caesar,40,"Government Gazette No. 20 of 1972, p. 136",1972
1972,A,4,,Mt. Pleasant Government School,219,,,H. A. Blaize,106,"Government Gazette No. 20 of 1972, p. 136",1972
1972,A,4,,Mt. Pleasant Government School,219,,,M. Caesar,66,"Government Gazette No. 20 of 1972, p. 136",1972
1972,A,5,,Top Hill Rest House,172,,,H. A. Blaize,108,"Government Gazette No. 20 of 1972, p. 136",1972
1972,A,5,,Top Hill Rest House,172,,,M. Caesar,20,"Government Gazette No. 20 of 1972, p. 136",1972
1972,A,6,,Hillsborough Government School,214,,,H. A. Blaize,147,"Government Gazette No. 20 of 1972, p. 136",1972
1972,A,6,,Hillsborough Government School,214,,,M. Caesar,35,"Government Gazette No. 20 of 1972, p. 136",1972
1972,A,7,,Police Station (Hillsborough),254,,,H. A. Blaize,181,"Government Gazette No. 20 of 1972, p. 136",1972
1972,A,7,,Police Station (Hillsborough),254,,,M. Caesar,48,"Government Gazette No. 20 of 1972, p. 136",1972
1972,A,8,,Six Roads Primary School,215,,,H. A. Blaize,171,"Government Gazette No. 20 of 1972, p. 136",1972
1972,A,8,,Six Roads Primary School,215,,,M. Caesar,15,"Government Gazette No. 20 of 1972, p. 136",1972
1972,A,9,,L'Esterre R. C. School,325,,,H. A. Blaize,244,"Government Gazette No. 20 of 1972, p. 136",1972
1972,A,9,,L'Esterre R. C. School,325,,,M. Caesar,18,"Government Gazette No. 20 of 1972, p. 136",1972
1972,A,10,,Harvey Vale Government School,293,,,H. A. Blaize,172,"Government Gazette No. 20 of 1972, p. 136",1972
1972,A,10,,Harvey Vale Government School,293,,,M. Caesar,72,"Government Gazette No. 20 of 1972, p. 136",1972
1972,A,11,,Petit Martinique School,331,,,H. A. Blaize,75,"Government Gazette No. 20 of 1972, p. 136",1972
1972,A,11,,Petit Martinique School,331,,,M. Caesar,171,"Government Gazette No. 20 of 1972, p. 136",1972
2016r,A,A01,,,287,75,81,YES,197,PEO referendum certificates 2016,current
2016r,A,A01,,,287,75,81,NO,247,PEO referendum certificates 2016,current
2016r,A,A02,,,303,74,53,YES,218,PEO referendum certificates 2016,current
2016r,A,A02,,,303,74,53,NO,247,PEO referendum certificates 2016,current
2016r,A,A03,a,,183,59,49,YES,144,PEO referendum certificates 2016,current
2016r,A,A03,a,,183,59,49,NO,220,PEO referendum certificates 2016,current
2016r,A,A03,b,,192,61,51,YES,108,PEO referendum certificates 2016,current
2016r,A,A03,b,,192,61,51,NO,268,PEO referendum certificates 2016,current
2016r,A,A04,,,253,92,129,YES,177,PEO referendum certificates 2016,current
2016r,A,A04,,,253,92,129,NO,338,PEO referendum certificates 2016,current
2016r,A,A05,,,309,111,136,YES,285,PEO referendum certificates 2016,current
2016r,A,A05,,,309,111,136,NO,357,PEO referendum certificates 2016,current
2016r,A,A06,a,,243,67,29,YES,117,PEO referendum certificates 2016,current
2016r,A,A06,a,,243,67,29,NO,323,PEO referendum certificates 2016,current
2016r,A,A06,b,,230,65,40,YES,115,PEO referendum certificates 2016,current
2016r,A,A06,b,,230,65,40,NO,300,PEO referendum certificates 2016,current
2016r,A,A07,,,246,98,98,YES,229,PEO referendum certificates 2016,current
2016r,A,A07,,,246,98,98,NO,359,PEO referendum certificates 2016,current
2016r,A,A08,a,,243,76,103,YES,180,PEO referendum certificates 2016,current
2016r,A,A08,a,,243,76,103,NO,248,PEO referendum certificates 2016,current
2016r,A,A08,b,,186,68,52,YES,183,PEO referendum certificates 2016,current
2016r,A,A08,b,,186,68,52,NO,231,PEO referendum certificates 2016,current
2016r,A,A09,a,,339,106,90,YES,242,PEO referendum certificates 2016,current
2016r,A,A09,a,,339,106,90,NO,410,PEO referendum certificates 2016,current
2016r,A,A09,b,,346,109,192,YES,247,PEO referendum certificates 2016,current
2016r,A,A09,b,,346,109,192,NO,324,PEO referendum certificates 2016,current
2016r,A,A10,a,,284,79,66,YES,144,PEO referendum certificates 2016,current
2016r,A,A10,a,,284,79,66,NO,343,PEO referendum certificates 2016,current
2016r,A,A10,b,,264,76,24,YES,244,PEO referendum certificates 2016,current
2016r,A,A10,b,,264,76,24,NO,255,PEO referendum certificates 2016,current
2016r,A,A11,a,,252,52,82,YES,75,PEO referendum certificates 2016,current
2016r,A,A11,a,,252,52,82,NO,207,PEO referendum certificates 2016,current
2016r,A,A11,b,,261,68,26,YES,106,PEO referendum certificates 2016,current
2016r,A,A11,b,,261,68,26,NO,344,PEO referendum certificates 2016,current
2016r,B,B01,a,,339,111,37,YES,250,PEO referendum certificates 2016,current
2016r,B,B01,a,,339,111,37,NO,480,PEO referendum certificates 2016,current
2016r,B,B01,b,,335,100,64,YES,232,PEO referendum certificates 2016,current
2016r,B,B01,b,,335,100,64,NO,404,PEO referendum certificates 2016,current
2016r,B,B01,c,,340,105,50,YES,199,PEO referendum certificates 2016,current
2016r,B,B01,c,,340,105,50,NO,486,PEO referendum certificates 2016,current
2016r,B,B02,a,,213,79,27,YES,117,PEO referendum certificates 2016,current
2016r,B,B02,a,,213,79,27,NO,409,PEO referendum certificates 2016,current
2016r,B,B02,b,,237,78,17,YES,109,PEO referendum certificates 2016,current
2016r,B,B02,b,,237,78,17,NO,420,PEO referendum certificates 2016,current
2016r,B,B03,,,293,107,62,YES,316,PEO referendum certificates 2016,current
2016r,B,B03,,,293,107,62,NO,371,PEO referendum certificates 2016,current
2016r,B,B04,,,237,86,40,YES,216,PEO referendum certificates 2016,current
2016r,B,B04,,,237,86,40,NO,343,PEO referendum certificates 2016,current
2016r,B,B05,,,343,112,36,YES,252,PEO referendum certificates 2016,current
2016r,B,B05,,,343,112,36,NO,493,PEO referendum certificates 2016,current
2016r,B,B06,a,,247,84,22,YES,198,PEO referendum certificates 2016,current
2016r,B,B06,a,,247,84,22,NO,368,PEO referendum certificates 2016,current
2016r,B,B06,b,,255,83,37,YES,147,PEO referendum certificates 2016,current
2016r,B,B06,b,,255,83,37,NO,397,PEO referendum certificates 2016,current
2016r,B,B07,a,,191,50,38,YES,76,PEO referendum certificates 2016,current
2016r,B,B07,a,,191,50,38,NO,236,PEO referendum certificates 2016,current
2016r,B,B07,b,,204,64,33,YES,163,PEO referendum certificates 2016,current
2016r,B,B07,b,,204,64,33,NO,252,PEO referendum certificates 2016,current
2016r,B,B08,,,181,56,49,YES,142,PEO referendum certificates 2016,current
2016r,B,B08,,,181,56,49,NO,201,PEO referendum certificates 2016,current
2016r,B,B09,a,,182,52,8,YES,135,PEO referendum certificates 2016,current
2016r,B,B09,a,,182,52,8,NO,220,PEO referendum certificates 2016,current
2016r,B,B09,b,,215,68,38,YES,200,PEO referendum certificates 2016,current
2016r,B,B09,b,,215,68,38,NO,238,PEO referendum certificates 2016,current
2016r,B,B10,,,228,81,28,YES,194,PEO referendum certificates 2016,current
2016r,B,B10,,,228,81,28,NO,345,PEO referendum certificates 2016,current
2016r,C,C01,,,203,41,33,YES,92,PEO referendum certificates 2016,current
2016r,C,C01,,,203,41,33,NO,162,PEO referendum certificates 2016,current
2016r,C,C02,,,66,24,33,YES,42,PEO referendum certificates 2016,current
2016r,C,C02,,,66,24,33,NO,93,PEO referendum certificates 2016,current
2016r,C,C03,,,189,61,21,YES,84,PEO referendum certificates 2016,current
2016r,C,C03,,,189,61,21,NO,322,PEO referendum certificates 2016,current
2016r,C,C04,,,142,43,3,YES,93,PEO referendum certificates 2016,current
2016r,C,C04,,,142,43,3,NO,215,PEO referendum certificates 2016,current
2016r,C,C05,,,226,76,22,YES,171,PEO referendum certificates 2016,current
2016r,C,C05,,,226,76,22,NO,335,PEO referendum certificates 2016,current
2016r,C,C06,,,199,51,24,YES,128,PEO referendum certificates 2016,current
2016r,C,C06,,,199,51,24,NO,205,PEO referendum certificates 2016,current
2016r,C,C07,a,,282,63,13,YES,157,PEO referendum certificates 2016,current
2016r,C,C07,a,,282,63,13,NO,257,PEO referendum certificates 2016,current
2016r,C,C07,b,,274,104,32,YES,289,PEO referendum certificates 2016,current
2016r,C,C07,b,,274,104,32,NO,407,PEO referendum certificates 2016,current
2016r,C,C08,a,,210,89,19,YES,144,PEO referendum certificates 2016,current
2016r,C,C08,a,,210,89,19,NO,460,PEO referendum certificates 2016,current
2016r,C,C08,b,,197,77,8,YES,134,PEO referendum certificates 2016,current
2016r,C,C08,b,,197,77,8,NO,397,PEO referendum certificates 2016,current
2016r,C,C09,a,,235,94,29,YES,167,PEO referendum certificates 2016,current
2016r,C,C09,a,,235,94,29,NO,462,PEO referendum certificates 2016,current
2016r,C,C09,b,,228,97,55,YES,132,PEO referendum certificates 2016,current
2016r,C,C09,b,,228,97,55,NO,491,PEO referendum certificates 2016,current
2016r,C,C10,a,,212,85,55,YES,140,PEO referendum certificates 2016,current
2016r,C,C10,a,,212,85,55,NO,400,PEO referendum certificates 2016,current
2016r,C,C10,b,,215,100,68,YES,162,PEO referendum certificates 2016,current
2016r,C,C10,b,,215,100,68,NO,470,PEO referendum certificates 2016,current
2016r,C,C11,a,,205,63,14,YES,130,PEO referendum certificates 2016,current
2016r,C,C11,a,,205,63,14,NO,297,PEO referendum certificates 2016,current
2016r,C,C11,b,,211,62,12,YES,97,PEO referendum certificates 2016,current
2016r,C,C11,b,,211,62,12,NO,325,PEO referendum certificates 2016,current
2016r,C,C12,,,298,118,55,YES,264,PEO referendum certificates 2016,current
2016r,C,C12,,,298,118,55,NO,507,PEO referendum certificates 2016,current
2016r,C,C13,a,,170,62,25,YES,114,PEO referendum certificates 2016,current
2016r,C,C13,a,,170,62,25,NO,292,PEO referendum certificates 2016,current
2016r,C,C13,b,,170,66,18,YES,102,PEO referendum certificates 2016,current
2016r,C,C13,b,,170,66,18,NO,342,PEO referendum certificates 2016,current
2016r,C,C14,a,,218,73,41,YES,211,PEO referendum certificates 2016,current
2016r,C,C14,a,,218,73,41,NO,259,PEO referendum certificates 2016,current
2016r,C,C14,b,,176,85,78,YES,221,PEO referendum certificates 2016,current
2016r,C,C14,b,,176,85,78,NO,296,PEO referendum certificates 2016,current
2016r,D,D01,a,,293,84,33,YES,184,PEO referendum certificates 2016,current
2016r,D,D01,a,,293,84,33,NO,371,PEO referendum certificates 2016,current
2016r,D,D01,b,,294,122,13,YES,283,PEO referendum certificates 2016,current
2016r,D,D01,b,,294,122,13,NO,551,PEO referendum certificates 2016,current
2016r,D,D01,c,,293,87,29,YES,151,PEO referendum certificates 2016,current
2016r,D,D01,c,,293,87,29,NO,429,PEO referendum certificates 2016,current
2016r,D,D02,a,,305,91,59,YES,159,PEO referendum certificates 2016,current
2016r,D,D02,a,,305,91,59,NO,419,PEO referendum certificates 2016,current
2016r,D,D02,b,,287,81,27,YES,193,PEO referendum certificates 2016,current
2016r,D,D02,b,,287,81,27,NO,347,PEO referendum certificates 2016,current
2016r,D,D02,c,,276,77,25,YES,128,PEO referendum certificates 2016,current
2016r,D,D02,c,,276,77,25,NO,386,PEO referendum certificates 2016,current
2016r,D,D03,a,,311,89,34,YES,185,PEO referendum certificates 2016,current
2016r,D,D03,a,,311,89,34,NO,404,PEO referendum certificates 2016,current
2016r,D,D03,b,,290,72,34,YES,133,PEO referendum certificates 2016,current
2016r,D,D03,b,,290,72,34,NO,336,PEO referendum certificates 2016,current
2016r,D,D04,a,,338,98,30,YES,227,PEO referendum certificates 2016,current
2016r,D,D04,a,,338,98,30,NO,429,PEO referendum certificates 2016,current
2016r,D,D04,b,,343,111,56,YES,245,PEO referendum certificates 2016,current
2016r,D,D04,b,,343,111,56,NO,476,PEO referendum certificates 2016,current
2016r,D,D04,c,,328,109,32,YES,198,PEO referendum certificates 2016,current
2016r,D,D04,c,,328,109,32,NO,533,PEO referendum certificates 2016,current
2016r,D,D05,a,,255,78,25,YES,250,PEO referendum certificates 2016,current
2016r,D,D05,a,,255,78,25,NO,271,PEO referendum certificates 2016,current
2016r,D,D05,b,,235,74,59,YES,194,PEO referendum certificates 2016,current
2016r,D,D05,b,,235,74,59,NO,265,PEO referendum certificates 2016,current
2016r,D,D06,,,331,106,42,YES,126,PEO referendum certificates 2016,current
2016r,D,D06,,,331,106,42,NO,574,PEO referendum certificates 2016,current
2016r,D,D07,,,221,85,16,YES,115,PEO referendum certificates 2016,current
2016r,D,D07,,,221,85,16,NO,464,PEO referendum certificates 2016,current
2016r,E,E01,,,211,88,46,YES,267,PEO referendum certificates 2016,current
2016r,E,E01,,,211,88,46,NO,303,PEO referendum certificates 2016,current
2016r,E,E02,a,,307,118,98,YES,194,PEO referendum certificates 2016,current
2016r,E,E02,a,,307,118,98,NO,534,PEO referendum certificates 2016,current
2016r,E,E02,b,,267,109,96,YES,203,PEO referendum certificates 2016,current
2016r,E,E02,b,,267,109,96,NO,464,PEO referendum certificates 2016,current
2016r,E,E02,c,,300,107,79,YES,176,PEO referendum certificates 2016,current
2016r,E,E02,c,,300,107,79,NO,494,PEO referendum certificates 2016,current
2016r,E,E02,d,,284,104,84,YES,239,PEO referendum certificates 2016,current
2016r,E,E02,d,,284,104,84,NO,405,PEO referendum certificates 2016,current
2016r,E,E03,a,,233,91,23,YES,111,PEO referendum certificates 2016,current
2016r,E,E03,a,,233,91,23,NO,503,PEO referendum certificates 2016,current
2016r,E,E03,b,,237,58,37,YES,88,PEO referendum certificates 2016,current
2016r,E,E03,b,,237,58,37,NO,279,PEO referendum certificates 2016,current
2016r,E,E04,a,,299,107,56,YES,217,PEO referendum certificates 2016,current
2016r,E,E04,a,,299,107,56,NO,476,PEO referendum certificates 2016,current
2016r,E,E04,b,,297,123,42,YES,219,PEO referendum certificates 2016,current
2016r,E,E04,b,,297,123,42,NO,600,PEO referendum certificates 2016,current
2016r,E,E05,a,,287,90,46,YES,172,PEO referendum certificates 2016,current
2016r,E,E05,a,,287,90,46,NO,412,PEO referendum certificates 2016,current
2016r,E,E05,b,,296,91,90,YES,146,PEO referendum certificates 2016,current
2016r,E,E05,b,,296,91,90,NO,401,PEO referendum certificates 2016,current
2016r,E,E05,c,,261,132,49,YES,245,PEO referendum certificates 2016,current
2016r,E,E05,c,,261,132,49,NO,630,PEO referendum certificates 2016,current
2016r,E,E06,a,,179,70,31,YES,119,PEO referendum certificates 2016,current
2016r,E,E06,a,,179,70,31,NO,340,PEO referendum certificates 2016,current
2016r,E,E06,b,,188,64,49,YES,104,PEO referendum certificates 2016,current
2016r,E,E06,b,,188,64,49,NO,295,PEO referendum certificates 2016,current
2016r,E,E07,a,,184,85,25,YES,148,PEO referendum certificates 2016,current
2016r,E,E07,a,,184,85,25,NO,422,PEO referendum certificates 2016,current
2016r,E,E07,b,,174,86,44,YES,168,PEO referendum certificates 2016,current
2016r,E,E07,b,,174,86,44,NO,391,PEO referendum certificates 2016,current
2016r,F,F01,,,338,80,50,YES,178,PEO referendum certificates 2016,current
2016r,F,F01,,,338,80,50,NO,332,PEO referendum certificates 2016,current
2016r,F,F02,a,,334,109,24,YES,273,PEO referendum certificates 2016,current
2016r,F,F02,a,,334,109,24,NO,466,PEO referendum certificates 2016,current
2016r,F,F02,b,,337,99,44,YES,188,PEO referendum certificates 2016,current
2016r,F,F02,b,,337,99,44,NO,461,PEO referendum certificates 2016,current
2016r,F,F03,a,,227,90,51,YES,191,PEO referendum certificates 2016,current
2016r,F,F03,a,,227,90,51,NO,388,PEO referendum certificates 2016,current
2016r,F,F03,b,,171,70,40,YES,105,PEO referendum certificates 2016,current
2016r,F,F03,b,,171,70,40,NO,347,PEO referendum certificates 2016,current
2016r,F,F04,a,,243,77,101,YES,136,PEO referendum certificates 2016,current
2016r,F,F04,a,,243,77,101,NO,302,PEO referendum certificates 2016,current
2016r,F,F04,b,,254,96,99,YES,178,PEO referendum certificates 2016,current
2016r,F,F04,b,,254,96,99,NO,395,PEO referendum certificates 2016,current
2016r,F,F04,c,,243,84,89,YES,129,PEO referendum certificates 2016,current
2016r,F,F04,c,,243,84,89,NO,370,PEO referendum certificates 2016,current
2016r,F,F05,a,,284,71,28,YES,137,PEO referendum certificates 2016,current
2016r,F,F05,a,,284,71,28,NO,332,PEO referendum certificates 2016,current
2016r,F,F05,b,,291,84,11,YES,176,PEO referendum certificates 2016,current
2016r,F,F05,b,,291,84,11,NO,401,PEO referendum certificates 2016,current
2016r,F,F06,a,,285,97,39,YES,179,PEO referendum certificates 2016,current
2016r,F,F06,a,,285,97,39,NO,460,PEO referendum certificates 2016,current
2016r,F,F06,b,,266,78,22,YES,154,PEO referendum certificates 2016,current
2016r,F,F06,b,,266,78,22,NO,377,PEO referendum certificates 2016,current
2016r,F,F06,c,,271,96,10,YES,169,PEO referendum certificates 2016,current
2016r,F,F06,c,,271,96,10,NO,493,PEO referendum certificates 2016,current
2016r,F,F06,d,,247,76,35,YES,110,PEO referendum certificates 2016,current
2016r,F,F06,d,,247,76,35,NO,386,PEO referendum certificates 2016,current
2016r,F,F07,,,346,125,29,YES,186,PEO referendum certificates 2016,current
2016r,F,F07,,,346,125,29,NO,664,PEO referendum certificates 2016,current
2016r,F,F08,a,,305,150,43,YES,337,PEO referendum certificates 2016,current
2016r,F,F08,a,,305,150,43,NO,670,PEO referendum certificates 2016,current
2016r,F,F08,b,,307,78,18,YES,155,PEO referendum certificates 2016,current
2016r,F,F08,b,,307,78,18,NO,373,PEO referendum certificates 2016,current
2016r,F,F09,a,,224,48,30,YES,76,PEO referendum certificates 2016,current
2016r,F,F09,a,,224,48,30,NO,230,PEO referendum certificates 2016,current
2016r,F,F09,b,,233,56,64,YES,97,PEO referendum certificates 2016,current
2016r,F,F09,b,,233,56,64,NO,231,PEO referendum certificates 2016,current
2016r,F,F10,a,,304,74,46,YES,137,PEO referendum certificates 2016,current
2016r,F,F10,a,,304,74,46,NO,335,PEO referendum certificates 2016,current
2016r,F,F10,b,,313,83,30,YES,139,PEO referendum certificates 2016,current
2016r,F,F10,b,,313,83,30,NO,390,PEO referendum certificates 2016,current
2016r,F,F11,a,,267,80,36,YES,135,PEO referendum certificates 2016,current
2016r,F,F11,a,,267,80,36,NO,388,PEO referendum certificates 2016,current
2016r,F,F11,b,,274,72,57,YES,160,PEO referendum certificates 2016,current
2016r,F,F11,b,,274,72,57,NO,287,PEO referendum certificates 2016,current
2016r,F,F12,a,,263,103,2,YES,220,PEO referendum certificates 2016,current
2016r,F,F12,a,,263,103,2,NO,499,PEO referendum certificates 2016,current
2016r,F,F12,b,,286,121,43,YES,327,PEO referendum certificates 2016,current
2016r,F,F12,b,,286,121,43,NO,476,PEO referendum certificates 2016,current
2016r,F,F12,c,,268,90,27,YES,217,PEO referendum certificates 2016,current
2016r,F,F12,c,,268,90,27,NO,385,PEO referendum certificates 2016,current
2016r,F,F12,d,,268,106,33,YES,175,PEO referendum certificates 2016,current
2016r,F,F12,d,,268,106,33,NO,534,PEO referendum certificates 2016,current
2016r,G,G01,,,97,25,6,YES,57,PEO referendum certificates 2016,current
2016r,G,G01,,,97,25,6,NO,112,PEO referendum certificates 2016,current
2016r,G,G02,a,,211,70,18,YES,201,PEO referendum certificates 2016,current
2016r,G,G02,a,,211,70,18,NO,271,PEO referendum certificates 2016,current
2016r,G,G02,b,,223,75,49,YES,148,PEO referendum certificates 2016,current
2016r,G,G02,b,,223,75,49,NO,328,PEO referendum certificates 2016,current
2016r,G,G03,a,,282,86,37,YES,258,PEO referendum certificates 2016,current
2016r,G,G03,a,,282,86,37,NO,307,PEO referendum certificates 2016,current
2016r,G,G03,b,,298,80,24,YES,216,PEO referendum certificates 2016,current
2016r,G,G03,b,,298,80,24,NO,320,PEO referendum certificates 2016,current
2016r,G,G03,c,,284,77,19,YES,192,PEO referendum certificates 2016,current
2016r,G,G03,c,,284,77,19,NO,328,PEO referendum certificates 2016,current
2016r,G,G03,d,,290,76,17,YES,236,PEO referendum certificates 2016,current
2016r,G,G03,d,,290,76,17,NO,279,PEO referendum certificates 2016,current
2016r,G,G03,e,,277,88,53,YES,242,PEO referendum certificates 2016,current
2016r,G,G03,e,,277,88,53,NO,320,PEO referendum certificates 2016,current
2016r,G,G04,,,131,63,26,YES,143,PEO referendum certificates 2016,current
2016r,G,G04,,,131,63,26,NO,272,PEO referendum certificates 2016,current
2016r,G,G05,,,228,77,19,YES,157,PEO referendum certificates 2016,current
2016r,G,G05,,,228,77,19,NO,363,PEO referendum certificates 2016,current
2016r,G,G06,,,316,117,7,YES,320,PEO referendum certificates 2016,current
2016r,G,G06,,,316,117,7,NO,492,PEO referendum certificates 2016,current
2016r,G,G07,,,27,12,4,YES,24,PEO referendum certificates 2016,current
2016r,G,G07,,,27,12,4,NO,56,PEO referendum certificates 2016,current
2016r,G,G08,,,327,91,31,YES,201,PEO referendum certificates 2016,current
2016r,G,G08,,,327,91,31,NO,404,PEO referendum certificates 2016,current
2016r,G,G09,,,31,12,6,YES,40,PEO referendum certificates 2016,current
2016r,G,G09,,,31,12,6,NO,38,PEO referendum certificates 2016,current
2016r,H,H01,a,,183,73,6,YES,144,PEO referendum certificates 2016,current
2016r,H,H01,a,,183,73,6,NO,361,PEO referendum certificates 2016,current
2016r,H,H01,b,,194,90,26,YES,159,PEO referendum certificates 2016,current
2016r,H,H01,b,,194,90,26,NO,445,PEO referendum certificates 2016,current
2016r,H,H02,a,,330,132,46,YES,241,PEO referendum certificates 2016,current
2016r,H,H02,a,,330,132,46,NO,637,PEO referendum certificates 2016,current
2016r,H,H02,b,,334,122,44,YES,186,PEO referendum certificates 2016,current
2016r,H,H02,b,,334,122,44,NO,624,PEO referendum certificates 2016,current
2016r,H,H03,,,131,56,17,YES,127,PEO referendum certificates 2016,current
2016r,H,H03,,,131,56,17,NO,248,PEO referendum certificates 2016,current
2016r,H,H04,a,,292,106,42,YES,150,PEO referendum certificates 2016,current
2016r,H,H04,a,,292,106,42,NO,550,PEO referendum certificates 2016,current
2016r,H,H04,b,,254,92,28,YES,144,PEO referendum certificates 2016,current
2016r,H,H04,b,,254,92,28,NO,474,PEO referendum certificates 2016,current
2016r,H,H05,a,,314,96,31,YES,197,PEO referendum certificates 2016,current
2016r,H,H05,a,,314,96,31,NO,444,PEO referendum certificates 2016,current
2016r,H,H05,b,,338,119,77,YES,267,PEO referendum certificates 2016,current
2016r,H,H05,b,,338,119,77,NO,490,PEO referendum certificates 2016,current
2016r,H,H05,c,,300,107,29,YES,229,PEO referendum certificates 2016,current
2016r,H,H05,c,,300,107,29,NO,492,PEO referendum certificates 2016,current
2016r,H,H06,a,,271,92,29,YES,204,PEO referendum certificates 2016,current
2016r,H,H06,a,,271,92,29,NO,410,PEO referendum certificates 2016,current
2016r,H,H06,b,,275,86,16,YES,146,PEO referendum certificates 2016,current
2016r,H,H06,b,,275,86,16,NO,438,PEO referendum certificates 2016,current
2016r,H,H07,a,,278,97,14,YES,437,PEO referendum certificates 2016,current
2016r,H,H07,a,,278,97,14,NO,226,PEO referendum certificates 2016,current
2016r,H,H07,b,,280,96,34,YES,188,PEO referendum certificates 2016,current
2016r,H,H07,b,,280,96,34,NO,448,PEO referendum certificates 2016,current
2016r,H,H07,c,,282,107,43,YES,198,PEO referendum certificates 2016,current
2016r,H,H07,c,,282,107,43,NO,508,PEO referendum certificates 2016,current
2016r,H,H07,d,,275,131,55,YES,251,PEO referendum certificates 2016,current
2016r,H,H07,d,,275,131,55,NO,611,PEO referendum certificates 2016,current
2016r,H,H07,e,,284,115,16,YES,265,PEO referendum certificates 2016,current
2016r,H,H07,e,,284,115,16,NO,524,PEO referendum certificates 2016,current
2016r,H,H08,a,,282,122,65,YES,236,PEO referendum certificates 2016,current
2016r,H,H08,a,,282,122,65,NO,556,PEO referendum certificates 2016,current
2016r,H,H08,b,,266,108,16,YES,183,PEO referendum certificates 2016,current
2016r,H,H08,b,,266,108,16,NO,559,PEO referendum certificates 2016,current
2016r,H,H08,c,,270,114,9,YES,239,PEO referendum certificates 2016,current
2016r,H,H08,c,,270,114,9,NO,554,PEO referendum certificates 2016,current
2016r,H,H09,a,,253,96,29,YES,225,PEO referendum certificates 2016,current
2016r,H,H09,a,,253,96,29,NO,418,PEO referendum certificates 2016,current
2016r,H,H09,b,,268,115,48,YES,246,PEO referendum certificates 2016,current
2016r,H,H09,b,,268,115,48,NO,511,PEO referendum certificates 2016,current
2016r,H,H09,c,,250,99,37,YES,179,PEO referendum certificates 2016,current
2016r,H,H09,c,,250,99,37,NO,477,PEO referendum certificates 2016,current
2016r,J,J01,a,,326,90,43,YES,278,PEO referendum certificates 2016,current
2016r,J,J01,a,,326,90,43,NO,309,PEO referendum certificates 2016,current
2016r,J,J01,b,,331,100,84,YES,319,PEO referendum certificates 2016,current
2016r,J,J01,b,,331,100,84,NO,297,PEO referendum certificates 2016,current
2016r,J,J02,a,,313,72,45,YES,242,PEO referendum certificates 2016,current
2016r,J,J02,a,,313,72,45,NO,217,PEO referendum certificates 2016,current
2016r,J,J02,b,,316,97,61,YES,300,PEO referendum certificates 2016,current
2016r,J,J02,b,,316,97,61,NO,318,PEO referendum certificates 2016,current
2016r,J,J02,c,,309,83,21,YES,286,PEO referendum certificates 2016,current
2016r,J,J02,c,,309,83,21,NO,289,PEO referendum certificates 2016,current
2016r,J,J03,a,,210,89,57,YES,339,PEO referendum certificates 2016,current
2016r,J,J03,a,,210,89,57,NO,227,PEO referendum certificates 2016,current
2016r,J,J03,b,,187,76,16,YES,230,PEO referendum certificates 2016,current
2016r,J,J03,b,,187,76,16,NO,283,PEO referendum certificates 2016,current
2016r,J,J04,a,,316,116,47,YES,427,PEO referendum certificates 2016,current
2016r,J,J04,a,,316,116,47,NO,338,PEO referendum certificates 2016,current
2016r,J,J04,b,,300,102,51,YES,383,PEO referendum certificates 2016,current
2016r,J,J04,b,,300,102,51,NO,280,PEO referendum certificates 2016,current
2016r,J,J04,c,,311,79,13,YES,304,PEO referendum certificates 2016,current
2016r,J,J04,c,,311,79,13,NO,236,PEO referendum certificates 2016,current
2016r,J,J05,a,,248,77,47,YES,291,PEO referendum certificates 2016,current
2016r,J,J05,a,,248,77,47,NO,201,PEO referendum certificates 2016,current
2016r,J,J05,b,,267,81,34,YES,290,PEO referendum certificates 2016,current
2016r,J,J05,b,,267,81,34,NO,247,PEO referendum certificates 2016,current
2016r,J,J06,,,68,30,10,YES,86,PEO referendum certificates 2016,current
2016r,J,J06,,,68,30,10,NO,113,PEO referendum certificates 2016,current
2016r,J,J07,,,280,110,48,YES,199,PEO referendum certificates 2016,current
2016r,J,J07,,,280,110,48,NO,523,PEO referendum certificates 2016,current
2016r,K,K01,,,173,57,6,YES,165,PEO referendum certificates 2016,current
2016r,K,K01,,,173,57,6,NO,228,PEO referendum certificates 2016,current
2016r,K,K02,a,,174,68,27,YES,173,PEO referendum certificates 2016,current
2016r,K,K02,a,,174,68,27,NO,276,PEO referendum certificates 2016,current
2016r,K,K02,b,,173,67,26,YES,152,PEO referendum certificates 2016,current
2016r,K,K02,b,,173,67,26,NO,291,PEO referendum certificates 2016,current
2016r,K,K03,,,309,152,16,YES,305,PEO referendum certificates 2016,current
2016r,K,K03,,,309,152,16,NO,743,PEO referendum certificates 2016,current
2016r,K,K04,a,,242,102,16,YES,212,PEO referendum certificates 2016,current
2016r,K,K04,a,,242,102,16,NO,486,PEO referendum certificates 2016,current
2016r,K,K04,b,,240,90,29,YES,200,PEO referendum certificates 2016,current
2016r,K,K04,b,,240,90,29,NO,401,PEO referendum certificates 2016,current
2016r,K,K04,c,,236,96,16,YES,224,PEO referendum certificates 2016,current
2016r,K,K04,c,,236,96,16,NO,432,PEO referendum certificates 2016,current
2016r,K,K05,,,299,111,36,YES,223,PEO referendum certificates 2016,current
2016r,K,K05,,,299,111,36,NO,516,PEO referendum certificates 2016,current
2016r,K,K06,,,181,81,17,YES,156,PEO referendum certificates 2016,current
2016r,K,K06,,,181,81,17,NO,394,PEO referendum certificates 2016,current
2016r,K,K07,a,,277,114,31,YES,289,PEO referendum certificates 2016,current
2016r,K,K07,a,,277,114,31,NO,478,PEO referendum certificates 2016,current
2016r,K,K07,b,,293,103,20,YES,296,PEO referendum certificates 2016,current
2016r,K,K07,b,,293,103,20,NO,405,PEO referendum certificates 2016,current
2016r,K,K07,c,,281,107,54,YES,214,PEO referendum certificates 2016,current
2016r,K,K07,c,,281,107,54,NO,481,PEO referendum certificates 2016,current
2016r,K,K08,a,,229,85,26,YES,142,PEO referendum certificates 2016,current
2016r,K,K08,a,,229,85,26,NO,426,PEO referendum certificates 2016,current
2016r,K,K08,b,,258,108,35,YES,245,PEO referendum certificates 2016,current
2016r,K,K08,b,,258,108,35,NO,476,PEO referendum certificates 2016,current
2016r,K,K08,c,,207,81,29,YES,179,PEO referendum certificates 2016,current
2016r,K,K08,c,,207,81,29,NO,359,PEO referendum certificates 2016,current
2016r,K,K09,,,286,111,62,YES,183,PEO referendum certificates 2016,current
2016r,K,K09,,,286,111,62,NO,532,PEO referendum certificates 2016,current
2016r,K,K10,a,,242,107,14,YES,263,PEO referendum certificates 2016,current
2016r,K,K10,a,,242,107,14,NO,472,PEO referendum certificates 2016,current
2016r,K,K10,b,,214,100,24,YES,278,PEO referendum certificates 2016,current
2016r,K,K10,b,,214,100,24,NO,398,PEO referendum certificates 2016,current
2016r,K,K10,c,,230,85,22,YES,228,PEO referendum certificates 2016,current
2016r,K,K10,c,,230,85,22,NO,351,PEO referendum certificates 2016,current
2016r,L,L01,a,,262,71,20,YES,136,PEO referendum certificates 2016,current
2016r,L,L01,a,,262,71,20,NO,341,PEO referendum certificates 2016,current
2016r,L,L01,b,,257,90,32,YES,222,PEO referendum certificates 2016,current
2016r,L,L01,b,,257,90,32,NO,376,PEO referendum certificates 2016,current
2016r,L,L01,c,,248,75,10,YES,162,PEO referendum certificates 2016,current
2016r,L,L01,c,,248,75,10,NO,353,PEO referendum certificates 2016,current
2016r,L,L01,d,,262,76,38,YES,112,PEO referendum certificates 2016,current
2016r,L,L01,d,,262,76,38,NO,382,PEO referendum certificates 2016,current
2016r,L,L02,,,344,113,41,YES,244,PEO referendum certificates 2016,current
2016r,L,L02,,,344,113,41,NO,506,PEO referendum certificates 2016,current
2016r,L,L03,a,,252,84,29,YES,161,PEO referendum certificates 2016,current
2016r,L,L03,a,,252,84,29,NO,398,PEO referendum certificates 2016,current
2016r,L,L03,b,,250,99,20,YES,216,PEO referendum certificates 2016,current
2016r,L,L03,b,,250,99,20,NO,453,PEO referendum certificates 2016,current
2016r,L,L04,a,,310,113,5,YES,282,PEO referendum certificates 2016,current
2016r,L,L04,a,,310,113,5,NO,503,PEO referendum certificates 2016,current
2016r,L,L04,b,,306,122,20,YES,269,PEO referendum certificates 2016,current
2016r,L,L04,b,,306,122,20,NO,565,PEO referendum certificates 2016,current
2016r,L,L04,c,,298,91,20,YES,226,PEO referendum certificates 2016,current
2016r,L,L04,c,,298,91,20,NO,391,PEO referendum certificates 2016,current
2016r,L,L05,a,,290,118,57,YES,248,PEO referendum certificates 2016,current
2016r,L,L05,a,,290,118,57,NO,521,PEO referendum certificates 2016,current
2016r,L,L05,b,,270,103,29,YES,135,PEO referendum certificates 2016,current
2016r,L,L05,b,,270,103,29,NO,557,PEO referendum certificates 2016,current
2016r,L,L06,a,,327,131,39,YES,321,PEO referendum certificates 2016,current
2016r,L,L06,a,,327,131,39,NO,557,PEO referendum certificates 2016,current
2016r,L,L06,b,,340,101,27,YES,242,PEO referendum certificates 2016,current
2016r,L,L06,b,,340,101,27,NO,438,PEO referendum certificates 2016,current
2016r,L,L06,c,,327,89,23,YES,168,PEO referendum certificates 2016,current
2016r,L,L06,c,,327,89,23,NO,431,PEO referendum certificates 2016,current
2016r,L,L06,d,,339,92,14,YES,191,PEO referendum certificates 2016,current
2016r,L,L06,d,,339,92,14,NO,429,PEO referendum certificates 2016,current
2016r,L,L07,a,,280,79,45,YES,203,PEO referendum certificates 2016,current
2016r,L,L07,a,,280,79,45,NO,305,PEO referendum certificates 2016,current
2016r,L,L07,b,,281,89,19,YES,214,PEO referendum certificates 2016,current
2016r,L,L07,b,,281,89,19,NO,390,PEO referendum certificates 2016,current
2016r,L,L07,c,,279,71,16,YES,178,PEO referendum certificates 2016,current
2016r,L,L07,c,,279,71,16,NO,303,PEO referendum certificates 2016,current
2016r,L,L07,d,,282,66,24,YES,154,PEO referendum certificates 2016,current
2016r,L,L07,d,,282,66,24,NO,284,PEO referendum certificates 2016,current
2016r,L,L07,e,,283,73,12,YES,188,PEO referendum certificates 2016,current
2016r,L,L07,e,,283,73,12,NO,311,PEO referendum certificates 2016,current
2016r,L,L07,f,,278,72,10,YES,190,PEO referendum certificates 2016,current
2016r,L,L07,f,,278,72,10,NO,304,PEO referendum certificates 2016,current
2016r,L,L07,g,,279,75,17,YES,167,PEO referendum certificates 2016,current
2016r,L,L07,g,,279,75,17,NO,345,PEO referendum certificates 2016,current
2016r,L,L08,a,,275,92,20,YES,176,PEO referendum certificates 2016,current
2016r,L,L08,a,,275,92,20,NO,448,PEO referendum certificates 2016,current
2016r,L,L08,b,,266,86,2,YES,186,PEO referendum certificates 2016,current
2016r,L,L08,b,,266,86,2,NO,414,PEO referendum certificates 2016,current
2016r,L,L08,c,,261,95,20,YES,237,PEO referendum certificates 2016,current
2016r,L,L08,c,,261,95,20,NO,408,PEO referendum certificates 2016,current
2016r,L,L08,d,,276,81,0,YES,184,PEO referendum certificates 2016,current
2016r,L,L08,d,,276,81,0,NO,380,PEO referendum certificates 2016,current
2016r,L,L08,e,,296,93,24,YES,197,PEO referendum certificates 2016,current
2016r,L,L08,e,,296,93,24,NO,430,PEO referendum certificates 2016,current
2016r,L,L08,f,,260,103,29,YES,230,PEO referendum certificates 2016,current
2016r,L,L08,f,,260,103,29,NO,463,PEO referendum certificates 2016,current
2016r,L,L08,g,,214,73,8,YES,170,PEO referendum certificates 2016,current
2016r,L,L08,g,,214,73,8,NO,333,PEO referendum certificates 2016,current
2016r,M,M01,a,,229,99,29,YES,228,PEO referendum certificates 2016,current
2016r,M,M01,a,,229,99,29,NO,436,PEO referendum certificates 2016,current
2016r,M,M01,b,,253,85,11,YES,161,PEO referendum certificates 2016,current
2016r,M,M01,b,,253,85,11,NO,423,PEO referendum certificates 2016,current
2016r,M,M02,a,,262,74,33,YES,233,PEO referendum certificates 2016,current
2016r,M,M02,a,,262,74,33,NO,252,PEO referendum certificates 2016,current
2016r,M,M02,b,,256,73,25,YES,185,PEO referendum certificates 2016,current
2016r,M,M02,b,,256,73,25,NO,303,PEO referendum certificates 2016,current
2016r,M,M02,c,,266,71,15,YES,164,PEO referendum certificates 2016,current
2016r,M,M02,c,,266,71,15,NO,318,PEO referendum certificates 2016,current
2016r,M,M03,a,,286,85,34,YES,214,PEO referendum certificates 2016,current
2016r,M,M03,a,,286,85,34,NO,347,PEO referendum certificates 2016,current
2016r,M,M03,b,,286,67,30,YES,150,PEO referendum certificates 2016,current
2016r,M,M03,b,,286,67,30,NO,289,PEO referendum certificates 2016,current
2016r,M,M04,a,,314,72,32,YES,181,PEO referendum certificates 2016,current
2016r,M,M04,a,,314,72,32,NO,291,PEO referendum certificates 2016,current
2016r,M,M04,b,,308,78,37,YES,229,PEO referendum certificates 2016,current
2016r,M,M04,b,,308,78,37,NO,280,PEO referendum certificates 2016,current
2016r,M,M04,c,,311,73,42,YES,168,PEO referendum certificates 2016,current
2016r,M,M04,c,,311,73,42,NO,301,PEO referendum certificates 2016,current
2016r,M,M05,a,,262,66,15,YES,204,PEO referendum certificates 2016,current
2016r,M,M05,a,,262,66,15,NO,243,PEO referendum certificates 2016,current
2016r,M,M05,b,,272,60,31,YES,142,PEO referendum certificates 2016,current
2016r,M,M05,b,,272,60,31,NO,247,PEO referendum certificates 2016,current
2016r,M,M05,c,,268,65,26,YES,213,PEO referendum certificates 2016,current
2016r,M,M05,c,,268,65,26,NO,216,PEO referendum certificates 2016,current
2016r,M,M06,,,208,51,32,YES,124,PEO referendum certificates 2016,current
2016r,M,M06,,,208,51,32,NO,197,PEO referendum certificates 2016,current
2016r,M,M07,a,,277,72,17,YES,173,PEO referendum certificates 2016,current
2016r,M,M07,a,,277,72,17,NO,314,PEO referendum certificates 2016,current
2016r,M,M07,b,,250,62,51,YES,156,PEO referendum certificates 2016,current
2016r,M,M07,b,,250,62,51,NO,227,PEO referendum certificates 2016,current
2016r,M,M07,c,,256,65,31,YES,127,PEO referendum certificates 2016,current
2016r,M,M07,c,,256,65,31,NO,297,PEO referendum certificates 2016,current
2016r,M,M08,a,,272,68,22,YES,160,PEO referendum certificates 2016,current
2016r,M,M08,a,,272,68,22,NO,294,PEO referendum certificates 2016,current
2016r,M,M08,b,,266,73,9,YES,143,PEO referendum certificates 2016,current
2016r,M,M08,b,,266,73,9,NO,359,PEO referendum certificates 2016,current
2016r,M,M09,,,235,83,22,YES,259,PEO referendum certificates 2016,current
2016r,M,M09,,,235,83,22,NO,300,PEO referendum certificates 2016,current
2016r,N,N01,,,263,56,36,YES,179,PEO referendum certificates 2016,current
2016r,N,N01,,,263,56,36,NO,177,PEO referendum certificates 2016,current
2016r,N,N02,a,,285,74,39,YES,229,PEO referendum certificates 2016,current
2016r,N,N02,a,,285,74,39,NO,250,PEO referendum certificates 2016,current
2016r,N,N02,b,,272,89,55,YES,227,PEO referendum certificates 2016,current
2016r,N,N02,b,,272,89,55,NO,339,PEO referendum certificates 2016,current
2016r,N,N02,c,,265,78,75,YES,214,PEO referendum certificates 2016,current
2016r,N,N02,c,,265,78,75,NO,257,PEO referendum certificates 2016,current
2016r,N,N03,a,,248,75,43,YES,235,PEO referendum certificates 2016,current
2016r,N,N03,a,,248,75,43,NO,247,PEO referendum certificates 2016,current
2016r,N,N03,b,,265,94,20,YES,284,PEO referendum certificates 2016,current
2016r,N,N03,b,,265,94,20,NO,354,PEO referendum certificates 2016,current
2016r,N,N04,a,,240,59,26,YES,188,PEO referendum certificates 2016,current
2016r,N,N04,a,,240,59,26,NO,199,PEO referendum certificates 2016,current
2016r,N,N04,b,,247,58,34,YES,140,PEO referendum certificates 2016,current
2016r,N,N04,b,,247,58,34,NO,232,PEO referendum certificates 2016,current
2016r,N,N04,c,,261,46,50,YES,138,PEO referendum certificates 2016,current
2016r,N,N04,c,,261,46,50,NO,134,PEO referendum certificates 2016,current
2016r,N,N05,a,,239,59,44,YES,168,PEO referendum certificates 2016,current
2016r,N,N05,a,,239,59,44,NO,201,PEO referendum certificates 2016,current
2016r,N,N05,b,,250,54,25,YES,154,PEO referendum certificates 2016,current
2016r,N,N05,b,,250,54,25,NO,199,PEO referendum certificates 2016,current
2016r,N,N06,,,308,108,37,YES,249,PEO referendum certificates 2016,current
2016r,N,N06,,,308,108,37,NO,470,PEO referendum certificates 2016,current
2016r,P,P01,a,,172,54,29,YES,105,PEO referendum certificates 2016,current
2016r,P,P01,a,,172,54,29,NO,244,PEO referendum certificates 2016,current
2016r,P,P01,b,,187,60,11,YES,154,PEO referendum certificates 2016,current
2016r,P,P01,b,,187,60,11,NO,255,PEO referendum certificates 2016,current
2016r,P,P02,a,,173,65,67,YES,88,PEO referendum certificates 2016,current
2016r,P,P02,a,,173,65,67,NO,300,PEO referendum certificates 2016,current
2016r,P,P02,b,,203,75,46,YES,134,PEO referendum certificates 2016,current
2016r,P,P02,b,,203,75,46,NO,345,PEO referendum certificates 2016,current
2016r,P,P03,a,,319,107,73,YES,342,PEO referendum certificates 2016,current
2016r,P,P03,a,,319,107,73,NO,324,PEO referendum certificates 2016,current
2016r,P,P03,b,,306,122,96,YES,317,PEO referendum certificates 2016,current
2016r,P,P03,b,,306,122,96,NO,439,PEO referendum certificates 2016,current
2016r,P,P03,c,,292,104,53,YES,296,PEO referendum certificates 2016,current
2016r,P,P03,c,,292,104,53,NO,379,PEO referendum certificates 2016,current
2016r,P,P04,,,333,88,53,YES,147,PEO referendum certificates 2016,current
2016r,P,P04,,,333,88,53,NO,416,PEO referendum certificates 2016,current
2016r,P,P05,a,,236,65,33,YES,112,PEO referendum certificates 2016,current
2016r,P,P05,a,,236,65,33,NO,310,PEO referendum certificates 2016,current
2016r,P,P05,b,,238,86,52,YES,191,PEO referendum certificates 2016,current
2016r,P,P05,b,,238,86,52,NO,359,PEO referendum certificates 2016,current
2016r,P,P05,c,,233,67,41,YES,120,PEO referendum certificates 2016,current
2016r,P,P05,c,,233,67,41,NO,308,PEO referendum certificates 2016,current
2016r,P,P06,a,,288,98,48,YES,213,PEO referendum certificates 2016,current
2016r,P,P06,a,,288,98,48,NO,425,PEO referendum certificates 2016,current
2016r,P,P06,b,,303,129,71,YES,259,PEO referendum certificates 2016,current
2016r,P,P06,b,,303,129,71,NO,575,PEO referendum certificates 2016,current
2016r,R,R01,a,,188,82,14,YES,215,PEO referendum certificates 2016,current
2016r,R,R01,a,,188,82,14,NO,339,PEO referendum certificates 2016,current
2016r,R,R01,b,,196,56,21,YES,101,PEO referendum certificates 2016,current
2016r,R,R01,b,,196,56,21,NO,270,PEO referendum certificates 2016,current
2016r,R,R02,a,,236,65,45,YES,155,PEO referendum certificates 2016,current
2016r,R,R02,a,,236,65,45,NO,255,PEO referendum certificates 2016,current
2016r,R,R02,b,,238,51,28,YES,109,PEO referendum certificates 2016,current
2016r,R,R02,b,,238,51,28,NO,220,PEO referendum certificates 2016,current
2016r,R,R03,a,,343,102,37,YES,194,PEO referendum certificates 2016,current
2016r,R,R03,a,,343,102,37,NO,483,PEO referendum certificates 2016,current
2016r,R,R03,b,,345,96,32,YES,206,PEO referendum certificates 2016,current
2016r,R,R03,b,,345,96,32,NO,434,PEO referendum certificates 2016,current
2016r,R,R04,,,249,85,25,YES,175,PEO referendum certificates 2016,current
2016r,R,R04,,,249,85,25,NO,395,PEO referendum certificates 2016,current
2016r,R,R05,a,,262,69,32,YES,220,PEO referendum certificates 2016,current
2016r,R,R05,a,,262,69,32,NO,233,PEO referendum certificates 2016,current
2016r,R,R05,b,,239,66,4,YES,141,PEO referendum certificates 2016,current
2016r,R,R05,b,,239,66,4,NO,320,PEO referendum certificates 2016,current
2016r,R,R06,a,,291,107,56,YES,232,PEO referendum certificates 2016,current
2016r,R,R06,a,,291,107,56,NO,461,PEO referendum certificates 2016,current
2016r,R,R06,b,,279,107,44,YES,222,PEO referendum certificates 2016,current
2016r,R,R06,b,,279,107,44,NO,489,PEO referendum certificates 2016,current
2016r,R,R07,,,261,84,43,YES,207,PEO referendum certificates 2016,current
2016r,R,R07,,,261,84,43,NO,359,PEO referendum certificates 2016,current
2016r,R,R08,a,,277,102,31,YES,217,PEO referendum certificates 2016,current
2016r,R,R08,a,,277,102,31,NO,468,PEO referendum certificates 2016,current
2016r,R,R08,b,,282,89,60,YES,236,PEO referendum certificates 2016,current
2016r,R,R08,b,,282,89,60,NO,327,PEO referendum certificates 2016,current
2016r,R,R09,,,267,71,22,YES,151,PEO referendum certificates 2016,current
2016r,R,R09,,,267,71,22,NO,324,PEO referendum certificates 2016,current
2018r,A,A01,,Windward Medical Station,344,123,2,YES,83,Government Gazette No. 52 of 2018,current
2018r,A,A01,,Windward Medical Station,344,123,2,NO,38,Government Gazette No. 52 of 2018,current
2018r,A,A02,,Bogles Community Centre,331,85,1,YES,47,Government Gazette No. 52 of 2018,current
2018r,A,A02,,Bogles Community Centre,331,85,1,NO,37,Government Gazette No. 52 of 2018,current
2018r,A,A03,a,Dover Government School,198,72,0,YES,49,Government Gazette No. 52 of 2018,current
2018r,A,A03,a,Dover Government School,198,72,0,NO,23,Government Gazette No. 52 of 2018,current
2018r,A,A03,b,Dover Government School,209,66,1,YES,31,Government Gazette No. 52 of 2018,current
2018r,A,A03,b,Dover Government School,209,66,1,NO,34,Government Gazette No. 52 of 2018,current
2018r,B,B07,a,Grenada Baptist Church,217,65,0,YES,27,Government Gazette No. 52 of 2018,current
2018r,B,B07,a,Grenada Baptist Church,217,65,0,NO,38,Government Gazette No. 52 of 2018,current
2018r,B,B07,b,Grenada Baptist Church,219,61,0,YES,41,Government Gazette No. 52 of 2018,current
2018r,B,B07,b,Grenada Baptist Church,219,61,0,NO,20,Government Gazette No. 52 of 2018,current
2018r,B,B08,,Crochu R.C. School,217,60,0,YES,40,Government Gazette No. 52 of 2018,current
2018r,B,B08,,Crochu R.C. School,217,60,0,NO,20,Government Gazette No. 52 of 2018,current
2018r,B,B09,a,Crochu Skills Training Centre,217,63,0,YES,34,Government Gazette No. 52 of 2018,current
2018r,B,B09,a,Crochu Skills Training Centre,217,63,0,NO,29,Government Gazette No. 52 of 2018,current
2018r,B,B09,b,Crochu Skills Training Centre,221,88,0,YES,49,Government Gazette No. 52 of 2018,current
2018r,B,B09,b,Crochu Skills Training Centre,221,88,0,NO,39,Government Gazette No. 52 of 2018,current
2018r,B,B10,,Hansel Japal’s Residence,255,90,0,YES,58,Government Gazette No. 52 of 2018,current
2018r,B,B10,,Hansel Japal’s Residence,255,90,0,NO,32,Government Gazette No. 52 of 2018,current
2018r,C,C01,,Munich R.C. School (downstairs),222,41,0,YES,22,Government Gazette No. 52 of 2018,current
2018r,C,C01,,Munich R.C. School (downstairs),222,41,0,NO,19,Government Gazette No. 52 of 2018,current
2018r,C,C02,,Munich R.C. School (downstairs),69,21,0,YES,12,Government Gazette No. 52 of 2018,current
2018r,C,C02,,Munich R.C. School (downstairs),69,21,0,NO,9,Government Gazette No. 52 of 2018,current
2018r,C,C03,,Mt. Carmel Medical Station,205,63,0,YES,20,Government Gazette No. 52 of 2018,current
2018r,C,C03,,Mt. Carmel Medical Station,205,63,0,NO,43,Government Gazette No. 52 of 2018,current
2018r,C,C04,,Walker Church of God,160,47,0,YES,20,Government Gazette No. 52 of 2018,current
2018r,C,C04,,Walker Church of God,160,47,0,NO,27,Government Gazette No. 52 of 2018,current
2018r,C,C05,,"Cuthbert Alexis’ Shop, Richmond",239,70,0,YES,22,Government Gazette No. 52 of 2018,current
2018r,C,C05,,"Cuthbert Alexis’ Shop, Richmond",239,70,0,NO,48,Government Gazette No. 52 of 2018,current
2018r,C,C06,,Union Community Centre,230,64,1,YES,27,Government Gazette No. 52 of 2018,current
2018r,C,C06,,Union Community Centre,230,64,1,NO,36,Government Gazette No. 52 of 2018,current
2018r,C,C07,a,"Grenville Pre Primary School, Cook Hill Road",403,122,1,YES,67,Government Gazette No. 52 of 2018,current
2018r,C,C07,a,"Grenville Pre Primary School, Cook Hill Road",403,122,1,NO,54,Government Gazette No. 52 of 2018,current
2018r,C,C07,b,"Grenville Pre Primary School, Cook Hill Road",330,72,0,YES,36,Government Gazette No. 52 of 2018,current
2018r,C,C07,b,"Grenville Pre Primary School, Cook Hill Road",330,72,0,NO,36,Government Gazette No. 52 of 2018,current
2018r,C,C08,a,Harford Village Community Centre,228,65,0,YES,16,Government Gazette No. 52 of 2018,current
2018r,C,C08,a,Harford Village Community Centre,228,65,0,NO,49,Government Gazette No. 52 of 2018,current
2018r,C,C08,b,Harford Village Community Centre,223,63,0,YES,18,Government Gazette No. 52 of 2018,current
2018r,C,C08,b,Harford Village Community Centre,223,63,0,NO,45,Government Gazette No. 52 of 2018,current
2018r,C,C09,a,Grand Bras Health Centre,240,87,0,YES,35,Government Gazette No. 52 of 2018,current
2018r,C,C09,a,Grand Bras Health Centre,240,87,0,NO,52,Government Gazette No. 52 of 2018,current
2018r,C,C09,b,Grand Bras Health Centre,254,91,4,YES,16,Government Gazette No. 52 of 2018,current
2018r,C,C09,b,Grand Bras Health Centre,254,91,4,NO,71,Government Gazette No. 52 of 2018,current
2018r,C,C10,a,Forde Pre-Primary School,237,99,1,YES,34,Government Gazette No. 52 of 2018,current
2018r,C,C10,a,Forde Pre-Primary School,237,99,1,NO,64,Government Gazette No. 52 of 2018,current
2018r,C,C10,b,Forde Pre-Primary School,227,93,0,YES,32,Government Gazette No. 52 of 2018,current
2018r,C,C10,b,Forde Pre-Primary School,227,93,0,NO,61,Government Gazette No. 52 of 2018,current
2018r,C,C11,a,St. Andrew R.C. School,232,67,0,YES,26,Government Gazette No. 52 of 2018,current
2018r,C,C11,a,St. Andrew R.C. School,232,67,0,NO,41,Government Gazette No. 52 of 2018,current
2018r,C,C11,b,St. Andrew R.C. School,227,58,0,YES,18,Government Gazette No. 52 of 2018,current
2018r,C,C11,b,St. Andrew R.C. School,227,58,0,NO,40,Government Gazette No. 52 of 2018,current
2018r,C,C12,,Holy Innocents Anglican School,319,103,0,YES,46,Government Gazette No. 52 of 2018,current
2018r,C,C12,,Holy Innocents Anglican School,319,103,0,NO,57,Government Gazette No. 52 of 2018,current
2018r,C,C13,,St. James Seventh Day Adventist Church,379,116,0,YES,45,Government Gazette No. 52 of 2018,current
2018r,C,C13,,St. James Seventh Day Adventist Church,379,116,0,NO,71,Government Gazette No. 52 of 2018,current
2018r,C,C14,a,Birchgrove Community Centre,223,65,1,YES,32,Government Gazette No. 52 of 2018,current
2018r,C,C14,a,Birchgrove Community Centre,223,65,1,NO,32,Government Gazette No. 52 of 2018,current
2018r,C,C14,b,Birchgrove Community Centre,211,80,1,YES,37,Government Gazette No. 52 of 2018,current
2018r,C,C14,b,Birchgrove Community Centre,211,80,1,NO,42,Government Gazette No. 52 of 2018,current
2018r,D,D01,a,The Orchid Lodge,327,97,0,YES,46,Government Gazette No. 52 of 2018,current
2018r,D,D01,a,The Orchid Lodge,327,97,0,NO,51,Government Gazette No. 52 of 2018,current
2018r,D,D01,b,Paradise Pre-Primary School,348,110,0,YES,59,Government Gazette No. 52 of 2018,current
2018r,D,D01,b,Paradise Pre-Primary School,348,110,0,NO,51,Government Gazette No. 52 of 2018,current
2018r,D,D01,c,Paradise Pre-Primary School,337,92,0,YES,47,Government Gazette No. 52 of 2018,current
2018r,D,D01,c,Paradise Pre-Primary School,337,92,0,NO,45,Government Gazette No. 52 of 2018,current
2018r,D,D02,a,Belair Government School,323,71,0,YES,28,Government Gazette No. 52 of 2018,current
2018r,D,D02,a,Belair Government School,323,71,0,NO,43,Government Gazette No. 52 of 2018,current
2018r,D,D02,b,Belair Government School,332,81,1,YES,42,Government Gazette No. 52 of 2018,current
2018r,D,D02,b,Belair Government School,332,81,1,NO,38,Government Gazette No. 52 of 2018,current
2018r,D,D02,c,Belair Government School,317,91,0,YES,38,Government Gazette No. 52 of 2018,current
2018r,D,D02,c,Belair Government School,317,91,0,NO,53,Government Gazette No. 52 of 2018,current
2018r,D,D03,a,Pearls Community Centre,352,100,0,YES,46,Government Gazette No. 52 of 2018,current
2018r,D,D03,a,Pearls Community Centre,352,100,0,NO,54,Government Gazette No. 52 of 2018,current
2018r,D,D03,b,Pearls Community Centre,424,122,0,YES,74,Government Gazette No. 52 of 2018,current
2018r,D,D03,b,Pearls Community Centre,424,122,0,NO,48,Government Gazette No. 52 of 2018,current
2018r,D,D04,a,Tivoli R.C. School,371,105,0,YES,51,Government Gazette No. 52 of 2018,current
2018r,D,D04,a,Tivoli R.C. School,371,105,0,NO,54,Government Gazette No. 52 of 2018,current
2018r,D,D04,b,Tivoli R.C. School,364,87,0,YES,34,Government Gazette No. 52 of 2018,current
2018r,D,D04,b,Tivoli R.C. School,364,87,0,NO,53,Government Gazette No. 52 of 2018,current
2018r,D,D04,c,Tivoli R.C. School,361,106,0,YES,46,Government Gazette No. 52 of 2018,current
2018r,D,D04,c,Tivoli R.C. School,361,106,0,NO,60,Government Gazette No. 52 of 2018,current
2018r,D,D05,a,La Poterie Community Centre,267,71,0,YES,55,Government Gazette No. 52 of 2018,current
2018r,D,D05,a,La Poterie Community Centre,267,71,0,NO,16,Government Gazette No. 52 of 2018,current
2018r,D,D05,b,La Poterie Community Centre,272,67,0,YES,50,Government Gazette No. 52 of 2018,current
2018r,D,D05,b,La Poterie Community Centre,272,67,0,NO,17,Government Gazette No. 52 of 2018,current
2018r,D,D06,,Upper St. John Community Centre,357,99,0,YES,35,Government Gazette No. 52 of 2018,current
2018r,D,D06,,Upper St. John Community Centre,357,99,0,NO,64,Government Gazette No. 52 of 2018,current
2018r,D,D07,,Paraclete Medical Station,251,99,0,YES,32,Government Gazette No. 52 of 2018,current
2018r,D,D07,,Paraclete Medical Station,251,99,0,NO,67,Government Gazette No. 52 of 2018,current
2018r,E,E01,,"Downstairs Catholic Church, Paraclete",223,86,0,YES,51,Government Gazette No. 52 of 2018,current
2018r,E,E01,,"Downstairs Catholic Church, Paraclete",223,86,0,NO,35,Government Gazette No. 52 of 2018,current
2018r,E,E02,a,La Fillette R.C. School,320,99,2,YES,53,Government Gazette No. 52 of 2018,current
2018r,E,E02,a,La Fillette R.C. School,320,99,2,NO,44,Government Gazette No. 52 of 2018,current
2018r,E,E02,b,La Fillette R.C. School,320,88,0,YES,44,Government Gazette No. 52 of 2018,current
2018r,E,E02,b,La Fillette R.C. School,320,88,0,NO,44,Government Gazette No. 52 of 2018,current
2018r,E,E02,c,La Fillette R.C. School,322,94,0,YES,37,Government Gazette No. 52 of 2018,current
2018r,E,E02,c,La Fillette R.C. School,322,94,0,NO,57,Government Gazette No. 52 of 2018,current
2018r,E,E02,d,La Fillette R.C. School,324,97,1,YES,45,Government Gazette No. 52 of 2018,current
2018r,E,E02,d,La Fillette R.C. School,324,97,1,NO,51,Government Gazette No. 52 of 2018,current
2018r,E,E03,a,Byelands R.C. School,268,61,0,YES,12,Government Gazette No. 52 of 2018,current
2018r,E,E03,a,Byelands R.C. School,268,61,0,NO,49,Government Gazette No. 52 of 2018,current
2018r,E,E03,b,Byelands R.C. School,251,50,0,YES,25,Government Gazette No. 52 of 2018,current
2018r,E,E03,b,Byelands R.C. School,251,50,0,NO,25,Government Gazette No. 52 of 2018,current
2018r,E,E04,a,Paradise Medical Station,337,103,2,YES,44,Government Gazette No. 52 of 2018,current
2018r,E,E04,a,Paradise Medical Station,337,103,2,NO,57,Government Gazette No. 52 of 2018,current
2018r,E,E04,b,Paradise Medical Station,329,100,0,YES,32,Government Gazette No. 52 of 2018,current
2018r,E,E04,b,Paradise Medical Station,329,100,0,NO,68,Government Gazette No. 52 of 2018,current
2018r,E,E05,a,Mirabeau Agricultural Station,314,72,1,YES,30,Government Gazette No. 52 of 2018,current
2018r,E,E05,a,Mirabeau Agricultural Station,314,72,1,NO,41,Government Gazette No. 52 of 2018,current
2018r,E,E05,b,Mirabeau Agricultural Station,308,87,0,YES,45,Government Gazette No. 52 of 2018,current
2018r,E,E05,b,Mirabeau Agricultural Station,308,87,0,NO,42,Government Gazette No. 52 of 2018,current
2018r,E,E05,c,Mirabeau Agricultural Station,386,94,2,YES,36,Government Gazette No. 52 of 2018,current
2018r,E,E05,c,Mirabeau Agricultural Station,386,94,2,NO,56,Government Gazette No. 52 of 2018,current
2018r,E,E06,,"Sio’s Bar, Birchgrove",393,110,0,YES,38,Government Gazette No. 52 of 2018,current
2018r,E,E06,,"Sio’s Bar, Birchgrove",393,110,0,NO,72,Government Gazette No. 52 of 2018,current
2018r,E,E07,,"Paul’s Bakery, Birchgrove",387,151,1,YES,56,Government Gazette No. 52 of 2018,current
2018r,E,E07,,"Paul’s Bakery, Birchgrove",387,151,1,NO,94,Government Gazette No. 52 of 2018,current
2018r,F,F01,,Jane Donald's Shop Perdmontemps,376,81,1,YES,19,Government Gazette No. 52 of 2018,current
2018r,F,F01,,Jane Donald's Shop Perdmontemps,376,81,1,NO,61,Government Gazette No. 52 of 2018,current
2018r,F,F02,a,St. Dominic’s R.C. Church Centre,384,90,0,YES,38,Government Gazette No. 52 of 2018,current
2018r,F,F02,a,St. Dominic’s R.C. Church Centre,384,90,0,NO,52,Government Gazette No. 52 of 2018,current
2018r,F,F02,b,St. Dominic’s R.C. Church Centre,390,90,1,YES,39,Government Gazette No. 52 of 2018,current
2018r,F,F02,b,St. Dominic’s R.C. Church Centre,390,90,1,NO,50,Government Gazette No. 52 of 2018,current
2018r,F,F03,a,St. Dominic’s R.C. School,223,62,0,YES,19,Government Gazette No. 52 of 2018,current
2018r,F,F03,a,St. Dominic’s R.C. School,223,62,0,NO,43,Government Gazette No. 52 of 2018,current
2018r,F,F03,b,St. Dominic’s R.C. School,221,65,0,YES,19,Government Gazette No. 52 of 2018,current
2018r,F,F03,b,St. Dominic’s R.C. School,221,65,0,NO,46,Government Gazette No. 52 of 2018,current
2018r,F,F04,a,Windsor Forest Pre School,278,98,0,YES,30,Government Gazette No. 52 of 2018,current
2018r,F,F04,a,Windsor Forest Pre School,278,98,0,NO,68,Government Gazette No. 52 of 2018,current
2018r,F,F04,b,Windsor Forest Pre School,276,87,0,YES,31,Government Gazette No. 52 of 2018,current
2018r,F,F04,b,Windsor Forest Pre School,276,87,0,NO,56,Government Gazette No. 52 of 2018,current
2018r,F,F04,c,Windsor Forest Pre School,273,91,1,YES,28,Government Gazette No. 52 of 2018,current
2018r,F,F04,c,Windsor Forest Pre School,273,91,1,NO,62,Government Gazette No. 52 of 2018,current
2018r,F,F05,a,"St. Theresa’s R.C. School, Vincennes",333,68,1,YES,12,Government Gazette No. 52 of 2018,current
2018r,F,F05,a,"St. Theresa’s R.C. School, Vincennes",333,68,1,NO,55,Government Gazette No. 52 of 2018,current
2018r,F,F05,b,"St. Theresa’s R.C. School, Vincennes",342,91,0,YES,20,Government Gazette No. 52 of 2018,current
2018r,F,F05,b,"St. Theresa’s R.C. School, Vincennes",342,91,0,NO,71,Government Gazette No. 52 of 2018,current
2018r,F,F06,a,Corinth Government School,321,86,0,YES,32,Government Gazette No. 52 of 2018,current
2018r,F,F06,a,Corinth Government School,321,86,0,NO,54,Government Gazette No. 52 of 2018,current
2018r,F,F06,b,Corinth Government School,301,84,0,YES,39,Government Gazette No. 52 of 2018,current
2018r,F,F06,b,Corinth Government School,301,84,0,NO,45,Government Gazette No. 52 of 2018,current
2018r,F,F06,c,Corinth Government School,311,92,1,YES,22,Government Gazette No. 52 of 2018,current
2018r,F,F06,c,Corinth Government School,311,92,1,NO,69,Government Gazette No. 52 of 2018,current
2018r,F,F06,d,Corinth Government School,296,70,0,YES,32,Government Gazette No. 52 of 2018,current
2018r,F,F06,d,Corinth Government School,296,70,0,NO,38,Government Gazette No. 52 of 2018,current
2018r,F,F07,,St. David’s R.C. School,382,107,0,YES,25,Government Gazette No. 52 of 2018,current
2018r,F,F07,,St. David’s R.C. School,382,107,0,NO,82,Government Gazette No. 52 of 2018,current
2018r,F,F08,a,"Magistrate Court, St. David’s",469,142,0,YES,62,Government Gazette No. 52 of 2018,current
2018r,F,F08,a,"Magistrate Court, St. David’s",469,142,0,NO,80,Government Gazette No. 52 of 2018,current
2018r,F,F08,b,"Magistrate Court, St. David’s",350,85,0,YES,15,Government Gazette No. 52 of 2018,current
2018r,F,F08,b,"Magistrate Court, St. David’s",350,85,0,NO,70,Government Gazette No. 52 of 2018,current
2018r,F,F09,a,"Berean Pre-School, Marlmount",257,58,0,YES,22,Government Gazette No. 52 of 2018,current
2018r,F,F09,a,"Berean Pre-School, Marlmount",257,58,0,NO,36,Government Gazette No. 52 of 2018,current
2018r,F,F09,b,"Berean Pre-School, Marlmount",249,58,0,YES,26,Government Gazette No. 52 of 2018,current
2018r,F,F09,b,"Berean Pre-School, Marlmount",249,58,0,NO,32,Government Gazette No. 52 of 2018,current
2018r,F,F10,a,Pomme Rose R.C. School,358,95,2,YES,48,Government Gazette No. 52 of 2018,current
2018r,F,F10,a,Pomme Rose R.C. School,358,95,2,NO,45,Government Gazette No. 52 of 2018,current
2018r,F,F10,b,Pomme Rose R.C. School,338,84,1,YES,42,Government Gazette No. 52 of 2018,current
2018r,F,F10,b,Pomme Rose R.C. School,338,84,1,NO,41,Government Gazette No. 52 of 2018,current
2018r,F,F11,a,"Melting Pot, La Tante",308,64,0,YES,28,Government Gazette No. 52 of 2018,current
2018r,F,F11,a,"Melting Pot, La Tante",308,64,0,NO,36,Government Gazette No. 52 of 2018,current
2018r,F,F11,b,"Melting Pot, La Tante",312,71,2,YES,35,Government Gazette No. 52 of 2018,current
2018r,F,F11,b,"Melting Pot, La Tante",312,71,2,NO,34,Government Gazette No. 52 of 2018,current
2018r,F,F12,a,Westerhall Secondary School,319,99,1,YES,29,Government Gazette No. 52 of 2018,current
2018r,F,F12,a,Westerhall Secondary School,319,99,1,NO,69,Government Gazette No. 52 of 2018,current
2018r,F,F12,b,Westerhall Secondary School,312,103,0,YES,35,Government Gazette No. 52 of 2018,current
2018r,F,F12,b,Westerhall Secondary School,312,103,0,NO,68,Government Gazette No. 52 of 2018,current
2018r,F,F12,c,Westerhall Secondary School,313,102,2,YES,38,Government Gazette No. 52 of 2018,current
2018r,F,F12,c,Westerhall Secondary School,313,102,2,NO,62,Government Gazette No. 52 of 2018,current
2018r,F,F12,d,Westerhall Secondary School,316,93,0,YES,32,Government Gazette No. 52 of 2018,current
2018r,F,F12,d,Westerhall Secondary School,316,93,0,NO,61,Government Gazette No. 52 of 2018,current
2018r,G,G01,,Magistrate’s Court #1,137,37,0,YES,16,Government Gazette No. 52 of 2018,current
2018r,G,G01,,Magistrate’s Court #1,137,37,0,NO,21,Government Gazette No. 52 of 2018,current
2018r,G,G02,a,"Old Wesley Hall School, Lucas Street",238,71,0,YES,34,Government Gazette No. 52 of 2018,current
2018r,G,G02,a,"Old Wesley Hall School, Lucas Street",238,71,0,NO,37,Government Gazette No. 52 of 2018,current
2018r,G,G02,b,"Old Wesley Hall School, Lucas Street",239,59,1,YES,17,Government Gazette No. 52 of 2018,current
2018r,G,G02,b,"Old Wesley Hall School, Lucas Street",239,59,1,NO,41,Government Gazette No. 52 of 2018,current
2018r,G,G03,a,"National Stadium, River Road End",331,84,0,YES,49,Government Gazette No. 52 of 2018,current
2018r,G,G03,a,"National Stadium, River Road End",331,84,0,NO,35,Government Gazette No. 52 of 2018,current
2018r,G,G03,b,"National Stadium, River Road End",349,78,0,YES,44,Government Gazette No. 52 of 2018,current
2018r,G,G03,b,"National Stadium, River Road End",349,78,0,NO,34,Government Gazette No. 52 of 2018,current
2018r,G,G03,c,"National Stadium, River Road End",338,82,0,YES,38,Government Gazette No. 52 of 2018,current
2018r,G,G03,c,"National Stadium, River Road End",338,82,0,NO,44,Government Gazette No. 52 of 2018,current
2018r,G,G03,d,"National Stadium, River Road End",346,87,0,YES,34,Government Gazette No. 52 of 2018,current
2018r,G,G03,d,"National Stadium, River Road End",346,87,0,NO,53,Government Gazette No. 52 of 2018,current
2018r,G,G03,e,"National Stadium, River Road End",333,93,0,YES,42,Government Gazette No. 52 of 2018,current
2018r,G,G03,e,"National Stadium, River Road End",333,93,0,NO,51,Government Gazette No. 52 of 2018,current
2018r,G,G04,,Marryshow House (H.A. Blaize),183,62,0,YES,33,Government Gazette No. 52 of 2018,current
2018r,G,G04,,Marryshow House (H.A. Blaize),183,62,0,NO,29,Government Gazette No. 52 of 2018,current
2018r,G,G05,,St. George’s Anglican Senior School,254,84,2,YES,34,Government Gazette No. 52 of 2018,current
2018r,G,G05,,St. George’s Anglican Senior School,254,84,2,NO,48,Government Gazette No. 52 of 2018,current
2018r,G,G06,,"Berean Christian Academy, Lucas Street",345,106,0,YES,37,Government Gazette No. 52 of 2018,current
2018r,G,G06,,"Berean Christian Academy, Lucas Street",345,106,0,NO,69,Government Gazette No. 52 of 2018,current
2018r,G,G07,,St. George’s Anglican Senior School,388,84,0,YES,31,Government Gazette No. 52 of 2018,current
2018r,G,G07,,St. George’s Anglican Senior School,388,84,0,NO,53,Government Gazette No. 52 of 2018,current
2018r,H,H01,,Vendomme Community Centre,423,126,0,YES,35,Government Gazette No. 52 of 2018,current
2018r,H,H01,,Vendomme Community Centre,423,126,0,NO,91,Government Gazette No. 52 of 2018,current
2018r,H,H02,a,Brownies Hideaway & Disco,369,107,0,YES,39,Government Gazette No. 52 of 2018,current
2018r,H,H02,a,Brownies Hideaway & Disco,369,107,0,NO,68,Government Gazette No. 52 of 2018,current
2018r,H,H02,b,Brownies Hideaway & Disco,347,83,1,YES,25,Government Gazette No. 52 of 2018,current
2018r,H,H02,b,Brownies Hideaway & Disco,347,83,1,NO,57,Government Gazette No. 52 of 2018,current
2018r,H,H03,,Constantine Methodist School,160,45,0,YES,24,Government Gazette No. 52 of 2018,current
2018r,H,H03,,Constantine Methodist School,160,45,0,NO,21,Government Gazette No. 52 of 2018,current
2018r,H,H04,a,Boca Secondary School,334,100,1,YES,16,Government Gazette No. 52 of 2018,current
2018r,H,H04,a,Boca Secondary School,334,100,1,NO,83,Government Gazette No. 52 of 2018,current
2018r,H,H04,b,Boca Secondary School,310,88,2,YES,18,Government Gazette No. 52 of 2018,current
2018r,H,H04,b,Boca Secondary School,310,88,2,NO,68,Government Gazette No. 52 of 2018,current
2018r,H,H05,a,Beaulieu R.C. School,363,83,2,YES,26,Government Gazette No. 52 of 2018,current
2018r,H,H05,a,Beaulieu R.C. School,363,83,2,NO,55,Government Gazette No. 52 of 2018,current
2018r,H,H05,b,Beaulieu R.C. School,356,92,0,YES,38,Government Gazette No. 52 of 2018,current
2018r,H,H05,b,Beaulieu R.C. School,356,92,0,NO,54,Government Gazette No. 52 of 2018,current
2018r,H,H05,c,"Beaulieu R.C. School, Pre School Department",383,91,0,YES,29,Government Gazette No. 52 of 2018,current
2018r,H,H05,c,"Beaulieu R.C. School, Pre School Department",383,91,0,NO,62,Government Gazette No. 52 of 2018,current
2018r,H,H06,a,"L.A. Purcell’s Building, La Mode",326,77,0,YES,18,Government Gazette No. 52 of 2018,current
2018r,H,H06,a,"L.A. Purcell’s Building, La Mode",326,77,0,NO,59,Government Gazette No. 52 of 2018,current
2018r,H,H06,b,"L.A. Purcell’s Building, La Mode",298,79,0,YES,18,Government Gazette No. 52 of 2018,current
2018r,H,H06,b,"L.A. Purcell’s Building, La Mode",298,79,0,NO,61,Government Gazette No. 52 of 2018,current
2018r,H,H07,a,"St. Mary’s R.C. School, Tempe",392,109,0,YES,33,Government Gazette No. 52 of 2018,current
2018r,H,H07,a,"St. Mary’s R.C. School, Tempe",392,109,0,NO,76,Government Gazette No. 52 of 2018,current
2018r,H,H07,b,"St. Mary’s R.C. School, Tempe",381,121,0,YES,51,Government Gazette No. 52 of 2018,current
2018r,H,H07,b,"St. Mary’s R.C. School, Tempe",381,121,0,NO,70,Government Gazette No. 52 of 2018,current
2018r,H,H07,c,"St. Mary’s R.C. School, Tempe",391,118,0,YES,31,Government Gazette No. 52 of 2018,current
2018r,H,H07,c,"St. Mary’s R.C. School, Tempe",391,118,0,NO,87,Government Gazette No. 52 of 2018,current
2018r,H,H07,d,"St. Mary’s R.C. School, Tempe",463,160,1,YES,56,Government Gazette No. 52 of 2018,current
2018r,H,H07,d,"St. Mary’s R.C. School, Tempe",463,160,1,NO,103,Government Gazette No. 52 of 2018,current
2018r,H,H08,a,"Alpha Junior School, Mt. Parnassus",293,94,0,YES,31,Government Gazette No. 52 of 2018,current
2018r,H,H08,a,"Alpha Junior School, Mt. Parnassus",293,94,0,NO,63,Government Gazette No. 52 of 2018,current
2018r,H,H08,b,"Alpha Junior School, Mt. Parnassus",303,98,0,YES,25,Government Gazette No. 52 of 2018,current
2018r,H,H08,b,"Alpha Junior School, Mt. Parnassus",303,98,0,NO,73,Government Gazette No. 52 of 2018,current
2018r,H,H08,c,"Alpha Junior School, Mt. Parnassus",302,98,0,YES,31,Government Gazette No. 52 of 2018,current
2018r,H,H08,c,"Alpha Junior School, Mt. Parnassus",302,98,0,NO,67,Government Gazette No. 52 of 2018,current
2018r,K,K08,b,Marian Multipurpose Centre,379,128,1,YES,57,Government Gazette No. 52 of 2018,current
2018r,K,K08,b,Marian Multipurpose Centre,379,128,1,NO,70,Government Gazette No. 52 of 2018,current
2018r,K,K09,,"NADMA Building, Richmond Hill",304,100,0,YES,28,Government Gazette No. 52 of 2018,current
2018r,K,K09,,"NADMA Building, Richmond Hill",304,100,0,NO,72,Government Gazette No. 52 of 2018,current
2018r,K,K10,a,MorneJaloux R.C. School,364,119,0,YES,46,Government Gazette No. 52 of 2018,current
2018r,K,K10,a,MorneJaloux R.C. School,364,119,0,NO,73,Government Gazette No. 52 of 2018,current
2018r,K,K10,b,MorneJaloux R.C School,371,103,0,YES,36,Government Gazette No. 52 of 2018,current
2018r,K,K10,b,MorneJaloux R.C School,371,103,0,NO,67,Government Gazette No. 52 of 2018,current
2018r,L,L01,a,South St. George Government School,382,82,1,YES,26,Government Gazette No. 52 of 2018,current
2018r,L,L01,a,South St. George Government School,382,82,1,NO,55,Government Gazette No. 52 of 2018,current
2018r,L,L01,b,South St. George Government School,390,81,0,YES,30,Government Gazette No. 52 of 2018,current
2018r,L,L01,b,South St. George Government School,390,81,0,NO,51,Government Gazette No. 52 of 2018,current
2018r,L,L01,c,South St. George Government School,384,107,0,YES,30,Government Gazette No. 52 of 2018,current
2018r,L,L01,c,South St. George Government School,384,107,0,NO,77,Government Gazette No. 52 of 2018,current
2018r,L,L02,,Springs Child Development Centre,388,108,2,YES,37,Government Gazette No. 52 of 2018,current
2018r,L,L02,,Springs Child Development Centre,388,108,2,NO,69,Government Gazette No. 52 of 2018,current
2018r,L,L03,a,Woburn Community Centre,291,90,0,YES,28,Government Gazette No. 52 of 2018,current
2018r,L,L03,a,Woburn Community Centre,291,90,0,NO,62,Government Gazette No. 52 of 2018,current
2018r,L,L03,b,Woburn Community Centre,287,81,0,YES,26,Government Gazette No. 52 of 2018,current
2018r,L,L03,b,Woburn Community Centre,287,81,0,NO,55,Government Gazette No. 52 of 2018,current
2018r,L,L04,a,Woburn Methodist Church and Church Hall,346,110,4,YES,35,Government Gazette No. 52 of 2018,current
2018r,L,L04,a,Woburn Methodist Church and Church Hall,346,110,4,NO,71,Government Gazette No. 52 of 2018,current
2018r,L,L04,b,Woburn Methodist Church and Church Hall,333,105,2,YES,31,Government Gazette No. 52 of 2018,current
2018r,L,L04,b,Woburn Methodist Church and Church Hall,333,105,2,NO,72,Government Gazette No. 52 of 2018,current
2018r,L,L04,c,Woburn Methodist Church and Church Hall,340,97,2,YES,37,Government Gazette No. 52 of 2018,current
2018r,L,L04,c,Woburn Methodist Church and Church Hall,340,97,2,NO,58,Government Gazette No. 52 of 2018,current
2018r,L,L05,a,The Church of Jesus Christ of Latter Day Saints,316,96,1,YES,23,Government Gazette No. 52 of 2018,current
2018r,L,L05,a,The Church of Jesus Christ of Latter Day Saints,316,96,1,NO,72,Government Gazette No. 52 of 2018,current
2018r,L,L05,b,The Church of Jesus Christ of Latter Day Saints,302,80,2,YES,21,Government Gazette No. 52 of 2018,current
2018r,L,L05,b,The Church of Jesus Christ of Latter Day Saints,302,80,2,NO,57,Government Gazette No. 52 of 2018,current
2018r,L,L06,a,"School for Special Education, The Limes",378,100,1,YES,36,Government Gazette No. 52 of 2018,current
2018r,L,L06,a,"School for Special Education, The Limes",378,100,1,NO,63,Government Gazette No. 52 of 2018,current
2018r,L,L06,b,"School for Special Education, The Limes",447,122,6,YES,57,Government Gazette No. 52 of 2018,current
2018r,L,L06,b,"School for Special Education, The Limes",447,122,6,NO,59,Government Gazette No. 52 of 2018,current
2018r,L,L06,c,"School for Special Education, The Limes",377,81,0,YES,30,Government Gazette No. 52 of 2018,current
2018r,L,L06,c,"School for Special Education, The Limes",377,81,0,NO,51,Government Gazette No. 52 of 2018,current
2018r,L,L06,d,"School for Special Education, The Limes",363,70,0,YES,28,Government Gazette No. 52 of 2018,current
2018r,L,L06,d,"School for Special Education, The Limes",363,70,0,NO,42,Government Gazette No. 52 of 2018,current
2018r,L,L07,a,Blessed Sacrament School Maurice Bishop Highway,374,88,0,YES,36,Government Gazette No. 52 of 2018,current
2018r,L,L07,a,Blessed Sacrament School Maurice Bishop Highway,374,88,0,NO,52,Government Gazette No. 52 of 2018,current
2018r,L,L07,b,Blessed Sacrament School Maurice Bishop Highway,369,66,0,YES,25,Government Gazette No. 52 of 2018,current
2018r,L,L07,b,Blessed Sacrament School Maurice Bishop Highway,369,66,0,NO,41,Government Gazette No. 52 of 2018,current
2018r,L,L07,c,Blessed Sacrament School Maurice Bishop Highway,379,59,1,YES,15,Government Gazette No. 52 of 2018,current
2018r,L,L07,c,Blessed Sacrament School Maurice Bishop Highway,379,59,1,NO,43,Government Gazette No. 52 of 2018,current
2018r,L,L07,d,Blessed Sacrament School Maurice Bishop Highway,368,67,3,YES,23,Government Gazette No. 52 of 2018,current
2018r,L,L07,d,Blessed Sacrament School Maurice Bishop Highway,368,67,3,NO,41,Government Gazette No. 52 of 2018,current
2018r,L,L07,e,Blessed Sacrament School Maurice Bishop Highway,376,72,0,YES,31,Government Gazette No. 52 of 2018,current
2018r,L,L07,e,Blessed Sacrament School Maurice Bishop Highway,376,72,0,NO,41,Government Gazette No. 52 of 2018,current
2018r,L,L07,f,Blessed Sacrament School Maurice Bishop Highway,379,63,1,YES,24,Government Gazette No. 52 of 2018,current
2018r,L,L07,f,Blessed Sacrament School Maurice Bishop Highway,379,63,1,NO,38,Government Gazette No. 52 of 2018,current
2018r,L,L08,a,Calliste Government School,382,108,1,YES,42,Government Gazette No. 52 of 2018,current
2018r,L,L08,a,Calliste Government School,382,108,1,NO,65,Government Gazette No. 52 of 2018,current
2018r,L,L08,b,Calliste Government School,356,93,1,YES,28,Government Gazette No. 52 of 2018,current
2018r,L,L08,b,Calliste Government School,356,93,1,NO,64,Government Gazette No. 52 of 2018,current
2018r,L,L08,c,Calliste Government School,372,95,0,YES,41,Government Gazette No. 52 of 2018,current
2018r,L,L08,c,Calliste Government School,372,95,0,NO,54,Government Gazette No. 52 of 2018,current
2018r,L,L08,d,Calliste Government School,367,74,0,YES,22,Government Gazette No. 52 of 2018,current
2018r,L,L08,d,Calliste Government School,367,74,0,NO,52,Government Gazette No. 52 of 2018,current
2018r,L,L08,e,Calliste Government School,352,91,1,YES,40,Government Gazette No. 52 of 2018,current
2018r,L,L08,e,Calliste Government School,352,91,1,NO,50,Government Gazette No. 52 of 2018,current
2018r,L,L08,f,Calliste Government School,292,70,1,YES,26,Government Gazette No. 52 of 2018,current
2018r,L,L08,f,Calliste Government School,292,70,1,NO,43,Government Gazette No. 52 of 2018,current
2018r,M,M01,a,St. John’s Anglican School,313,102,1,YES,44,Government Gazette No. 52 of 2018,current
2018r,M,M01,a,St. John’s Anglican School,313,102,1,NO,57,Government Gazette No. 52 of 2018,current
2018r,M,M01,b,St. John’s Anglican School,274,81,0,YES,25,Government Gazette No. 52 of 2018,current
2018r,M,M01,b,St. John’s Anglican School,274,81,0,NO,56,Government Gazette No. 52 of 2018,current
2018r,M,M02,a,St. John’s R.C. School – Pre-School Department,286,64,2,YES,27,Government Gazette No. 52 of 2018,current
2018r,M,M02,a,St. John’s R.C. School – Pre-School Department,286,64,2,NO,35,Government Gazette No. 52 of 2018,current
2018r,M,M02,b,St. John’s R.C. School – Pre-School Department,292,63,0,YES,26,Government Gazette No. 52 of 2018,current
2018r,M,M02,b,St. John’s R.C. School – Pre-School Department,292,63,0,NO,37,Government Gazette No. 52 of 2018,current
2018r,M,M02,c,St. John’s R.C. School – Pre-School Department,276,67,0,YES,28,Government Gazette No. 52 of 2018,current
2018r,M,M02,c,St. John’s R.C. School – Pre-School Department,276,67,0,NO,39,Government Gazette No. 52 of 2018,current
2018r,M,M03,a,Gouyave Methodist Church,324,72,0,YES,34,Government Gazette No. 52 of 2018,current
2018r,M,M03,a,Gouyave Methodist Church,324,72,0,NO,38,Government Gazette No. 52 of 2018,current
2018r,M,M03,b,Gouyave Methodist Church,325,75,0,YES,31,Government Gazette No. 52 of 2018,current
2018r,M,M03,b,Gouyave Methodist Church,325,75,0,NO,44,Government Gazette No. 52 of 2018,current
2018r,M,M04,a,Grand Roy Government School,352,77,0,YES,39,Government Gazette No. 52 of 2018,current
2018r,M,M04,a,Grand Roy Government School,352,77,0,NO,38,Government Gazette No. 52 of 2018,current
2018r,M,M04,b,Grand Roy Government School,357,71,0,YES,33,Government Gazette No. 52 of 2018,current
2018r,M,M04,b,Grand Roy Government School,357,71,0,NO,38,Government Gazette No. 52 of 2018,current
2018r,M,M04,c,Grand Roy Government School,335,52,1,YES,22,Government Gazette No. 52 of 2018,current
2018r,M,M04,c,Grand Roy Government School,335,52,1,NO,29,Government Gazette No. 52 of 2018,current
2018r,M,M05,a,Concord Government School,303,70,1,YES,43,Government Gazette No. 52 of 2018,current
2018r,M,M05,a,Concord Government School,303,70,1,NO,26,Government Gazette No. 52 of 2018,current
2018r,M,M05,b,Concord Government School,298,77,2,YES,48,Government Gazette No. 52 of 2018,current
2018r,M,M05,b,Concord Government School,298,77,2,NO,27,Government Gazette No. 52 of 2018,current
2018r,M,M05,c,Concord Government School,300,62,0,YES,42,Government Gazette No. 52 of 2018,current
2018r,M,M05,c,Concord Government School,300,62,0,NO,20,Government Gazette No. 52 of 2018,current
2018r,M,M06,,Florida Medical Station,237,73,1,YES,49,Government Gazette No. 52 of 2018,current
2018r,M,M06,,Florida Medical Station,237,73,1,NO,23,Government Gazette No. 52 of 2018,current
2018r,M,M07,a,Cocoa Grove Community Centre,281,52,0,YES,19,Government Gazette No. 52 of 2018,current
2018r,M,M07,a,Cocoa Grove Community Centre,281,52,0,NO,33,Government Gazette No. 52 of 2018,current
2018r,M,M07,b,Cocoa Grove Community Centre,293,60,0,YES,24,Government Gazette No. 52 of 2018,current
2018r,M,M07,b,Cocoa Grove Community Centre,293,60,0,NO,36,Government Gazette No. 52 of 2018,current
2018r,M,M07,c,Cocoa Grove Community Centre,287,65,0,YES,23,Government Gazette No. 52 of 2018,current
2018r,M,M07,c,Cocoa Grove Community Centre,287,65,0,NO,42,Government Gazette No. 52 of 2018,current
2018r,M,M08,a,Mt. Nesbit Community Centre,302,59,0,YES,24,Government Gazette No. 52 of 2018,current
2018r,M,M08,a,Mt. Nesbit Community Centre,302,59,0,NO,35,Government Gazette No. 52 of 2018,current
2018r,M,M08,b,Mt. Nesbit Community Centre,300,73,0,YES,18,Government Gazette No. 52 of 2018,current
2018r,M,M08,b,Mt. Nesbit Community Centre,300,73,0,NO,55,Government Gazette No. 52 of 2018,current
2018r,M,M09,,Clozier Community Centre,262,85,1,YES,56,Government Gazette No. 52 of 2018,current
2018r,M,M09,,Clozier Community Centre,262,85,1,NO,28,Government Gazette No. 52 of 2018,current
2018r,N,N01,,Maran Community Centre,274,66,1,YES,50,Government Gazette No. 52 of 2018,current
2018r,N,N01,,Maran Community Centre,274,66,1,NO,15,Government Gazette No. 52 of 2018,current
2018r,N,N02,a,Victoria Pre Primary School,292,79,0,YES,44,Government Gazette No. 52 of 2018,current
2018r,N,N02,a,Victoria Pre Primary School,292,79,0,NO,35,Government Gazette No. 52 of 2018,current
2018r,N,N02,b,Victoria Pre Primary School,286,87,0,YES,60,Government Gazette No. 52 of 2018,current
2018r,N,N02,b,Victoria Pre Primary School,286,87,0,NO,27,Government Gazette No. 52 of 2018,current
2018r,N,N02,c,Victoria Pre Primary School,291,79,1,YES,46,Government Gazette No. 52 of 2018,current
2018r,N,N02,c,Victoria Pre Primary School,291,79,1,NO,32,Government Gazette No. 52 of 2018,current
2018r,N,N03,a,Victoria Hotel,313,106,0,YES,73,Government Gazette No. 52 of 2018,current
2018r,N,N03,a,Victoria Hotel,313,106,0,NO,33,Government Gazette No. 52 of 2018,current
2018r,N,N03,b,Victoria Hotel,268,79,0,YES,41,Government Gazette No. 52 of 2018,current
2018r,N,N03,b,Victoria Hotel,268,79,0,NO,38,Government Gazette No. 52 of 2018,current
2018r,N,N04,a,St. Mark’s Secondary School,256,48,0,YES,34,Government Gazette No. 52 of 2018,current
2018r,N,N04,a,St. Mark’s Secondary School,256,48,0,NO,14,Government Gazette No. 52 of 2018,current
2018r,N,N04,b,St. Mark’s Secondary School,274,55,0,YES,39,Government Gazette No. 52 of 2018,current
2018r,N,N04,b,St. Mark’s Secondary School,274,55,0,NO,16,Government Gazette No. 52 of 2018,current
2018r,N,N04,c,St. Mark’s Secondary School,276,49,0,YES,32,Government Gazette No. 52 of 2018,current
2018r,N,N04,c,St. Mark’s Secondary School,276,49,0,NO,17,Government Gazette No. 52 of 2018,current
2018r,N,N05,a,"Mrs. De Allie’s Residence, Duquesne",286,76,1,YES,46,Government Gazette No. 52 of 2018,current
2018r,N,N05,a,"Mrs. De Allie’s Residence, Duquesne",286,76,1,NO,29,Government Gazette No. 52 of 2018,current
2018r,N,N05,b,"Mrs. De Allie’s Residence, Duquesne",278,65,0,YES,40,Government Gazette No. 52 of 2018,current
2018r,N,N05,b,"Mrs. De Allie’s Residence, Duquesne",278,65,0,NO,25,Government Gazette No. 52 of 2018,current
2018r,N,N06,,Samaritan Presbyterian School,343,144,1,YES,82,Government Gazette No. 52 of 2018,current
2018r,N,N06,,Samaritan Presbyterian School,343,144,1,NO,61,Government Gazette No. 52 of 2018,current
2018r,P,P01,,Hermitage Government School,379,119,1,YES,59,Government Gazette No. 52 of 2018,current
2018r,P,P01,,Hermitage Government School,379,119,1,NO,59,Government Gazette No. 52 of 2018,current
2018r,P,P02,,River Sallee Government School,425,128,0,YES,46,Government Gazette No. 52 of 2018,current
2018r,P,P02,,River Sallee Government School,425,128,0,NO,82,Government Gazette No. 52 of 2018,current
2018r,P,P03,a,River Sallee Government School,345,98,0,YES,68,Government Gazette No. 52 of 2018,current
2018r,P,P03,a,River Sallee Government School,345,98,0,NO,30,Government Gazette No. 52 of 2018,current
2018r,P,P03,b,River Sallee Government School,332,114,1,YES,65,Government Gazette No. 52 of 2018,current
2018r,P,P03,b,River Sallee Government School,332,114,1,NO,48,Government Gazette No. 52 of 2018,current
2018r,P,P03,c,"Jim Cornwall Premises, MorneFendue",337,100,1,YES,58,Government Gazette No. 52 of 2018,current
2018r,P,P03,c,"Jim Cornwall Premises, MorneFendue",337,100,1,NO,41,Government Gazette No. 52 of 2018,current
2018r,P,P04,,St. Ann’s Pre Primary School,368,90,2,YES,37,Government Gazette No. 52 of 2018,current
2018r,P,P04,,St. Ann’s Pre Primary School,368,90,2,NO,51,Government Gazette No. 52 of 2018,current
2018r,P,P05,a,St. Ann’s Pre Primary School,395,125,0,YES,63,Government Gazette No. 52 of 2018,current
2018r,P,P05,a,St. Ann’s Pre Primary School,395,125,0,NO,62,Government Gazette No. 52 of 2018,current
2018r,P,P05,b,St. Ann’s Pre Primary School,388,121,0,YES,59,Government Gazette No. 52 of 2018,current
2018r,P,P05,b,St. Ann’s Pre Primary School,388,121,0,NO,62,Government Gazette No. 52 of 2018,current
2018r,P,P06,a,St. Patrick’s R.C. School,319,92,2,YES,33,Government Gazette No. 52 of 2018,current
2018r,P,P06,a,St. Patrick’s R.C. School,319,92,2,NO,57,Government Gazette No. 52 of 2018,current
2018r,P,P06,b,St. Patrick’s R.C. School,373,125,0,YES,54,Government Gazette No. 52 of 2018,current
2018r,P,P06,b,St. Patrick’s R.C. School,373,125,0,NO,71,Government Gazette No. 52 of 2018,current
2018r,R,R01,,Hermitage Medical Station,464,108,0,YES,58,Government Gazette No. 52 of 2018,current
2018r,R,R01,,Hermitage Medical Station,464,108,0,NO,50,Government Gazette No. 52 of 2018,current
2018r,R,R02,a,Mt. Rich Pre School,252,51,0,YES,28,Government Gazette No. 52 of 2018,current
2018r,R,R02,a,Mt. Rich Pre School,252,51,0,NO,23,Government Gazette No. 52 of 2018,current
2018r,R,R02,b,Mt. Rich Pre School,269,53,0,YES,30,Government Gazette No. 52 of 2018,current
2018r,R,R02,b,Mt. Rich Pre School,269,53,0,NO,23,Government Gazette No. 52 of 2018,current
2018r,R,R03,a,Multi-Purpose Training Centre,376,110,0,YES,38,Government Gazette No. 52 of 2018,current
2018r,R,R03,a,Multi-Purpose Training Centre,376,110,0,NO,72,Government Gazette No. 52 of 2018,current
2018r,R,R03,b,Multi-Purpose Training Centre,374,87,1,YES,29,Government Gazette No. 52 of 2018,current
2018r,R,R03,b,Multi-Purpose Training Centre,374,87,1,NO,57,Government Gazette No. 52 of 2018,current
2018r,R,R04,,St. Patrick R.C. School,269,70,1,YES,26,Government Gazette No. 52 of 2018,current
2018r,R,R04,,St. Patrick R.C. School,269,70,1,NO,43,Government Gazette No. 52 of 2018,current
2018r,R,R05,a,Mc Donald College,273,66,0,YES,36,Government Gazette No. 52 of 2018,current
2018r,R,R05,a,Mc Donald College,273,66,0,NO,30,Government Gazette No. 52 of 2018,current
2018r,R,R05,b,Mc Donald College,272,66,0,YES,30,Government Gazette No. 52 of 2018,current
2018r,R,R05,b,Mc Donald College,272,66,0,NO,36,Government Gazette No. 52 of 2018,current
2018r,R,R06,a,Fond Community Centre,307,87,0,YES,31,Government Gazette No. 52 of 2018,current
2018r,R,R06,a,Fond Community Centre,307,87,0,NO,56,Government Gazette No. 52 of 2018,current
2018r,R,R06,b,Fond Community Centre,311,106,0,YES,43,Government Gazette No. 52 of 2018,current
2018r,R,R06,b,Fond Community Centre,311,106,0,NO,63,Government Gazette No. 52 of 2018,current
2018r,R,R07,,"Mt. Alexander Pentecostal Church, Prospect",276,98,0,YES,53,Government Gazette No. 52 of 2018,current
2018r,R,R07,,"Mt. Alexander Pentecostal Church, Prospect",276,98,0,NO,45,Government Gazette No. 52 of 2018,current
2018r,R,R08,a,Chantimelle R.C. School,321,113,2,YES,59,Government Gazette No. 52 of 2018,current
2018r,R,R08,a,Chantimelle R.C. School,321,113,2,NO,52,Government Gazette No. 52 of 2018,current
2018r,R,R08,b,Chantimelle R.C. School,315,100,0,YES,58,Government Gazette No. 52 of 2018,current
2018r,R,R08,b,Chantimelle R.C. School,315,100,0,NO,42,Government Gazette No. 52 of 2018,current
2018r,R,R09,,"Presbyterian Church Hall, Samaritan",288,95,1,YES,23,Government Gazette No. 52 of 2018,current
2018r,R,R09,,"Presbyterian Church Hall, Samaritan",288,95,1,NO,71,Government Gazette No. 52 of 2018,current
