snapshot,list,division,constituency_code,electors,female,male
2019-12-31,Consolidated List December 2019.pdf,A01,A,357,166,191
2019-12-31,Consolidated List December 2019.pdf,A02,A,348,172,176
2019-12-31,Consolidated List December 2019.pdf,A03,A,419,208,211
2019-12-31,Consolidated List December 2019.pdf,A04,A,303,156,147
2019-12-31,Consolidated List December 2019.pdf,A05,A,338,163,175
2019-12-31,Consolidated List December 2019.pdf,A06,A,537,268,269
2019-12-31,Consolidated List December 2019.pdf,A07,A,280,148,132
2019-12-31,Consolidated List December 2019.pdf,A08,A,491,235,256
2019-12-31,Consolidated List December 2019.pdf,A09,A,765,397,368
2019-12-31,Consolidated List December 2019.pdf,A10,A,649,319,330
2019-12-31,Consolidated List December 2019.pdf,A11,A,585,263,322
2019-12-31,Consolidated List December 2019.pdf,B01,B,1195,613,582
2019-12-31,Consolidated List December 2019.pdf,B02,B,517,248,269
2019-12-31,Consolidated List December 2019.pdf,B03,B,340,178,162
2019-12-31,Consolidated List December 2019.pdf,B04,B,258,138,120
2019-12-31,Consolidated List December 2019.pdf,B05,B,394,210,184
2019-12-31,Consolidated List December 2019.pdf,B06,B,581,302,279
2019-12-31,Consolidated List December 2019.pdf,B07,B,442,223,219
2019-12-31,Consolidated List December 2019.pdf,B08,B,221,118,103
2019-12-31,Consolidated List December 2019.pdf,B09,B,458,227,231
2019-12-31,Consolidated List December 2019.pdf,B10,B,261,139,122
2019-12-31,Consolidated List December 2019.pdf,C01,C,225,116,109
2019-12-31,Consolidated List December 2019.pdf,C02,C,76,40,36
2019-12-31,Consolidated List December 2019.pdf,C03,C,209,99,110
2019-12-31,Consolidated List December 2019.pdf,C04,C,162,86,76
2019-12-31,Consolidated List December 2019.pdf,C05,C,249,125,124
2019-12-31,Consolidated List December 2019.pdf,C06,C,235,121,114
2019-12-31,Consolidated List December 2019.pdf,C07,C,689,355,334
2019-12-31,Consolidated List December 2019.pdf,C08,C,456,240,216
2019-12-31,Consolidated List December 2019.pdf,C09,C,510,270,240
2019-12-31,Consolidated List December 2019.pdf,C10,C,478,247,231
2019-12-31,Consolidated List December 2019.pdf,C11,C,473,255,218
2019-12-31,Consolidated List December 2019.pdf,C12,C,331,166,165
2019-12-31,Consolidated List December 2019.pdf,C13,C,383,192,191
2019-12-31,Consolidated List December 2019.pdf,C14,C,443,219,224
2019-12-31,Consolidated List December 2019.pdf,D01,D,1033,516,517
2019-12-31,Consolidated List December 2019.pdf,D02,D,1005,539,466
2019-12-31,Consolidated List December 2019.pdf,D03,D,702,358,344
2019-12-31,Consolidated List December 2019.pdf,D04,D,1111,552,559
2019-12-31,Consolidated List December 2019.pdf,D05,D,561,269,292
2019-12-31,Consolidated List December 2019.pdf,D06,D,360,178,182
2019-12-31,Consolidated List December 2019.pdf,D07,D,250,115,135
2019-12-31,Consolidated List December 2019.pdf,E01,E,226,119,107
2019-12-31,Consolidated List December 2019.pdf,E02,E,1318,640,678
2019-12-31,Consolidated List December 2019.pdf,E03,E,537,258,279
2019-12-31,Consolidated List December 2019.pdf,E04,E,673,333,340
2019-12-31,Consolidated List December 2019.pdf,E05,E,969,488,481
2019-12-31,Consolidated List December 2019.pdf,E06,E,400,195,205
2019-12-31,Consolidated List December 2019.pdf,E07,E,401,198,203
2019-12-31,Consolidated List December 2019.pdf,F01,F,382,211,171
2019-12-31,Consolidated List December 2019.pdf,F02,F,800,435,365
2019-12-31,Consolidated List December 2019.pdf,F03,F,455,270,185
2019-12-31,Consolidated List December 2019.pdf,F04,F,845,454,391
2019-12-31,Consolidated List December 2019.pdf,F05,F,695,357,338
2019-12-31,Consolidated List December 2019.pdf,F06,F,1270,666,604
2019-12-31,Consolidated List December 2019.pdf,F07,F,386,193,193
2019-12-31,Consolidated List December 2019.pdf,F08,F,723,368,355
2019-12-31,Consolidated List December 2019.pdf,F09,F,532,262,270
2019-12-31,Consolidated List December 2019.pdf,F10,F,724,364,360
2019-12-31,Consolidated List December 2019.pdf,F11,F,640,337,303
2019-12-31,Consolidated List December 2019.pdf,F12,F,1291,712,579
2019-12-31,Consolidated List December 2019.pdf,G01,G,113,57,56
2019-12-31,Consolidated List December 2019.pdf,G02,G,498,277,221
2019-12-31,Consolidated List December 2019.pdf,G03,G,1757,928,829
2019-12-31,Consolidated List December 2019.pdf,G04,G,158,79,79
2019-12-31,Consolidated List December 2019.pdf,G05,G,264,136,128
2019-12-31,Consolidated List December 2019.pdf,G06,G,359,209,150
2019-12-31,Consolidated List December 2019.pdf,G07,G,30,18,12
2019-12-31,Consolidated List December 2019.pdf,G08,G,373,192,181
2019-12-31,Consolidated List December 2019.pdf,G09,G,31,14,17
2019-12-31,Consolidated List December 2019.pdf,H01,H,430,224,206
2019-12-31,Consolidated List December 2019.pdf,H02,H,749,367,382
2019-12-31,Consolidated List December 2019.pdf,H03,H,162,92,70
2019-12-31,Consolidated List December 2019.pdf,H04,H,660,340,320
2019-12-31,Consolidated List December 2019.pdf,H05,H,1130,559,571
2019-12-31,Consolidated List December 2019.pdf,H06,H,640,325,315
2019-12-31,Consolidated List December 2019.pdf,H07,H,1596,880,716
2019-12-31,Consolidated List December 2019.pdf,H08,H,915,488,427
2019-12-31,Consolidated List December 2019.pdf,H09,H,862,472,390
2019-12-31,Consolidated List December 2019.pdf,J01,J,777,430,347
2019-12-31,Consolidated List December 2019.pdf,J02,J,1052,576,476
2019-12-31,Consolidated List December 2019.pdf,J03,J,477,257,220
2019-12-31,Consolidated List December 2019.pdf,J04,J,1024,507,517
2019-12-31,Consolidated List December 2019.pdf,J05,J,568,295,273
2019-12-31,Consolidated List December 2019.pdf,J06,J,90,50,40
2019-12-31,Consolidated List December 2019.pdf,J07,J,323,194,129
2019-12-31,Consolidated List December 2019.pdf,K01,K,190,97,93
2019-12-31,Consolidated List December 2019.pdf,K02,K,372,207,165
2019-12-31,Consolidated List December 2019.pdf,K03,K,351,178,173
2019-12-31,Consolidated List December 2019.pdf,K04,K,817,444,373
2019-12-31,Consolidated List December 2019.pdf,K05,K,342,195,147
2019-12-31,Consolidated List December 2019.pdf,K06,K,207,113,94
2019-12-31,Consolidated List December 2019.pdf,K07,K,941,466,475
2019-12-31,Consolidated List December 2019.pdf,K08,K,792,447,345
2019-12-31,Consolidated List December 2019.pdf,K09,K,303,148,155
2019-12-31,Consolidated List December 2019.pdf,K10,K,747,398,349
2019-12-31,Consolidated List December 2019.pdf,L01,L,1192,651,541
2019-12-31,Consolidated List December 2019.pdf,L02,L,406,214,192
2019-12-31,Consolidated List December 2019.pdf,L03,L,599,321,278
2019-12-31,Consolidated List December 2019.pdf,L04,L,1043,562,481
2019-12-31,Consolidated List December 2019.pdf,L05,L,634,330,304
2019-12-31,Consolidated List December 2019.pdf,L06,L,1563,803,760
2019-12-31,Consolidated List December 2019.pdf,L07,L,2317,1204,1113
2019-12-31,Consolidated List December 2019.pdf,L08,L,2197,1174,1023
2019-12-31,Consolidated List December 2019.pdf,M01,M,537,245,292
2019-12-31,Consolidated List December 2019.pdf,M02,M,880,451,429
2019-12-31,Consolidated List December 2019.pdf,M03,M,663,313,350
2019-12-31,Consolidated List December 2019.pdf,M04,M,1083,564,519
2019-12-31,Consolidated List December 2019.pdf,M05,M,938,483,455
2019-12-31,Consolidated List December 2019.pdf,M06,M,240,124,116
2019-12-31,Consolidated List December 2019.pdf,M07,M,890,453,437
2019-12-31,Consolidated List December 2019.pdf,M08,M,620,335,285
2019-12-31,Consolidated List December 2019.pdf,M09,M,271,133,138
2019-12-31,Consolidated List December 2019.pdf,N01,N,282,134,148
2019-12-31,Consolidated List December 2019.pdf,N02,N,882,434,448
2019-12-31,Consolidated List December 2019.pdf,N03,N,555,300,255
2019-12-31,Consolidated List December 2019.pdf,N04,N,826,407,419
2019-12-31,Consolidated List December 2019.pdf,N05,N,582,299,283
2019-12-31,Consolidated List December 2019.pdf,N06,N,349,188,161
2019-12-31,Consolidated List December 2019.pdf,P01,P,383,199,184
2019-12-31,Consolidated List December 2019.pdf,P02,P,436,207,229
2019-12-31,Consolidated List December 2019.pdf,P03,P,1034,516,518
2019-12-31,Consolidated List December 2019.pdf,P04,P,371,197,174
2019-12-31,Consolidated List December 2019.pdf,P05,P,803,396,407
2019-12-31,Consolidated List December 2019.pdf,P06,P,666,344,322
2019-12-31,Consolidated List December 2019.pdf,R01,R,406,207,199
2019-12-31,Consolidated List December 2019.pdf,R02,R,531,257,274
2019-12-31,Consolidated List December 2019.pdf,R03,R,761,398,363
2019-12-31,Consolidated List December 2019.pdf,R04,R,285,155,130
2019-12-31,Consolidated List December 2019.pdf,R05,R,554,279,275
2019-12-31,Consolidated List December 2019.pdf,R06,R,626,303,323
2019-12-31,Consolidated List December 2019.pdf,R07,R,282,146,136
2019-12-31,Consolidated List December 2019.pdf,R08,R,660,324,336
2019-12-31,Consolidated List December 2019.pdf,R09,R,289,159,130
2020-06-30,Consolidated List June 2020.pdf,A01,A,359,168,191
2020-06-30,Consolidated List June 2020.pdf,A02,A,349,174,175
2020-06-30,Consolidated List June 2020.pdf,A03,A,418,207,211
2020-06-30,Consolidated List June 2020.pdf,A04,A,301,155,146
2020-06-30,Consolidated List June 2020.pdf,A05,A,340,163,177
2020-06-30,Consolidated List June 2020.pdf,A06,A,540,266,274
2020-06-30,Consolidated List June 2020.pdf,A07,A,274,142,132
2020-06-30,Consolidated List June 2020.pdf,A08,A,491,235,256
2020-06-30,Consolidated List June 2020.pdf,A09,A,764,396,368
2020-06-30,Consolidated List June 2020.pdf,A10,A,657,325,332
2020-06-30,Consolidated List June 2020.pdf,A11,A,582,260,322
2020-06-30,Consolidated List June 2020.pdf,B01,B,1204,620,584
2020-06-30,Consolidated List June 2020.pdf,B02,B,522,249,273
2020-06-30,Consolidated List June 2020.pdf,B03,B,341,180,161
2020-06-30,Consolidated List June 2020.pdf,B04,B,259,139,120
2020-06-30,Consolidated List June 2020.pdf,B05,B,395,209,186
2020-06-30,Consolidated List June 2020.pdf,B06,B,579,302,277
2020-06-30,Consolidated List June 2020.pdf,B07,B,443,224,219
2020-06-30,Consolidated List June 2020.pdf,B08,B,223,119,104
2020-06-30,Consolidated List June 2020.pdf,B09,B,461,228,233
2020-06-30,Consolidated List June 2020.pdf,B10,B,261,139,122
2020-06-30,Consolidated List June 2020.pdf,C01,C,221,111,110
2020-06-30,Consolidated List June 2020.pdf,C02,C,81,45,36
2020-06-30,Consolidated List June 2020.pdf,C03,C,212,98,114
2020-06-30,Consolidated List June 2020.pdf,C04,C,162,87,75
2020-06-30,Consolidated List June 2020.pdf,C05,C,252,127,125
2020-06-30,Consolidated List June 2020.pdf,C06,C,237,122,115
2020-06-30,Consolidated List June 2020.pdf,C07,C,696,359,337
2020-06-30,Consolidated List June 2020.pdf,C08,C,460,244,216
2020-06-30,Consolidated List June 2020.pdf,C09,C,504,269,235
2020-06-30,Consolidated List June 2020.pdf,C10,C,480,245,235
2020-06-30,Consolidated List June 2020.pdf,C11,C,467,249,218
2020-06-30,Consolidated List June 2020.pdf,C12,C,332,166,166
2020-06-30,Consolidated List June 2020.pdf,C13,C,385,193,192
2020-06-30,Consolidated List June 2020.pdf,C14,C,443,219,224
2020-06-30,Consolidated List June 2020.pdf,D01,D,1039,516,523
2020-06-30,Consolidated List June 2020.pdf,D02,D,1016,544,472
2020-06-30,Consolidated List June 2020.pdf,D03,D,702,356,346
2020-06-30,Consolidated List June 2020.pdf,D04,D,1108,554,554
2020-06-30,Consolidated List June 2020.pdf,D05,D,560,269,291
2020-06-30,Consolidated List June 2020.pdf,D06,D,361,179,182
2020-06-30,Consolidated List June 2020.pdf,D07,D,250,115,135
2020-06-30,Consolidated List June 2020.pdf,E01,E,229,120,109
2020-06-30,Consolidated List June 2020.pdf,E02,E,1319,639,680
2020-06-30,Consolidated List June 2020.pdf,E03,E,537,260,277
2020-06-30,Consolidated List June 2020.pdf,E04,E,672,329,343
2020-06-30,Consolidated List June 2020.pdf,E05,E,971,488,483
2020-06-30,Consolidated List June 2020.pdf,E06,E,401,195,206
2020-06-30,Consolidated List June 2020.pdf,E07,E,397,195,202
2020-06-30,Consolidated List June 2020.pdf,F01,F,392,216,176
2020-06-30,Consolidated List June 2020.pdf,F02,F,824,451,373
2020-06-30,Consolidated List June 2020.pdf,F03,F,458,273,185
2020-06-30,Consolidated List June 2020.pdf,F04,F,850,459,391
2020-06-30,Consolidated List June 2020.pdf,F05,F,701,358,343
2020-06-30,Consolidated List June 2020.pdf,F06,F,1276,669,607
2020-06-30,Consolidated List June 2020.pdf,F07,F,388,194,194
2020-06-30,Consolidated List June 2020.pdf,F08,F,733,373,360
2020-06-30,Consolidated List June 2020.pdf,F09,F,539,265,274
2020-06-30,Consolidated List June 2020.pdf,F10,F,719,360,359
2020-06-30,Consolidated List June 2020.pdf,F11,F,656,347,309
2020-06-30,Consolidated List June 2020.pdf,F12,F,1301,717,584
2020-06-30,Consolidated List June 2020.pdf,G01,G,109,55,54
2020-06-30,Consolidated List June 2020.pdf,G02,G,497,279,218
2020-06-30,Consolidated List June 2020.pdf,G03,G,1771,935,836
2020-06-30,Consolidated List June 2020.pdf,G04,G,161,82,79
2020-06-30,Consolidated List June 2020.pdf,G05,G,264,136,128
2020-06-30,Consolidated List June 2020.pdf,G06,G,362,212,150
2020-06-30,Consolidated List June 2020.pdf,G07,G,29,17,12
2020-06-30,Consolidated List June 2020.pdf,G08,G,377,193,184
2020-06-30,Consolidated List June 2020.pdf,G09,G,30,13,17
2020-06-30,Consolidated List June 2020.pdf,H01,H,429,222,207
2020-06-30,Consolidated List June 2020.pdf,H02,H,751,365,386
2020-06-30,Consolidated List June 2020.pdf,H03,H,157,91,66
2020-06-30,Consolidated List June 2020.pdf,H04,H,666,344,322
2020-06-30,Consolidated List June 2020.pdf,H05,H,1127,557,570
2020-06-30,Consolidated List June 2020.pdf,H06,H,657,336,321
2020-06-30,Consolidated List June 2020.pdf,H07,H,1605,883,722
2020-06-30,Consolidated List June 2020.pdf,H08,H,917,486,431
2020-06-30,Consolidated List June 2020.pdf,H09,H,866,474,392
2020-06-30,Consolidated List June 2020.pdf,J01,J,778,431,347
2020-06-30,Consolidated List June 2020.pdf,J02,J,1066,586,480
2020-06-30,Consolidated List June 2020.pdf,J03,J,480,258,222
2020-06-30,Consolidated List June 2020.pdf,J04,J,1031,509,522
2020-06-30,Consolidated List June 2020.pdf,J05,J,571,296,275
2020-06-30,Consolidated List June 2020.pdf,J06,J,91,51,40
2020-06-30,Consolidated List June 2020.pdf,J07,J,327,197,130
2020-06-30,Consolidated List June 2020.pdf,K01,K,190,97,93
2020-06-30,Consolidated List June 2020.pdf,K02,K,376,210,166
2020-06-30,Consolidated List June 2020.pdf,K03,K,357,181,176
2020-06-30,Consolidated List June 2020.pdf,K04,K,821,443,378
2020-06-30,Consolidated List June 2020.pdf,K05,K,342,195,147
2020-06-30,Consolidated List June 2020.pdf,K06,K,213,115,98
2020-06-30,Consolidated List June 2020.pdf,K07,K,940,468,472
2020-06-30,Consolidated List June 2020.pdf,K08,K,797,450,347
2020-06-30,Consolidated List June 2020.pdf,K09,K,299,146,153
2020-06-30,Consolidated List June 2020.pdf,K10,K,747,399,348
2020-06-30,Consolidated List June 2020.pdf,L01,L,1199,650,549
2020-06-30,Consolidated List June 2020.pdf,L02,L,410,217,193
2020-06-30,Consolidated List June 2020.pdf,L03,L,599,321,278
2020-06-30,Consolidated List June 2020.pdf,L04,L,1050,563,487
2020-06-30,Consolidated List June 2020.pdf,L05,L,634,330,304
2020-06-30,Consolidated List June 2020.pdf,L06,L,1566,806,760
2020-06-30,Consolidated List June 2020.pdf,L07,L,2342,1213,1129
2020-06-30,Consolidated List June 2020.pdf,L08,L,2212,1184,1028
2020-06-30,Consolidated List June 2020.pdf,M01,M,534,249,285
2020-06-30,Consolidated List June 2020.pdf,M02,M,881,443,438
2020-06-30,Consolidated List June 2020.pdf,M03,M,680,330,350
2020-06-30,Consolidated List June 2020.pdf,M04,M,1089,564,525
2020-06-30,Consolidated List June 2020.pdf,M05,M,942,487,455
2020-06-30,Consolidated List June 2020.pdf,M06,M,241,124,117
2020-06-30,Consolidated List June 2020.pdf,M07,M,897,458,439
2020-06-30,Consolidated List June 2020.pdf,M08,M,620,332,288
2020-06-30,Consolidated List June 2020.pdf,M09,M,274,134,140
2020-06-30,Consolidated List June 2020.pdf,N01,N,287,133,154
2020-06-30,Consolidated List June 2020.pdf,N02,N,880,438,442
2020-06-30,Consolidated List June 2020.pdf,N03,N,551,295,256
2020-06-30,Consolidated List June 2020.pdf,N04,N,830,408,422
2020-06-30,Consolidated List June 2020.pdf,N05,N,587,298,289
2020-06-30,Consolidated List June 2020.pdf,N06,N,352,189,163
2020-06-30,Consolidated List June 2020.pdf,P01,P,382,199,183
2020-06-30,Consolidated List June 2020.pdf,P02,P,438,207,231
2020-06-30,Consolidated List June 2020.pdf,P03,P,1035,516,519
2020-06-30,Consolidated List June 2020.pdf,P04,P,364,193,171
2020-06-30,Consolidated List June 2020.pdf,P05,P,812,402,410
2020-06-30,Consolidated List June 2020.pdf,P06,P,673,347,326
2020-06-30,Consolidated List June 2020.pdf,R01,R,409,209,200
2020-06-30,Consolidated List June 2020.pdf,R02,R,530,257,273
2020-06-30,Consolidated List June 2020.pdf,R03,R,770,400,370
2020-06-30,Consolidated List June 2020.pdf,R04,R,281,154,127
2020-06-30,Consolidated List June 2020.pdf,R05,R,563,282,281
2020-06-30,Consolidated List June 2020.pdf,R06,R,631,307,324
2020-06-30,Consolidated List June 2020.pdf,R07,R,282,147,135
2020-06-30,Consolidated List June 2020.pdf,R08,R,667,327,340
2020-06-30,Consolidated List June 2020.pdf,R09,R,283,155,128
2020-12-31,Consolidated List December 2020.pdf,A01,A,341,164,177
2020-12-31,Consolidated List December 2020.pdf,A02,A,341,170,171
2020-12-31,Consolidated List December 2020.pdf,A03,A,399,196,203
2020-12-31,Consolidated List December 2020.pdf,A04,A,283,135,148
2020-12-31,Consolidated List December 2020.pdf,A05,A,317,159,158
2020-12-31,Consolidated List December 2020.pdf,A06,A,498,255,243
2020-12-31,Consolidated List December 2020.pdf,A07,A,250,122,128
2020-12-31,Consolidated List December 2020.pdf,A08,A,462,231,231
2020-12-31,Consolidated List December 2020.pdf,A09,A,748,385,363
2020-12-31,Consolidated List December 2020.pdf,A10,A,690,344,346
2020-12-31,Consolidated List December 2020.pdf,A11,A,562,254,308
2020-12-31,Consolidated List December 2020.pdf,B01,B,1194,617,577
2020-12-31,Consolidated List December 2020.pdf,B02,B,515,245,270
2020-12-31,Consolidated List December 2020.pdf,B03,B,324,173,151
2020-12-31,Consolidated List December 2020.pdf,B04,B,259,139,120
2020-12-31,Consolidated List December 2020.pdf,B05,B,399,213,186
2020-12-31,Consolidated List December 2020.pdf,B06,B,562,293,269
2020-12-31,Consolidated List December 2020.pdf,B07,B,431,214,217
2020-12-31,Consolidated List December 2020.pdf,B08,B,228,120,108
2020-12-31,Consolidated List December 2020.pdf,B09,B,444,227,217
2020-12-31,Consolidated List December 2020.pdf,B10,B,253,133,120
2020-12-31,Consolidated List December 2020.pdf,C01,C,211,106,105
2020-12-31,Consolidated List December 2020.pdf,C02,C,87,49,38
2020-12-31,Consolidated List December 2020.pdf,C03,C,211,95,116
2020-12-31,Consolidated List December 2020.pdf,C04,C,162,85,77
2020-12-31,Consolidated List December 2020.pdf,C05,C,241,122,119
2020-12-31,Consolidated List December 2020.pdf,C06,C,237,123,114
2020-12-31,Consolidated List December 2020.pdf,C07,C,701,358,343
2020-12-31,Consolidated List December 2020.pdf,C08,C,456,240,216
2020-12-31,Consolidated List December 2020.pdf,C09,C,501,269,232
2020-12-31,Consolidated List December 2020.pdf,C10,C,479,243,236
2020-12-31,Consolidated List December 2020.pdf,C11,C,452,243,209
2020-12-31,Consolidated List December 2020.pdf,C12,C,322,156,166
2020-12-31,Consolidated List December 2020.pdf,C13,C,372,182,190
2020-12-31,Consolidated List December 2020.pdf,C14,C,437,220,217
2020-12-31,Consolidated List December 2020.pdf,D01,D,1008,505,503
2020-12-31,Consolidated List December 2020.pdf,D02,D,985,525,460
2020-12-31,Consolidated List December 2020.pdf,D03,D,696,359,337
2020-12-31,Consolidated List December 2020.pdf,D04,D,1084,534,550
2020-12-31,Consolidated List December 2020.pdf,D05,D,549,264,285
2020-12-31,Consolidated List December 2020.pdf,D06,D,350,171,179
2020-12-31,Consolidated List December 2020.pdf,D07,D,241,111,130
2020-12-31,Consolidated List December 2020.pdf,E01,E,222,116,106
2020-12-31,Consolidated List December 2020.pdf,E02,E,1318,634,684
2020-12-31,Consolidated List December 2020.pdf,E03,E,534,255,279
2020-12-31,Consolidated List December 2020.pdf,E04,E,661,331,330
2020-12-31,Consolidated List December 2020.pdf,E05,E,975,492,483
2020-12-31,Consolidated List December 2020.pdf,E06,E,401,194,207
2020-12-31,Consolidated List December 2020.pdf,E07,E,394,192,202
2020-12-31,Consolidated List December 2020.pdf,F01,F,387,211,176
2020-12-31,Consolidated List December 2020.pdf,F02,F,849,466,383
2020-12-31,Consolidated List December 2020.pdf,F03,F,450,261,189
2020-12-31,Consolidated List December 2020.pdf,F04,F,850,459,391
2020-12-31,Consolidated List December 2020.pdf,F05,F,689,348,341
2020-12-31,Consolidated List December 2020.pdf,F06,F,1285,672,613
2020-12-31,Consolidated List December 2020.pdf,F07,F,381,187,194
2020-12-31,Consolidated List December 2020.pdf,F08,F,709,369,340
2020-12-31,Consolidated List December 2020.pdf,F09,F,536,264,272
2020-12-31,Consolidated List December 2020.pdf,F10,F,686,341,345
2020-12-31,Consolidated List December 2020.pdf,F11,F,651,348,303
2020-12-31,Consolidated List December 2020.pdf,F12,F,1286,710,576
2020-12-31,Consolidated List December 2020.pdf,G01,G,106,52,54
2020-12-31,Consolidated List December 2020.pdf,G02,G,489,275,214
2020-12-31,Consolidated List December 2020.pdf,G03,G,1752,922,830
2020-12-31,Consolidated List December 2020.pdf,G04,G,152,73,79
2020-12-31,Consolidated List December 2020.pdf,G05,G,258,133,125
2020-12-31,Consolidated List December 2020.pdf,G06,G,353,207,146
2020-12-31,Consolidated List December 2020.pdf,G07,G,26,16,10
2020-12-31,Consolidated List December 2020.pdf,G08,G,365,185,180
2020-12-31,Consolidated List December 2020.pdf,G09,G,25,10,15
2020-12-31,Consolidated List December 2020.pdf,H01,H,413,211,202
2020-12-31,Consolidated List December 2020.pdf,H02,H,753,371,382
2020-12-31,Consolidated List December 2020.pdf,H03,H,158,89,69
2020-12-31,Consolidated List December 2020.pdf,H04,H,642,334,308
2020-12-31,Consolidated List December 2020.pdf,H05,H,1103,552,551
2020-12-31,Consolidated List December 2020.pdf,H06,H,627,320,307
2020-12-31,Consolidated List December 2020.pdf,H07,H,1587,864,723
2020-12-31,Consolidated List December 2020.pdf,H08,H,902,477,425
2020-12-31,Consolidated List December 2020.pdf,H09,H,858,464,394
2020-12-31,Consolidated List December 2020.pdf,J01,J,788,437,351
2020-12-31,Consolidated List December 2020.pdf,J02,J,1045,579,466
2020-12-31,Consolidated List December 2020.pdf,J03,J,480,254,226
2020-12-31,Consolidated List December 2020.pdf,J04,J,1010,496,514
2020-12-31,Consolidated List December 2020.pdf,J05,J,560,289,271
2020-12-31,Consolidated List December 2020.pdf,J06,J,92,50,42
2020-12-31,Consolidated List December 2020.pdf,J07,J,325,193,132
2020-12-31,Consolidated List December 2020.pdf,K01,K,187,93,94
2020-12-31,Consolidated List December 2020.pdf,K02,K,365,202,163
2020-12-31,Consolidated List December 2020.pdf,K03,K,359,180,179
2020-12-31,Consolidated List December 2020.pdf,K04,K,809,439,370
2020-12-31,Consolidated List December 2020.pdf,K05,K,327,192,135
2020-12-31,Consolidated List December 2020.pdf,K06,K,205,109,96
2020-12-31,Consolidated List December 2020.pdf,K07,K,910,453,457
2020-12-31,Consolidated List December 2020.pdf,K08,K,779,442,337
2020-12-31,Consolidated List December 2020.pdf,K09,K,282,139,143
2020-12-31,Consolidated List December 2020.pdf,K10,K,733,390,343
2020-12-31,Consolidated List December 2020.pdf,L01,L,1174,634,540
2020-12-31,Consolidated List December 2020.pdf,L02,L,406,214,192
2020-12-31,Consolidated List December 2020.pdf,L03,L,574,307,267
2020-12-31,Consolidated List December 2020.pdf,L04,L,1025,547,478
2020-12-31,Consolidated List December 2020.pdf,L05,L,614,325,289
2020-12-31,Consolidated List December 2020.pdf,L06,L,1547,784,763
2020-12-31,Consolidated List December 2020.pdf,L07,L,2300,1179,1121
2020-12-31,Consolidated List December 2020.pdf,L08,L,2144,1155,989
2020-12-31,Consolidated List December 2020.pdf,M01,M,517,243,274
2020-12-31,Consolidated List December 2020.pdf,M02,M,870,426,444
2020-12-31,Consolidated List December 2020.pdf,M03,M,653,321,332
2020-12-31,Consolidated List December 2020.pdf,M04,M,1082,555,527
2020-12-31,Consolidated List December 2020.pdf,M05,M,924,474,450
2020-12-31,Consolidated List December 2020.pdf,M06,M,234,125,109
2020-12-31,Consolidated List December 2020.pdf,M07,M,882,453,429
2020-12-31,Consolidated List December 2020.pdf,M08,M,602,325,277
2020-12-31,Consolidated List December 2020.pdf,M09,M,271,130,141
2020-12-31,Consolidated List December 2020.pdf,N01,N,283,130,153
2020-12-31,Consolidated List December 2020.pdf,N02,N,858,425,433
2020-12-31,Consolidated List December 2020.pdf,N03,N,552,293,259
2020-12-31,Consolidated List December 2020.pdf,N04,N,813,401,412
2020-12-31,Consolidated List December 2020.pdf,N05,N,580,288,292
2020-12-31,Consolidated List December 2020.pdf,N06,N,359,192,167
2020-12-31,Consolidated List December 2020.pdf,P01,P,387,207,180
2020-12-31,Consolidated List December 2020.pdf,P02,P,424,200,224
2020-12-31,Consolidated List December 2020.pdf,P03,P,1021,506,515
2020-12-31,Consolidated List December 2020.pdf,P04,P,351,186,165
2020-12-31,Consolidated List December 2020.pdf,P05,P,791,383,408
2020-12-31,Consolidated List December 2020.pdf,P06,P,641,328,313
2020-12-31,Consolidated List December 2020.pdf,R01,R,393,200,193
2020-12-31,Consolidated List December 2020.pdf,R02,R,514,246,268
2020-12-31,Consolidated List December 2020.pdf,R03,R,744,391,353
2020-12-31,Consolidated List December 2020.pdf,R04,R,266,144,122
2020-12-31,Consolidated List December 2020.pdf,R05,R,547,279,268
2020-12-31,Consolidated List December 2020.pdf,R06,R,627,308,319
2020-12-31,Consolidated List December 2020.pdf,R07,R,272,138,134
2020-12-31,Consolidated List December 2020.pdf,R08,R,650,317,333
2020-12-31,Consolidated List December 2020.pdf,R09,R,263,140,123
2021-06-30,Consolidated List June 2021.pdf,A01,A,359,171,188
2021-06-30,Consolidated List June 2021.pdf,A02,A,362,181,181
2021-06-30,Consolidated List June 2021.pdf,A03,A,421,205,216
2021-06-30,Consolidated List June 2021.pdf,A04,A,299,146,153
2021-06-30,Consolidated List June 2021.pdf,A05,A,340,166,174
2021-06-30,Consolidated List June 2021.pdf,A06,A,529,276,253
2021-06-30,Consolidated List June 2021.pdf,A07,A,263,128,135
2021-06-30,Consolidated List June 2021.pdf,A08,A,488,244,244
2021-06-30,Consolidated List June 2021.pdf,A09,A,788,403,385
2021-06-30,Consolidated List June 2021.pdf,A10,A,735,373,362
2021-06-30,Consolidated List June 2021.pdf,A11,A,588,265,323
2021-06-30,Consolidated List June 2021.pdf,B01,B,1235,642,593
2021-06-30,Consolidated List June 2021.pdf,B02,B,532,257,275
2021-06-30,Consolidated List June 2021.pdf,B03,B,336,180,156
2021-06-30,Consolidated List June 2021.pdf,B04,B,267,145,122
2021-06-30,Consolidated List June 2021.pdf,B05,B,413,223,190
2021-06-30,Consolidated List June 2021.pdf,B06,B,593,305,288
2021-06-30,Consolidated List June 2021.pdf,B07,B,438,219,219
2021-06-30,Consolidated List June 2021.pdf,B08,B,229,121,108
2021-06-30,Consolidated List June 2021.pdf,B09,B,469,236,233
2021-06-30,Consolidated List June 2021.pdf,B10,B,261,136,125
2021-06-30,Consolidated List June 2021.pdf,C01,C,216,110,106
2021-06-30,Consolidated List June 2021.pdf,C02,C,91,51,40
2021-06-30,Consolidated List June 2021.pdf,C03,C,212,97,115
2021-06-30,Consolidated List June 2021.pdf,C04,C,166,87,79
2021-06-30,Consolidated List June 2021.pdf,C05,C,257,129,128
2021-06-30,Consolidated List June 2021.pdf,C06,C,249,129,120
2021-06-30,Consolidated List June 2021.pdf,C07,C,728,366,362
2021-06-30,Consolidated List June 2021.pdf,C08,C,466,243,223
2021-06-30,Consolidated List June 2021.pdf,C09,C,542,287,255
2021-06-30,Consolidated List June 2021.pdf,C10,C,494,253,241
2021-06-30,Consolidated List June 2021.pdf,C11,C,474,256,218
2021-06-30,Consolidated List June 2021.pdf,C12,C,341,166,175
2021-06-30,Consolidated List June 2021.pdf,C13,C,395,194,201
2021-06-30,Consolidated List June 2021.pdf,C14,C,451,229,222
2021-06-30,Consolidated List June 2021.pdf,D01,D,1059,528,531
2021-06-30,Consolidated List June 2021.pdf,D02,D,1031,551,480
2021-06-30,Consolidated List June 2021.pdf,D03,D,723,374,349
2021-06-30,Consolidated List June 2021.pdf,D04,D,1130,561,569
2021-06-30,Consolidated List June 2021.pdf,D05,D,561,272,289
2021-06-30,Consolidated List June 2021.pdf,D06,D,360,179,181
2021-06-30,Consolidated List June 2021.pdf,D07,D,249,113,136
2021-06-30,Consolidated List June 2021.pdf,E01,E,228,121,107
2021-06-30,Consolidated List June 2021.pdf,E02,E,1361,660,701
2021-06-30,Consolidated List June 2021.pdf,E03,E,550,263,287
2021-06-30,Consolidated List June 2021.pdf,E04,E,684,342,342
2021-06-30,Consolidated List June 2021.pdf,E05,E,1003,504,499
2021-06-30,Consolidated List June 2021.pdf,E06,E,407,195,212
2021-06-30,Consolidated List June 2021.pdf,E07,E,402,197,205
2021-06-30,Consolidated List June 2021.pdf,F01,F,404,220,184
2021-06-30,Consolidated List June 2021.pdf,F02,F,887,485,402
2021-06-30,Consolidated List June 2021.pdf,F03,F,475,276,199
2021-06-30,Consolidated List June 2021.pdf,F04,F,883,474,409
2021-06-30,Consolidated List June 2021.pdf,F05,F,723,368,355
2021-06-30,Consolidated List June 2021.pdf,F06,F,1336,706,630
2021-06-30,Consolidated List June 2021.pdf,F07,F,396,194,202
2021-06-30,Consolidated List June 2021.pdf,F08,F,744,385,359
2021-06-30,Consolidated List June 2021.pdf,F09,F,563,277,286
2021-06-30,Consolidated List June 2021.pdf,F10,F,709,353,356
2021-06-30,Consolidated List June 2021.pdf,F11,F,677,363,314
2021-06-30,Consolidated List June 2021.pdf,F12,F,1334,740,594
2021-06-30,Consolidated List June 2021.pdf,G01,G,107,52,55
2021-06-30,Consolidated List June 2021.pdf,G02,G,507,288,219
2021-06-30,Consolidated List June 2021.pdf,G03,G,1825,973,852
2021-06-30,Consolidated List June 2021.pdf,G04,G,165,81,84
2021-06-30,Consolidated List June 2021.pdf,G05,G,266,137,129
2021-06-30,Consolidated List June 2021.pdf,G06,G,367,213,154
2021-06-30,Consolidated List June 2021.pdf,G07,G,27,17,10
2021-06-30,Consolidated List June 2021.pdf,G08,G,396,201,195
2021-06-30,Consolidated List June 2021.pdf,G09,G,27,11,16
2021-06-30,Consolidated List June 2021.pdf,H01,H,426,220,206
2021-06-30,Consolidated List June 2021.pdf,H02,H,780,382,398
2021-06-30,Consolidated List June 2021.pdf,H03,H,159,89,70
2021-06-30,Consolidated List June 2021.pdf,H04,H,677,348,329
2021-06-30,Consolidated List June 2021.pdf,H05,H,1133,565,568
2021-06-30,Consolidated List June 2021.pdf,H06,H,661,342,319
2021-06-30,Consolidated List June 2021.pdf,H07,H,1655,909,745
2021-06-30,Consolidated List June 2021.pdf,H08,H,945,497,448
2021-06-30,Consolidated List June 2021.pdf,H09,H,906,489,417
2021-06-30,Consolidated List June 2021.pdf,J01,J,812,447,365
2021-06-30,Consolidated List June 2021.pdf,J02,J,1080,591,489
2021-06-30,Consolidated List June 2021.pdf,J03,J,495,265,230
2021-06-30,Consolidated List June 2021.pdf,J04,J,1051,524,527
2021-06-30,Consolidated List June 2021.pdf,J05,J,576,299,277
2021-06-30,Consolidated List June 2021.pdf,J06,J,95,52,43
2021-06-30,Consolidated List June 2021.pdf,J07,J,339,199,140
2021-06-30,Consolidated List June 2021.pdf,K01,K,191,97,94
2021-06-30,Consolidated List June 2021.pdf,K02,K,380,213,167
2021-06-30,Consolidated List June 2021.pdf,K03,K,376,190,186
2021-06-30,Consolidated List June 2021.pdf,K04,K,845,460,385
2021-06-30,Consolidated List June 2021.pdf,K05,K,345,199,146
2021-06-30,Consolidated List June 2021.pdf,K06,K,233,129,104
2021-06-30,Consolidated List June 2021.pdf,K07,K,958,475,483
2021-06-30,Consolidated List June 2021.pdf,K08,K,804,456,348
2021-06-30,Consolidated List June 2021.pdf,K09,K,303,149,154
2021-06-30,Consolidated List June 2021.pdf,K10,K,769,410,359
2021-06-30,Consolidated List June 2021.pdf,L01,L,1228,667,561
2021-06-30,Consolidated List June 2021.pdf,L02,L,414,220,194
2021-06-30,Consolidated List June 2021.pdf,L03,L,596,319,277
2021-06-30,Consolidated List June 2021.pdf,L04,L,1088,580,508
2021-06-30,Consolidated List June 2021.pdf,L05,L,635,337,298
2021-06-30,Consolidated List June 2021.pdf,L06,L,1646,841,805
2021-06-30,Consolidated List June 2021.pdf,L07,L,2440,1253,1187
2021-06-30,Consolidated List June 2021.pdf,L08,L,2291,1227,1064
2021-06-30,Consolidated List June 2021.pdf,M01,M,536,252,284
2021-06-30,Consolidated List June 2021.pdf,M02,M,906,443,463
2021-06-30,Consolidated List June 2021.pdf,M03,M,681,334,347
2021-06-30,Consolidated List June 2021.pdf,M04,M,1125,578,547
2021-06-30,Consolidated List June 2021.pdf,M05,M,955,495,460
2021-06-30,Consolidated List June 2021.pdf,M06,M,242,128,114
2021-06-30,Consolidated List June 2021.pdf,M07,M,942,481,461
2021-06-30,Consolidated List June 2021.pdf,M08,M,640,344,296
2021-06-30,Consolidated List June 2021.pdf,M09,M,282,136,146
2021-06-30,Consolidated List June 2021.pdf,N01,N,291,134,157
2021-06-30,Consolidated List June 2021.pdf,N02,N,898,445,453
2021-06-30,Consolidated List June 2021.pdf,N03,N,583,308,275
2021-06-30,Consolidated List June 2021.pdf,N04,N,846,419,427
2021-06-30,Consolidated List June 2021.pdf,N05,N,609,307,302
2021-06-30,Consolidated List June 2021.pdf,N06,N,376,200,176
2021-06-30,Consolidated List June 2021.pdf,P01,P,399,212,187
2021-06-30,Consolidated List June 2021.pdf,P02,P,445,213,232
2021-06-30,Consolidated List June 2021.pdf,P03,P,1062,529,533
2021-06-30,Consolidated List June 2021.pdf,P04,P,365,195,170
2021-06-30,Consolidated List June 2021.pdf,P05,P,829,410,419
2021-06-30,Consolidated List June 2021.pdf,P06,P,688,353,335
2021-06-30,Consolidated List June 2021.pdf,R01,R,415,214,201
2021-06-30,Consolidated List June 2021.pdf,R02,R,532,257,275
2021-06-30,Consolidated List June 2021.pdf,R03,R,782,408,374
2021-06-30,Consolidated List June 2021.pdf,R04,R,273,148,125
2021-06-30,Consolidated List June 2021.pdf,R05,R,568,283,285
2021-06-30,Consolidated List June 2021.pdf,R06,R,646,316,330
2021-06-30,Consolidated List June 2021.pdf,R07,R,282,143,139
2021-06-30,Consolidated List June 2021.pdf,R08,R,679,331,348
2021-06-30,Consolidated List June 2021.pdf,R09,R,272,146,126
2021-12-31,Consolidated List December 2021.pdf,A01,A,362,172,190
2021-12-31,Consolidated List December 2021.pdf,A02,A,370,186,184
2021-12-31,Consolidated List December 2021.pdf,A03,A,416,204,212
2021-12-31,Consolidated List December 2021.pdf,A04,A,295,145,150
2021-12-31,Consolidated List December 2021.pdf,A05,A,343,166,177
2021-12-31,Consolidated List December 2021.pdf,A06,A,526,277,249
2021-12-31,Consolidated List December 2021.pdf,A07,A,260,128,132
2021-12-31,Consolidated List December 2021.pdf,A08,A,490,243,247
2021-12-31,Consolidated List December 2021.pdf,A09,A,811,414,397
2021-12-31,Consolidated List December 2021.pdf,A10,A,735,375,360
2021-12-31,Consolidated List December 2021.pdf,A11,A,597,272,325
2021-12-31,Consolidated List December 2021.pdf,B01,B,1237,649,588
2021-12-31,Consolidated List December 2021.pdf,B02,B,546,263,283
2021-12-31,Consolidated List December 2021.pdf,B03,B,337,180,157
2021-12-31,Consolidated List December 2021.pdf,B04,B,270,150,120
2021-12-31,Consolidated List December 2021.pdf,B05,B,420,225,195
2021-12-31,Consolidated List December 2021.pdf,B06,B,602,306,296
2021-12-31,Consolidated List December 2021.pdf,B07,B,437,222,215
2021-12-31,Consolidated List December 2021.pdf,B08,B,232,125,107
2021-12-31,Consolidated List December 2021.pdf,B09,B,469,236,233
2021-12-31,Consolidated List December 2021.pdf,B10,B,253,129,124
2021-12-31,Consolidated List December 2021.pdf,C01,C,219,112,107
2021-12-31,Consolidated List December 2021.pdf,C02,C,91,51,40
2021-12-31,Consolidated List December 2021.pdf,C03,C,209,98,111
2021-12-31,Consolidated List December 2021.pdf,C04,C,170,88,82
2021-12-31,Consolidated List December 2021.pdf,C05,C,263,132,131
2021-12-31,Consolidated List December 2021.pdf,C06,C,244,125,119
2021-12-31,Consolidated List December 2021.pdf,C07,C,737,368,369
2021-12-31,Consolidated List December 2021.pdf,C08,C,468,242,226
2021-12-31,Consolidated List December 2021.pdf,C09,C,553,293,260
2021-12-31,Consolidated List December 2021.pdf,C10,C,503,259,244
2021-12-31,Consolidated List December 2021.pdf,C11,C,475,263,212
2021-12-31,Consolidated List December 2021.pdf,C12,C,342,165,177
2021-12-31,Consolidated List December 2021.pdf,C13,C,398,194,204
2021-12-31,Consolidated List December 2021.pdf,C14,C,449,228,221
2021-12-31,Consolidated List December 2021.pdf,D01,D,1057,530,527
2021-12-31,Consolidated List December 2021.pdf,D02,D,1016,545,471
2021-12-31,Consolidated List December 2021.pdf,D03,D,740,378,362
2021-12-31,Consolidated List December 2021.pdf,D04,D,1125,557,568
2021-12-31,Consolidated List December 2021.pdf,D05,D,562,271,291
2021-12-31,Consolidated List December 2021.pdf,D06,D,358,181,177
2021-12-31,Consolidated List December 2021.pdf,D07,D,251,116,135
2021-12-31,Consolidated List December 2021.pdf,E01,E,225,119,106
2021-12-31,Consolidated List December 2021.pdf,E02,E,1329,637,692
2021-12-31,Consolidated List December 2021.pdf,E03,E,547,260,287
2021-12-31,Consolidated List December 2021.pdf,E04,E,675,338,337
2021-12-31,Consolidated List December 2021.pdf,E05,E,1007,510,497
2021-12-31,Consolidated List December 2021.pdf,E06,E,406,194,212
2021-12-31,Consolidated List December 2021.pdf,E07,E,399,196,203
2021-12-31,Consolidated List December 2021.pdf,F01,F,403,221,182
2021-12-31,Consolidated List December 2021.pdf,F02,F,919,502,417
2021-12-31,Consolidated List December 2021.pdf,F03,F,484,283,201
2021-12-31,Consolidated List December 2021.pdf,F04,F,898,484,414
2021-12-31,Consolidated List December 2021.pdf,F05,F,723,369,354
2021-12-31,Consolidated List December 2021.pdf,F06,F,1356,721,635
2021-12-31,Consolidated List December 2021.pdf,F07,F,402,196,206
2021-12-31,Consolidated List December 2021.pdf,F08,F,739,382,357
2021-12-31,Consolidated List December 2021.pdf,F09,F,566,281,285
2021-12-31,Consolidated List December 2021.pdf,F10,F,703,348,355
2021-12-31,Consolidated List December 2021.pdf,F11,F,685,364,321
2021-12-31,Consolidated List December 2021.pdf,F12,F,1339,745,594
2021-12-31,Consolidated List December 2021.pdf,G01,G,106,52,54
2021-12-31,Consolidated List December 2021.pdf,G02,G,504,288,216
2021-12-31,Consolidated List December 2021.pdf,G03,G,1830,971,859
2021-12-31,Consolidated List December 2021.pdf,G04,G,166,80,86
2021-12-31,Consolidated List December 2021.pdf,G05,G,258,134,124
2021-12-31,Consolidated List December 2021.pdf,G06,G,366,207,159
2021-12-31,Consolidated List December 2021.pdf,G07,G,23,14,9
2021-12-31,Consolidated List December 2021.pdf,G08,G,397,201,196
2021-12-31,Consolidated List December 2021.pdf,G09,G,26,11,15
2021-12-31,Consolidated List December 2021.pdf,H01,H,426,219,207
2021-12-31,Consolidated List December 2021.pdf,H02,H,799,391,408
2021-12-31,Consolidated List December 2021.pdf,H03,H,161,91,70
2021-12-31,Consolidated List December 2021.pdf,H04,H,670,341,329
2021-12-31,Consolidated List December 2021.pdf,H05,H,1134,565,569
2021-12-31,Consolidated List December 2021.pdf,H06,H,662,342,320
2021-12-31,Consolidated List December 2021.pdf,H07,H,1670,925,745
2021-12-31,Consolidated List December 2021.pdf,H08,H,941,495,446
2021-12-31,Consolidated List December 2021.pdf,H09,H,904,494,410
2021-12-31,Consolidated List December 2021.pdf,J01,J,812,448,364
2021-12-31,Consolidated List December 2021.pdf,J02,J,1070,591,479
2021-12-31,Consolidated List December 2021.pdf,J03,J,492,264,228
2021-12-31,Consolidated List December 2021.pdf,J04,J,1040,520,520
2021-12-31,Consolidated List December 2021.pdf,J05,J,566,294,272
2021-12-31,Consolidated List December 2021.pdf,J06,J,97,53,44
2021-12-31,Consolidated List December 2021.pdf,J07,J,347,201,146
2021-12-31,Consolidated List December 2021.pdf,K01,K,190,96,94
2021-12-31,Consolidated List December 2021.pdf,K02,K,380,218,162
2021-12-31,Consolidated List December 2021.pdf,K03,K,382,192,190
2021-12-31,Consolidated List December 2021.pdf,K04,K,842,460,382
2021-12-31,Consolidated List December 2021.pdf,K05,K,344,200,144
2021-12-31,Consolidated List December 2021.pdf,K06,K,237,130,107
2021-12-31,Consolidated List December 2021.pdf,K07,K,953,472,481
2021-12-31,Consolidated List December 2021.pdf,K08,K,779,440,339
2021-12-31,Consolidated List December 2021.pdf,K09,K,303,149,154
2021-12-31,Consolidated List December 2021.pdf,K10,K,771,413,358
2021-12-31,Consolidated List December 2021.pdf,L01,L,1223,666,557
2021-12-31,Consolidated List December 2021.pdf,L02,L,405,215,190
2021-12-31,Consolidated List December 2021.pdf,L03,L,603,317,286
2021-12-31,Consolidated List December 2021.pdf,L04,L,1100,593,507
2021-12-31,Consolidated List December 2021.pdf,L05,L,628,332,296
2021-12-31,Consolidated List December 2021.pdf,L06,L,1661,851,810
2021-12-31,Consolidated List December 2021.pdf,L07,L,2469,1273,1196
2021-12-31,Consolidated List December 2021.pdf,L08,L,2331,1241,1090
2021-12-31,Consolidated List December 2021.pdf,M01,M,535,253,282
2021-12-31,Consolidated List December 2021.pdf,M02,M,907,444,463
2021-12-31,Consolidated List December 2021.pdf,M03,M,679,332,347
2021-12-31,Consolidated List December 2021.pdf,M04,M,1121,579,542
2021-12-31,Consolidated List December 2021.pdf,M05,M,957,495,462
2021-12-31,Consolidated List December 2021.pdf,M06,M,240,128,112
2021-12-31,Consolidated List December 2021.pdf,M07,M,953,485,468
2021-12-31,Consolidated List December 2021.pdf,M08,M,639,343,296
2021-12-31,Consolidated List December 2021.pdf,M09,M,285,140,145
2021-12-31,Consolidated List December 2021.pdf,N01,N,292,134,158
2021-12-31,Consolidated List December 2021.pdf,N02,N,894,441,453
2021-12-31,Consolidated List December 2021.pdf,N03,N,592,315,277
2021-12-31,Consolidated List December 2021.pdf,N04,N,848,420,428
2021-12-31,Consolidated List December 2021.pdf,N05,N,607,308,299
2021-12-31,Consolidated List December 2021.pdf,N06,N,377,201,176
2021-12-31,Consolidated List December 2021.pdf,P01,P,392,210,182
2021-12-31,Consolidated List December 2021.pdf,P02,P,449,213,236
2021-12-31,Consolidated List December 2021.pdf,P03,P,1065,533,532
2021-12-31,Consolidated List December 2021.pdf,P04,P,364,196,168
2021-12-31,Consolidated List December 2021.pdf,P05,P,827,409,418
2021-12-31,Consolidated List December 2021.pdf,P06,P,693,355,338
2021-12-31,Consolidated List December 2021.pdf,R01,R,409,210,199
2021-12-31,Consolidated List December 2021.pdf,R02,R,526,254,272
2021-12-31,Consolidated List December 2021.pdf,R03,R,778,407,371
2021-12-31,Consolidated List December 2021.pdf,R04,R,275,152,123
2021-12-31,Consolidated List December 2021.pdf,R05,R,565,282,283
2021-12-31,Consolidated List December 2021.pdf,R06,R,646,315,331
2021-12-31,Consolidated List December 2021.pdf,R07,R,286,144,142
2021-12-31,Consolidated List December 2021.pdf,R08,R,675,332,343
2021-12-31,Consolidated List December 2021.pdf,R09,R,270,145,125
2022-05-27,Current Colsolidated List as at  May 17th 2022.pdf,A01,A,386,184,202
2022-05-27,Current Colsolidated List as at  May 17th 2022.pdf,A02,A,392,191,201
2022-05-27,Current Colsolidated List as at  May 17th 2022.pdf,A03,A,417,202,215
2022-05-27,Current Colsolidated List as at  May 17th 2022.pdf,A04,A,318,156,162
2022-05-27,Current Colsolidated List as at  May 17th 2022.pdf,A05,A,346,168,178
2022-05-27,Current Colsolidated List as at  May 17th 2022.pdf,A06,A,546,285,261
2022-05-27,Current Colsolidated List as at  May 17th 2022.pdf,A07,A,269,129,140
2022-05-27,Current Colsolidated List as at  May 17th 2022.pdf,A08,A,499,249,250
2022-05-27,Current Colsolidated List as at  May 17th 2022.pdf,A09,A,851,430,421
2022-05-27,Current Colsolidated List as at  May 17th 2022.pdf,A10,A,793,408,385
2022-05-27,Current Colsolidated List as at  May 17th 2022.pdf,A11,A,602,272,330
2022-05-27,Current Colsolidated List as at  May 17th 2022.pdf,B01,B,1258,652,606
2022-05-27,Current Colsolidated List as at  May 17th 2022.pdf,B02,B,558,270,288
2022-05-27,Current Colsolidated List as at  May 17th 2022.pdf,B03,B,340,182,158
2022-05-27,Current Colsolidated List as at  May 17th 2022.pdf,B04,B,269,151,118
2022-05-27,Current Colsolidated List as at  May 17th 2022.pdf,B05,B,436,234,202
2022-05-27,Current Colsolidated List as at  May 17th 2022.pdf,B06,B,638,328,310
2022-05-27,Current Colsolidated List as at  May 17th 2022.pdf,B07,B,458,225,233
2022-05-27,Current Colsolidated List as at  May 17th 2022.pdf,B08,B,235,126,109
2022-05-27,Current Colsolidated List as at  May 17th 2022.pdf,B09,B,500,260,240
2022-05-27,Current Colsolidated List as at  May 17th 2022.pdf,B10,B,259,136,123
2022-05-27,Current Colsolidated List as at  May 17th 2022.pdf,C01,C,223,112,111
2022-05-27,Current Colsolidated List as at  May 17th 2022.pdf,C02,C,114,58,56
2022-05-27,Current Colsolidated List as at  May 17th 2022.pdf,C03,C,223,107,116
2022-05-27,Current Colsolidated List as at  May 17th 2022.pdf,C04,C,172,91,81
2022-05-27,Current Colsolidated List as at  May 17th 2022.pdf,C05,C,277,137,140
2022-05-27,Current Colsolidated List as at  May 17th 2022.pdf,C06,C,267,137,130
2022-05-27,Current Colsolidated List as at  May 17th 2022.pdf,C07,C,767,385,382
2022-05-27,Current Colsolidated List as at  May 17th 2022.pdf,C08,C,470,242,228
2022-05-27,Current Colsolidated List as at  May 17th 2022.pdf,C09,C,575,310,265
2022-05-27,Current Colsolidated List as at  May 17th 2022.pdf,C10,C,527,271,256
2022-05-27,Current Colsolidated List as at  May 17th 2022.pdf,C11,C,491,274,217
2022-05-27,Current Colsolidated List as at  May 17th 2022.pdf,C12,C,343,164,179
2022-05-27,Current Colsolidated List as at  May 17th 2022.pdf,C13,C,406,196,210
2022-05-27,Current Colsolidated List as at  May 17th 2022.pdf,C14,C,469,233,236
2022-05-27,Current Colsolidated List as at  May 17th 2022.pdf,D01,D,1127,564,563
2022-05-27,Current Colsolidated List as at  May 17th 2022.pdf,D02,D,1087,575,512
2022-05-27,Current Colsolidated List as at  May 17th 2022.pdf,D03,D,778,390,388
2022-05-27,Current Colsolidated List as at  May 17th 2022.pdf,D04,D,1180,589,591
2022-05-27,Current Colsolidated List as at  May 17th 2022.pdf,D05,D,594,284,310
2022-05-27,Current Colsolidated List as at  May 17th 2022.pdf,D06,D,368,184,184
2022-05-27,Current Colsolidated List as at  May 17th 2022.pdf,D07,D,258,118,140
2022-05-27,Current Colsolidated List as at  May 17th 2022.pdf,E01,E,235,122,113
2022-05-27,Current Colsolidated List as at  May 17th 2022.pdf,E02,E,1436,698,738
2022-05-27,Current Colsolidated List as at  May 17th 2022.pdf,E03,E,570,267,303
2022-05-27,Current Colsolidated List as at  May 17th 2022.pdf,E04,E,730,359,371
2022-05-27,Current Colsolidated List as at  May 17th 2022.pdf,E05,E,1036,526,510
2022-05-27,Current Colsolidated List as at  May 17th 2022.pdf,E06,E,417,201,216
2022-05-27,Current Colsolidated List as at  May 17th 2022.pdf,E07,E,418,207,211
2022-05-27,Current Colsolidated List as at  May 17th 2022.pdf,F01,F,437,239,198
2022-05-27,Current Colsolidated List as at  May 17th 2022.pdf,F02,F,996,532,464
2022-05-27,Current Colsolidated List as at  May 17th 2022.pdf,F03,F,522,295,227
2022-05-27,Current Colsolidated List as at  May 17th 2022.pdf,F04,F,969,509,460
2022-05-27,Current Colsolidated List as at  May 17th 2022.pdf,F05,F,748,379,369
2022-05-27,Current Colsolidated List as at  May 17th 2022.pdf,F06,F,1453,769,684
2022-05-27,Current Colsolidated List as at  May 17th 2022.pdf,F07,F,419,203,216
2022-05-27,Current Colsolidated List as at  May 17th 2022.pdf,F08,F,771,401,370
2022-05-27,Current Colsolidated List as at  May 17th 2022.pdf,F09,F,589,293,296
2022-05-27,Current Colsolidated List as at  May 17th 2022.pdf,F10,F,757,368,389
2022-05-27,Current Colsolidated List as at  May 17th 2022.pdf,F11,F,728,384,344
2022-05-27,Current Colsolidated List as at  May 17th 2022.pdf,F12,F,1475,822,653
2022-05-27,Current Colsolidated List as at  May 17th 2022.pdf,G01,G,108,53,55
2022-05-27,Current Colsolidated List as at  May 17th 2022.pdf,G02,G,504,284,220
2022-05-27,Current Colsolidated List as at  May 17th 2022.pdf,G03,G,1906,1004,902
2022-05-27,Current Colsolidated List as at  May 17th 2022.pdf,G04,G,178,85,93
2022-05-27,Current Colsolidated List as at  May 17th 2022.pdf,G05,G,252,128,124
2022-05-27,Current Colsolidated List as at  May 17th 2022.pdf,G06,G,390,216,174
2022-05-27,Current Colsolidated List as at  May 17th 2022.pdf,G07,G,25,16,9
2022-05-27,Current Colsolidated List as at  May 17th 2022.pdf,G08,G,396,196,200
2022-05-27,Current Colsolidated List as at  May 17th 2022.pdf,G09,G,23,10,13
2022-05-27,Current Colsolidated List as at  May 17th 2022.pdf,H01,H,444,226,218
2022-05-27,Current Colsolidated List as at  May 17th 2022.pdf,H02,H,850,419,431
2022-05-27,Current Colsolidated List as at  May 17th 2022.pdf,H03,H,170,99,71
2022-05-27,Current Colsolidated List as at  May 17th 2022.pdf,H04,H,706,356,350
2022-05-27,Current Colsolidated List as at  May 17th 2022.pdf,H05,H,1160,575,585
2022-05-27,Current Colsolidated List as at  May 17th 2022.pdf,H06,H,701,361,340
2022-05-27,Current Colsolidated List as at  May 17th 2022.pdf,H07,H,1771,981,790
2022-05-27,Current Colsolidated List as at  May 17th 2022.pdf,H08,H,1019,540,479
2022-05-27,Current Colsolidated List as at  May 17th 2022.pdf,H09,H,966,519,447
2022-05-27,Current Colsolidated List as at  May 17th 2022.pdf,J01,J,836,458,378
2022-05-27,Current Colsolidated List as at  May 17th 2022.pdf,J02,J,1086,605,481
2022-05-27,Current Colsolidated List as at  May 17th 2022.pdf,J03,J,514,277,237
2022-05-27,Current Colsolidated List as at  May 17th 2022.pdf,J04,J,1041,525,516
2022-05-27,Current Colsolidated List as at  May 17th 2022.pdf,J05,J,596,309,287
2022-05-27,Current Colsolidated List as at  May 17th 2022.pdf,J06,J,98,53,45
2022-05-27,Current Colsolidated List as at  May 17th 2022.pdf,J07,J,364,210,154
2022-05-27,Current Colsolidated List as at  May 17th 2022.pdf,K01,K,200,102,98
2022-05-27,Current Colsolidated List as at  May 17th 2022.pdf,K02,K,397,221,176
2022-05-27,Current Colsolidated List as at  May 17th 2022.pdf,K03,K,396,203,193
2022-05-27,Current Colsolidated List as at  May 17th 2022.pdf,K04,K,879,487,392
2022-05-27,Current Colsolidated List as at  May 17th 2022.pdf,K05,K,354,202,152
2022-05-27,Current Colsolidated List as at  May 17th 2022.pdf,K06,K,257,143,114
2022-05-27,Current Colsolidated List as at  May 17th 2022.pdf,K07,K,1006,492,514
2022-05-27,Current Colsolidated List as at  May 17th 2022.pdf,K08,K,816,462,354
2022-05-27,Current Colsolidated List as at  May 17th 2022.pdf,K09,K,323,163,160
2022-05-27,Current Colsolidated List as at  May 17th 2022.pdf,K10,K,801,426,375
2022-05-27,Current Colsolidated List as at  May 17th 2022.pdf,L01,L,1263,683,580
2022-05-27,Current Colsolidated List as at  May 17th 2022.pdf,L02,L,411,217,194
2022-05-27,Current Colsolidated List as at  May 17th 2022.pdf,L03,L,646,346,300
2022-05-27,Current Colsolidated List as at  May 17th 2022.pdf,L04,L,1181,641,540
2022-05-27,Current Colsolidated List as at  May 17th 2022.pdf,L05,L,665,351,314
2022-05-27,Current Colsolidated List as at  May 17th 2022.pdf,L06,L,1766,914,852
2022-05-27,Current Colsolidated List as at  May 17th 2022.pdf,L07,L,2577,1330,1247
2022-05-27,Current Colsolidated List as at  May 17th 2022.pdf,L08,L,2430,1284,1146
2022-05-27,Current Colsolidated List as at  May 17th 2022.pdf,M01,M,536,259,277
2022-05-27,Current Colsolidated List as at  May 17th 2022.pdf,M02,M,904,448,456
2022-05-27,Current Colsolidated List as at  May 17th 2022.pdf,M03,M,683,333,350
2022-05-27,Current Colsolidated List as at  May 17th 2022.pdf,M04,M,1148,584,564
2022-05-27,Current Colsolidated List as at  May 17th 2022.pdf,M05,M,992,508,484
2022-05-27,Current Colsolidated List as at  May 17th 2022.pdf,M06,M,248,131,117
2022-05-27,Current Colsolidated List as at  May 17th 2022.pdf,M07,M,966,490,476
2022-05-27,Current Colsolidated List as at  May 17th 2022.pdf,M08,M,652,346,306
2022-05-27,Current Colsolidated List as at  May 17th 2022.pdf,M09,M,287,144,143
2022-05-27,Current Colsolidated List as at  May 17th 2022.pdf,N01,N,301,135,166
2022-05-27,Current Colsolidated List as at  May 17th 2022.pdf,N02,N,906,445,461
2022-05-27,Current Colsolidated List as at  May 17th 2022.pdf,N03,N,614,320,294
2022-05-27,Current Colsolidated List as at  May 17th 2022.pdf,N04,N,872,431,441
2022-05-27,Current Colsolidated List as at  May 17th 2022.pdf,N05,N,622,311,311
2022-05-27,Current Colsolidated List as at  May 17th 2022.pdf,N06,N,390,207,183
2022-05-27,Current Colsolidated List as at  May 17th 2022.pdf,P01,P,410,216,194
2022-05-27,Current Colsolidated List as at  May 17th 2022.pdf,P02,P,458,217,241
2022-05-27,Current Colsolidated List as at  May 17th 2022.pdf,P03,P,1103,546,557
2022-05-27,Current Colsolidated List as at  May 17th 2022.pdf,P04,P,370,199,171
2022-05-27,Current Colsolidated List as at  May 17th 2022.pdf,P05,P,866,423,443
2022-05-27,Current Colsolidated List as at  May 17th 2022.pdf,P06,P,707,363,344
2022-05-27,Current Colsolidated List as at  May 17th 2022.pdf,R01,R,426,215,211
2022-05-27,Current Colsolidated List as at  May 17th 2022.pdf,R02,R,557,267,290
2022-05-27,Current Colsolidated List as at  May 17th 2022.pdf,R03,R,818,420,398
2022-05-27,Current Colsolidated List as at  May 17th 2022.pdf,R04,R,290,154,136
2022-05-27,Current Colsolidated List as at  May 17th 2022.pdf,R05,R,568,282,286
2022-05-27,Current Colsolidated List as at  May 17th 2022.pdf,R06,R,669,331,338
2022-05-27,Current Colsolidated List as at  May 17th 2022.pdf,R07,R,313,154,159
2022-05-27,Current Colsolidated List as at  May 17th 2022.pdf,R08,R,699,338,361
2022-05-27,Current Colsolidated List as at  May 17th 2022.pdf,R09,R,268,144,124
2022-06-10,Consolidated List as at June 10th 2022 for Elections.pdf,A01,A,385,184,201
2022-06-10,Consolidated List as at June 10th 2022 for Elections.pdf,A02,A,392,191,201
2022-06-10,Consolidated List as at June 10th 2022 for Elections.pdf,A03,A,412,200,212
2022-06-10,Consolidated List as at June 10th 2022 for Elections.pdf,A04,A,318,156,162
2022-06-10,Consolidated List as at June 10th 2022 for Elections.pdf,A05,A,346,168,178
2022-06-10,Consolidated List as at June 10th 2022 for Elections.pdf,A06,A,546,285,261
2022-06-10,Consolidated List as at June 10th 2022 for Elections.pdf,A07,A,269,129,140
2022-06-10,Consolidated List as at June 10th 2022 for Elections.pdf,A08,A,498,249,249
2022-06-10,Consolidated List as at June 10th 2022 for Elections.pdf,A09,A,853,431,422
2022-06-10,Consolidated List as at June 10th 2022 for Elections.pdf,A10,A,794,408,386
2022-06-10,Consolidated List as at June 10th 2022 for Elections.pdf,A11,A,602,272,330
2022-06-10,Consolidated List as at June 10th 2022 for Elections.pdf,B01,B,1236,643,593
2022-06-10,Consolidated List as at June 10th 2022 for Elections.pdf,B02,B,546,265,281
2022-06-10,Consolidated List as at June 10th 2022 for Elections.pdf,B03,B,340,182,158
2022-06-10,Consolidated List as at June 10th 2022 for Elections.pdf,B04,B,267,149,118
2022-06-10,Consolidated List as at June 10th 2022 for Elections.pdf,B05,B,427,230,197
2022-06-10,Consolidated List as at June 10th 2022 for Elections.pdf,B06,B,637,327,310
2022-06-10,Consolidated List as at June 10th 2022 for Elections.pdf,B07,B,445,219,226
2022-06-10,Consolidated List as at June 10th 2022 for Elections.pdf,B08,B,232,125,107
2022-06-10,Consolidated List as at June 10th 2022 for Elections.pdf,B09,B,482,248,234
2022-06-10,Consolidated List as at June 10th 2022 for Elections.pdf,B10,B,256,136,120
2022-06-10,Consolidated List as at June 10th 2022 for Elections.pdf,C01,C,223,112,111
2022-06-10,Consolidated List as at June 10th 2022 for Elections.pdf,C02,C,114,58,56
2022-06-10,Consolidated List as at June 10th 2022 for Elections.pdf,C03,C,224,107,117
2022-06-10,Consolidated List as at June 10th 2022 for Elections.pdf,C04,C,172,91,81
2022-06-10,Consolidated List as at June 10th 2022 for Elections.pdf,C05,C,278,138,140
2022-06-10,Consolidated List as at June 10th 2022 for Elections.pdf,C06,C,267,137,130
2022-06-10,Consolidated List as at June 10th 2022 for Elections.pdf,C07,C,767,385,382
2022-06-10,Consolidated List as at June 10th 2022 for Elections.pdf,C08,C,470,242,228
2022-06-10,Consolidated List as at June 10th 2022 for Elections.pdf,C09,C,578,313,265
2022-06-10,Consolidated List as at June 10th 2022 for Elections.pdf,C10,C,527,271,256
2022-06-10,Consolidated List as at June 10th 2022 for Elections.pdf,C11,C,491,274,217
2022-06-10,Consolidated List as at June 10th 2022 for Elections.pdf,C12,C,342,163,179
2022-06-10,Consolidated List as at June 10th 2022 for Elections.pdf,C13,C,406,196,210
2022-06-10,Consolidated List as at June 10th 2022 for Elections.pdf,C14,C,468,233,235
2022-06-10,Consolidated List as at June 10th 2022 for Elections.pdf,D01,D,1120,560,560
2022-06-10,Consolidated List as at June 10th 2022 for Elections.pdf,D02,D,1085,574,511
2022-06-10,Consolidated List as at June 10th 2022 for Elections.pdf,D03,D,775,390,385
2022-06-10,Consolidated List as at June 10th 2022 for Elections.pdf,D04,D,1162,581,581
2022-06-10,Consolidated List as at June 10th 2022 for Elections.pdf,D05,D,592,282,310
2022-06-10,Consolidated List as at June 10th 2022 for Elections.pdf,D06,D,368,184,184
2022-06-10,Consolidated List as at June 10th 2022 for Elections.pdf,D07,D,260,118,142
2022-06-10,Consolidated List as at June 10th 2022 for Elections.pdf,E01,E,230,119,111
2022-06-10,Consolidated List as at June 10th 2022 for Elections.pdf,E02,E,1433,695,738
2022-06-10,Consolidated List as at June 10th 2022 for Elections.pdf,E03,E,566,265,301
2022-06-10,Consolidated List as at June 10th 2022 for Elections.pdf,E04,E,719,354,365
2022-06-10,Consolidated List as at June 10th 2022 for Elections.pdf,E05,E,1035,526,509
2022-06-10,Consolidated List as at June 10th 2022 for Elections.pdf,E06,E,410,200,210
2022-06-10,Consolidated List as at June 10th 2022 for Elections.pdf,E07,E,405,205,200
2022-06-10,Consolidated List as at June 10th 2022 for Elections.pdf,F01,F,437,239,198
2022-06-10,Consolidated List as at June 10th 2022 for Elections.pdf,F02,F,996,532,464
2022-06-10,Consolidated List as at June 10th 2022 for Elections.pdf,F03,F,523,296,227
2022-06-10,Consolidated List as at June 10th 2022 for Elections.pdf,F04,F,969,509,460
2022-06-10,Consolidated List as at June 10th 2022 for Elections.pdf,F05,F,748,379,369
2022-06-10,Consolidated List as at June 10th 2022 for Elections.pdf,F06,F,1453,769,684
2022-06-10,Consolidated List as at June 10th 2022 for Elections.pdf,F07,F,419,203,216
2022-06-10,Consolidated List as at June 10th 2022 for Elections.pdf,F08,F,770,400,370
2022-06-10,Consolidated List as at June 10th 2022 for Elections.pdf,F09,F,589,293,296
2022-06-10,Consolidated List as at June 10th 2022 for Elections.pdf,F10,F,757,368,389
2022-06-10,Consolidated List as at June 10th 2022 for Elections.pdf,F11,F,728,384,344
2022-06-10,Consolidated List as at June 10th 2022 for Elections.pdf,F12,F,1477,822,655
2022-06-10,Consolidated List as at June 10th 2022 for Elections.pdf,G01,G,107,52,55
2022-06-10,Consolidated List as at June 10th 2022 for Elections.pdf,G02,G,503,284,219
2022-06-10,Consolidated List as at June 10th 2022 for Elections.pdf,G03,G,1909,1004,905
2022-06-10,Consolidated List as at June 10th 2022 for Elections.pdf,G04,G,179,86,93
2022-06-10,Consolidated List as at June 10th 2022 for Elections.pdf,G05,G,252,128,124
2022-06-10,Consolidated List as at June 10th 2022 for Elections.pdf,G06,G,389,216,173
2022-06-10,Consolidated List as at June 10th 2022 for Elections.pdf,G07,G,23,15,8
2022-06-10,Consolidated List as at June 10th 2022 for Elections.pdf,G08,G,396,196,200
2022-06-10,Consolidated List as at June 10th 2022 for Elections.pdf,G09,G,23,10,13
2022-06-10,Consolidated List as at June 10th 2022 for Elections.pdf,H01,H,439,224,215
2022-06-10,Consolidated List as at June 10th 2022 for Elections.pdf,H02,H,809,399,410
2022-06-10,Consolidated List as at June 10th 2022 for Elections.pdf,H03,H,167,97,70
2022-06-10,Consolidated List as at June 10th 2022 for Elections.pdf,H04,H,701,355,346
2022-06-10,Consolidated List as at June 10th 2022 for Elections.pdf,H05,H,1159,575,584
2022-06-10,Consolidated List as at June 10th 2022 for Elections.pdf,H06,H,699,360,339
2022-06-10,Consolidated List as at June 10th 2022 for Elections.pdf,H07,H,1768,980,788
2022-06-10,Consolidated List as at June 10th 2022 for Elections.pdf,H08,H,1019,540,479
2022-06-10,Consolidated List as at June 10th 2022 for Elections.pdf,H09,H,966,519,447
2022-06-10,Consolidated List as at June 10th 2022 for Elections.pdf,J01,J,836,458,378
2022-06-10,Consolidated List as at June 10th 2022 for Elections.pdf,J02,J,1085,604,481
2022-06-10,Consolidated List as at June 10th 2022 for Elections.pdf,J03,J,514,277,237
2022-06-10,Consolidated List as at June 10th 2022 for Elections.pdf,J04,J,1040,524,516
2022-06-10,Consolidated List as at June 10th 2022 for Elections.pdf,J05,J,597,310,287
2022-06-10,Consolidated List as at June 10th 2022 for Elections.pdf,J06,J,98,53,45
2022-06-10,Consolidated List as at June 10th 2022 for Elections.pdf,J07,J,364,210,154
2022-06-10,Consolidated List as at June 10th 2022 for Elections.pdf,K01,K,200,102,98
2022-06-10,Consolidated List as at June 10th 2022 for Elections.pdf,K02,K,397,221,176
2022-06-10,Consolidated List as at June 10th 2022 for Elections.pdf,K03,K,395,203,192
2022-06-10,Consolidated List as at June 10th 2022 for Elections.pdf,K04,K,879,487,392
2022-06-10,Consolidated List as at June 10th 2022 for Elections.pdf,K05,K,348,197,151
2022-06-10,Consolidated List as at June 10th 2022 for Elections.pdf,K06,K,257,144,113
2022-06-10,Consolidated List as at June 10th 2022 for Elections.pdf,K07,K,1003,490,513
2022-06-10,Consolidated List as at June 10th 2022 for Elections.pdf,K08,K,816,462,354
2022-06-10,Consolidated List as at June 10th 2022 for Elections.pdf,K09,K,323,164,159
2022-06-10,Consolidated List as at June 10th 2022 for Elections.pdf,K10,K,795,423,372
2022-06-10,Consolidated List as at June 10th 2022 for Elections.pdf,L01,L,1260,684,576
2022-06-10,Consolidated List as at June 10th 2022 for Elections.pdf,L02,L,411,217,194
2022-06-10,Consolidated List as at June 10th 2022 for Elections.pdf,L03,L,641,343,298
2022-06-10,Consolidated List as at June 10th 2022 for Elections.pdf,L04,L,1166,635,531
2022-06-10,Consolidated List as at June 10th 2022 for Elections.pdf,L05,L,667,354,313
2022-06-10,Consolidated List as at June 10th 2022 for Elections.pdf,L06,L,1757,906,851
2022-06-10,Consolidated List as at June 10th 2022 for Elections.pdf,L07,L,2576,1331,1245
2022-06-10,Consolidated List as at June 10th 2022 for Elections.pdf,L08,L,2425,1280,1145
2022-06-10,Consolidated List as at June 10th 2022 for Elections.pdf,M01,M,535,258,277
2022-06-10,Consolidated List as at June 10th 2022 for Elections.pdf,M02,M,900,445,455
2022-06-10,Consolidated List as at June 10th 2022 for Elections.pdf,M03,M,682,333,349
2022-06-10,Consolidated List as at June 10th 2022 for Elections.pdf,M04,M,1148,584,564
2022-06-10,Consolidated List as at June 10th 2022 for Elections.pdf,M05,M,989,506,483
2022-06-10,Consolidated List as at June 10th 2022 for Elections.pdf,M06,M,247,130,117
2022-06-10,Consolidated List as at June 10th 2022 for Elections.pdf,M07,M,964,488,476
2022-06-10,Consolidated List as at June 10th 2022 for Elections.pdf,M08,M,647,346,301
2022-06-10,Consolidated List as at June 10th 2022 for Elections.pdf,M09,M,280,143,137
2022-06-10,Consolidated List as at June 10th 2022 for Elections.pdf,N01,N,301,135,166
2022-06-10,Consolidated List as at June 10th 2022 for Elections.pdf,N02,N,905,445,460
2022-06-10,Consolidated List as at June 10th 2022 for Elections.pdf,N03,N,605,315,290
2022-06-10,Consolidated List as at June 10th 2022 for Elections.pdf,N04,N,867,428,439
2022-06-10,Consolidated List as at June 10th 2022 for Elections.pdf,N05,N,622,311,311
2022-06-10,Consolidated List as at June 10th 2022 for Elections.pdf,N06,N,390,207,183
2022-06-10,Consolidated List as at June 10th 2022 for Elections.pdf,P01,P,411,217,194
2022-06-10,Consolidated List as at June 10th 2022 for Elections.pdf,P02,P,458,217,241
2022-06-10,Consolidated List as at June 10th 2022 for Elections.pdf,P03,P,1103,546,557
2022-06-10,Consolidated List as at June 10th 2022 for Elections.pdf,P04,P,368,198,170
2022-06-10,Consolidated List as at June 10th 2022 for Elections.pdf,P05,P,866,423,443
2022-06-10,Consolidated List as at June 10th 2022 for Elections.pdf,P06,P,708,364,344
2022-06-10,Consolidated List as at June 10th 2022 for Elections.pdf,R01,R,423,214,209
2022-06-10,Consolidated List as at June 10th 2022 for Elections.pdf,R02,R,557,267,290
2022-06-10,Consolidated List as at June 10th 2022 for Elections.pdf,R03,R,820,421,399
2022-06-10,Consolidated List as at June 10th 2022 for Elections.pdf,R04,R,289,154,135
2022-06-10,Consolidated List as at June 10th 2022 for Elections.pdf,R05,R,568,282,286
2022-06-10,Consolidated List as at June 10th 2022 for Elections.pdf,R06,R,667,330,337
2022-06-10,Consolidated List as at June 10th 2022 for Elections.pdf,R07,R,313,154,159
2022-06-10,Consolidated List as at June 10th 2022 for Elections.pdf,R08,R,697,338,359
2022-06-10,Consolidated List as at June 10th 2022 for Elections.pdf,R09,R,268,144,124
2022-12-31,Consolidated List December 2022.pdf,A01,A,388,185,203
2022-12-31,Consolidated List December 2022.pdf,A02,A,390,190,200
2022-12-31,Consolidated List December 2022.pdf,A03,A,414,201,213
2022-12-31,Consolidated List December 2022.pdf,A04,A,315,155,160
2022-12-31,Consolidated List December 2022.pdf,A05,A,342,167,175
2022-12-31,Consolidated List December 2022.pdf,A06,A,553,290,263
2022-12-31,Consolidated List December 2022.pdf,A07,A,269,131,138
2022-12-31,Consolidated List December 2022.pdf,A08,A,499,248,251
2022-12-31,Consolidated List December 2022.pdf,A09,A,867,432,435
2022-12-31,Consolidated List December 2022.pdf,A10,A,804,417,387
2022-12-31,Consolidated List December 2022.pdf,A11,A,608,277,331
2022-12-31,Consolidated List December 2022.pdf,B01,B,1247,648,599
2022-12-31,Consolidated List December 2022.pdf,B02,B,548,266,282
2022-12-31,Consolidated List December 2022.pdf,B03,B,341,182,159
2022-12-31,Consolidated List December 2022.pdf,B04,B,269,150,119
2022-12-31,Consolidated List December 2022.pdf,B05,B,428,231,197
2022-12-31,Consolidated List December 2022.pdf,B06,B,640,329,311
2022-12-31,Consolidated List December 2022.pdf,B07,B,452,223,229
2022-12-31,Consolidated List December 2022.pdf,B08,B,233,125,108
2022-12-31,Consolidated List December 2022.pdf,B09,B,487,249,238
2022-12-31,Consolidated List December 2022.pdf,B10,B,256,136,120
2022-12-31,Consolidated List December 2022.pdf,C01,C,223,111,112
2022-12-31,Consolidated List December 2022.pdf,C02,C,113,56,57
2022-12-31,Consolidated List December 2022.pdf,C03,C,225,109,116
2022-12-31,Consolidated List December 2022.pdf,C04,C,171,90,81
2022-12-31,Consolidated List December 2022.pdf,C05,C,279,139,140
2022-12-31,Consolidated List December 2022.pdf,C06,C,271,137,134
2022-12-31,Consolidated List December 2022.pdf,C07,C,774,387,387
2022-12-31,Consolidated List December 2022.pdf,C08,C,472,243,229
2022-12-31,Consolidated List December 2022.pdf,C09,C,583,314,269
2022-12-31,Consolidated List December 2022.pdf,C10,C,536,277,259
2022-12-31,Consolidated List December 2022.pdf,C11,C,489,275,214
2022-12-31,Consolidated List December 2022.pdf,C12,C,345,164,181
2022-12-31,Consolidated List December 2022.pdf,C13,C,405,195,210
2022-12-31,Consolidated List December 2022.pdf,C14,C,472,234,238
2022-12-31,Consolidated List December 2022.pdf,D01,D,1137,562,575
2022-12-31,Consolidated List December 2022.pdf,D02,D,1099,584,515
2022-12-31,Consolidated List December 2022.pdf,D03,D,778,390,388
2022-12-31,Consolidated List December 2022.pdf,D04,D,1167,584,583
2022-12-31,Consolidated List December 2022.pdf,D05,D,590,281,309
2022-12-31,Consolidated List December 2022.pdf,D06,D,368,184,184
2022-12-31,Consolidated List December 2022.pdf,D07,D,261,118,143
2022-12-31,Consolidated List December 2022.pdf,E01,E,232,119,113
2022-12-31,Consolidated List December 2022.pdf,E02,E,1436,700,736
2022-12-31,Consolidated List December 2022.pdf,E03,E,571,267,304
2022-12-31,Consolidated List December 2022.pdf,E04,E,717,353,364
2022-12-31,Consolidated List December 2022.pdf,E05,E,1050,535,515
2022-12-31,Consolidated List December 2022.pdf,E06,E,408,197,211
2022-12-31,Consolidated List December 2022.pdf,E07,E,400,205,195
2022-12-31,Consolidated List December 2022.pdf,F01,F,444,244,200
2022-12-31,Consolidated List December 2022.pdf,F02,F,1013,539,474
2022-12-31,Consolidated List December 2022.pdf,F03,F,530,296,234
2022-12-31,Consolidated List December 2022.pdf,F04,F,976,513,463
2022-12-31,Consolidated List December 2022.pdf,F05,F,756,384,372
2022-12-31,Consolidated List December 2022.pdf,F06,F,1465,778,687
2022-12-31,Consolidated List December 2022.pdf,F07,F,421,204,217
2022-12-31,Consolidated List December 2022.pdf,F08,F,779,402,377
2022-12-31,Consolidated List December 2022.pdf,F09,F,600,297,303
2022-12-31,Consolidated List December 2022.pdf,F10,F,760,370,390
2022-12-31,Consolidated List December 2022.pdf,F11,F,736,390,346
2022-12-31,Consolidated List December 2022.pdf,F12,F,1490,828,662
2022-12-31,Consolidated List December 2022.pdf,G01,G,108,52,56
2022-12-31,Consolidated List December 2022.pdf,G02,G,511,289,222
2022-12-31,Consolidated List December 2022.pdf,G03,G,1940,1019,921
2022-12-31,Consolidated List December 2022.pdf,G04,G,178,85,93
2022-12-31,Consolidated List December 2022.pdf,G05,G,251,128,123
2022-12-31,Consolidated List December 2022.pdf,G06,G,393,217,176
2022-12-31,Consolidated List December 2022.pdf,G07,G,24,15,9
2022-12-31,Consolidated List December 2022.pdf,G08,G,408,203,205
2022-12-31,Consolidated List December 2022.pdf,G09,G,22,10,12
2022-12-31,Consolidated List December 2022.pdf,H01,H,444,225,219
2022-12-31,Consolidated List December 2022.pdf,H02,H,807,395,412
2022-12-31,Consolidated List December 2022.pdf,H03,H,168,98,70
2022-12-31,Consolidated List December 2022.pdf,H04,H,710,358,352
2022-12-31,Consolidated List December 2022.pdf,H05,H,1170,584,586
2022-12-31,Consolidated List December 2022.pdf,H06,H,706,366,340
2022-12-31,Consolidated List December 2022.pdf,H07,H,1789,992,797
2022-12-31,Consolidated List December 2022.pdf,H08,H,1024,542,482
2022-12-31,Consolidated List December 2022.pdf,H09,H,952,510,442
2022-12-31,Consolidated List December 2022.pdf,J01,J,855,469,386
2022-12-31,Consolidated List December 2022.pdf,J02,J,1088,606,482
2022-12-31,Consolidated List December 2022.pdf,J03,J,509,273,236
2022-12-31,Consolidated List December 2022.pdf,J04,J,1043,529,514
2022-12-31,Consolidated List December 2022.pdf,J05,J,597,312,285
2022-12-31,Consolidated List December 2022.pdf,J06,J,99,54,45
2022-12-31,Consolidated List December 2022.pdf,J07,J,370,214,156
2022-12-31,Consolidated List December 2022.pdf,K01,K,198,101,97
2022-12-31,Consolidated List December 2022.pdf,K02,K,395,218,177
2022-12-31,Consolidated List December 2022.pdf,K03,K,403,207,196
2022-12-31,Consolidated List December 2022.pdf,K04,K,876,485,391
2022-12-31,Consolidated List December 2022.pdf,K05,K,350,197,153
2022-12-31,Consolidated List December 2022.pdf,K06,K,262,148,114
2022-12-31,Consolidated List December 2022.pdf,K07,K,1009,496,513
2022-12-31,Consolidated List December 2022.pdf,K08,K,823,465,358
2022-12-31,Consolidated List December 2022.pdf,K09,K,323,166,157
2022-12-31,Consolidated List December 2022.pdf,K10,K,796,423,373
2022-12-31,Consolidated List December 2022.pdf,L01,L,1272,686,586
2022-12-31,Consolidated List December 2022.pdf,L02,L,414,217,197
2022-12-31,Consolidated List December 2022.pdf,L03,L,655,352,303
2022-12-31,Consolidated List December 2022.pdf,L04,L,1180,645,535
2022-12-31,Consolidated List December 2022.pdf,L05,L,673,357,316
2022-12-31,Consolidated List December 2022.pdf,L06,L,1781,916,865
2022-12-31,Consolidated List December 2022.pdf,L07,L,2601,1343,1258
2022-12-31,Consolidated List December 2022.pdf,L08,L,2446,1296,1150
2022-12-31,Consolidated List December 2022.pdf,M01,M,540,260,280
2022-12-31,Consolidated List December 2022.pdf,M02,M,911,452,459
2022-12-31,Consolidated List December 2022.pdf,M03,M,687,333,354
2022-12-31,Consolidated List December 2022.pdf,M04,M,1160,586,574
2022-12-31,Consolidated List December 2022.pdf,M05,M,995,506,489
2022-12-31,Consolidated List December 2022.pdf,M06,M,245,130,115
2022-12-31,Consolidated List December 2022.pdf,M07,M,974,493,481
2022-12-31,Consolidated List December 2022.pdf,M08,M,653,353,300
2022-12-31,Consolidated List December 2022.pdf,M09,M,281,143,138
2022-12-31,Consolidated List December 2022.pdf,N01,N,302,137,165
2022-12-31,Consolidated List December 2022.pdf,N02,N,916,452,464
2022-12-31,Consolidated List December 2022.pdf,N03,N,614,318,296
2022-12-31,Consolidated List December 2022.pdf,N04,N,869,428,441
2022-12-31,Consolidated List December 2022.pdf,N05,N,628,313,315
2022-12-31,Consolidated List December 2022.pdf,N06,N,390,208,182
2022-12-31,Consolidated List December 2022.pdf,P01,P,414,218,196
2022-12-31,Consolidated List December 2022.pdf,P02,P,464,220,244
2022-12-31,Consolidated List December 2022.pdf,P03,P,1113,553,560
2022-12-31,Consolidated List December 2022.pdf,P04,P,383,205,178
2022-12-31,Consolidated List December 2022.pdf,P05,P,875,426,449
2022-12-31,Consolidated List December 2022.pdf,P06,P,718,375,343
2022-12-31,Consolidated List December 2022.pdf,R01,R,429,217,212
2022-12-31,Consolidated List December 2022.pdf,R02,R,562,271,291
2022-12-31,Consolidated List December 2022.pdf,R03,R,830,429,401
2022-12-31,Consolidated List December 2022.pdf,R04,R,294,158,136
2022-12-31,Consolidated List December 2022.pdf,R05,R,573,284,289
2022-12-31,Consolidated List December 2022.pdf,R06,R,677,337,340
2022-12-31,Consolidated List December 2022.pdf,R07,R,314,153,161
2022-12-31,Consolidated List December 2022.pdf,R08,R,705,344,361
2022-12-31,Consolidated List December 2022.pdf,R09,R,271,147,124
2023-06-30,Consolidated List June 2023.pdf,A01,A,392,185,207
2023-06-30,Consolidated List June 2023.pdf,A02,A,397,194,203
2023-06-30,Consolidated List June 2023.pdf,A03,A,422,204,218
2023-06-30,Consolidated List June 2023.pdf,A04,A,316,156,160
2023-06-30,Consolidated List June 2023.pdf,A05,A,349,170,179
2023-06-30,Consolidated List June 2023.pdf,A06,A,557,288,269
2023-06-30,Consolidated List June 2023.pdf,A07,A,274,134,140
2023-06-30,Consolidated List June 2023.pdf,A08,A,507,251,256
2023-06-30,Consolidated List June 2023.pdf,A09,A,880,437,443
2023-06-30,Consolidated List June 2023.pdf,A10,A,809,420,389
2023-06-30,Consolidated List June 2023.pdf,A11,A,608,276,332
2023-06-30,Consolidated List June 2023.pdf,B01,B,1263,658,605
2023-06-30,Consolidated List June 2023.pdf,B02,B,555,271,284
2023-06-30,Consolidated List June 2023.pdf,B03,B,341,181,160
2023-06-30,Consolidated List June 2023.pdf,B04,B,269,149,120
2023-06-30,Consolidated List June 2023.pdf,B05,B,432,230,202
2023-06-30,Consolidated List June 2023.pdf,B06,B,643,331,312
2023-06-30,Consolidated List June 2023.pdf,B07,B,458,226,232
2023-06-30,Consolidated List June 2023.pdf,B08,B,236,128,108
2023-06-30,Consolidated List June 2023.pdf,B09,B,488,251,237
2023-06-30,Consolidated List June 2023.pdf,B10,B,257,137,120
2023-06-30,Consolidated List June 2023.pdf,C01,C,226,113,113
2023-06-30,Consolidated List June 2023.pdf,C02,C,113,56,57
2023-06-30,Consolidated List June 2023.pdf,C03,C,227,111,116
2023-06-30,Consolidated List June 2023.pdf,C04,C,172,91,81
2023-06-30,Consolidated List June 2023.pdf,C05,C,279,139,140
2023-06-30,Consolidated List June 2023.pdf,C06,C,278,139,139
2023-06-30,Consolidated List June 2023.pdf,C07,C,783,390,393
2023-06-30,Consolidated List June 2023.pdf,C08,C,481,248,233
2023-06-30,Consolidated List June 2023.pdf,C09,C,589,317,272
2023-06-30,Consolidated List June 2023.pdf,C10,C,540,279,261
2023-06-30,Consolidated List June 2023.pdf,C11,C,496,277,219
2023-06-30,Consolidated List June 2023.pdf,C12,C,351,167,184
2023-06-30,Consolidated List June 2023.pdf,C13,C,407,197,210
2023-06-30,Consolidated List June 2023.pdf,C14,C,480,237,243
2023-06-30,Consolidated List June 2023.pdf,D01,D,1147,568,579
2023-06-30,Consolidated List June 2023.pdf,D02,D,1110,593,517
2023-06-30,Consolidated List June 2023.pdf,D03,D,784,391,393
2023-06-30,Consolidated List June 2023.pdf,D04,D,1173,587,586
2023-06-30,Consolidated List June 2023.pdf,D05,D,598,288,310
2023-06-30,Consolidated List June 2023.pdf,D06,D,371,187,184
2023-06-30,Consolidated List June 2023.pdf,D07,D,261,118,143
2023-06-30,Consolidated List June 2023.pdf,E01,E,235,121,114
2023-06-30,Consolidated List June 2023.pdf,E02,E,1449,707,742
2023-06-30,Consolidated List June 2023.pdf,E03,E,576,270,306
2023-06-30,Consolidated List June 2023.pdf,E04,E,728,359,369
2023-06-30,Consolidated List June 2023.pdf,E05,E,1067,545,522
2023-06-30,Consolidated List June 2023.pdf,E06,E,409,197,212
2023-06-30,Consolidated List June 2023.pdf,E07,E,405,207,198
2023-06-30,Consolidated List June 2023.pdf,F01,F,451,245,206
2023-06-30,Consolidated List June 2023.pdf,F02,F,1024,546,478
2023-06-30,Consolidated List June 2023.pdf,F03,F,535,300,235
2023-06-30,Consolidated List June 2023.pdf,F04,F,983,515,468
2023-06-30,Consolidated List June 2023.pdf,F05,F,758,385,373
2023-06-30,Consolidated List June 2023.pdf,F06,F,1476,783,693
2023-06-30,Consolidated List June 2023.pdf,F07,F,424,205,219
2023-06-30,Consolidated List June 2023.pdf,F08,F,786,405,381
2023-06-30,Consolidated List June 2023.pdf,F09,F,605,297,308
2023-06-30,Consolidated List June 2023.pdf,F10,F,766,372,394
2023-06-30,Consolidated List June 2023.pdf,F11,F,748,395,353
2023-06-30,Consolidated List June 2023.pdf,F12,F,1508,843,665
2023-06-30,Consolidated List June 2023.pdf,G01,G,110,53,57
2023-06-30,Consolidated List June 2023.pdf,G02,G,513,289,224
2023-06-30,Consolidated List June 2023.pdf,G03,G,1962,1033,929
2023-06-30,Consolidated List June 2023.pdf,G04,G,179,85,94
2023-06-30,Consolidated List June 2023.pdf,G05,G,253,131,122
2023-06-30,Consolidated List June 2023.pdf,G06,G,394,217,177
2023-06-30,Consolidated List June 2023.pdf,G07,G,24,15,9
2023-06-30,Consolidated List June 2023.pdf,G08,G,413,206,207
2023-06-30,Consolidated List June 2023.pdf,G09,G,22,10,12
2023-06-30,Consolidated List June 2023.pdf,H01,H,452,230,222
2023-06-30,Consolidated List June 2023.pdf,H02,H,817,400,417
2023-06-30,Consolidated List June 2023.pdf,H03,H,166,98,68
2023-06-30,Consolidated List June 2023.pdf,H04,H,715,362,353
2023-06-30,Consolidated List June 2023.pdf,H05,H,1186,596,590
2023-06-30,Consolidated List June 2023.pdf,H06,H,721,373,348
2023-06-30,Consolidated List June 2023.pdf,H07,H,1806,1002,804
2023-06-30,Consolidated List June 2023.pdf,H08,H,1039,556,483
2023-06-30,Consolidated List June 2023.pdf,H09,H,957,514,443
2023-06-30,Consolidated List June 2023.pdf,J01,J,866,479,387
2023-06-30,Consolidated List June 2023.pdf,J02,J,1100,610,490
2023-06-30,Consolidated List June 2023.pdf,J03,J,510,273,237
2023-06-30,Consolidated List June 2023.pdf,J04,J,1052,530,522
2023-06-30,Consolidated List June 2023.pdf,J05,J,603,316,287
2023-06-30,Consolidated List June 2023.pdf,J06,J,99,54,45
2023-06-30,Consolidated List June 2023.pdf,J07,J,374,217,157
2023-06-30,Consolidated List June 2023.pdf,K01,K,199,102,97
2023-06-30,Consolidated List June 2023.pdf,K02,K,397,219,178
2023-06-30,Consolidated List June 2023.pdf,K03,K,411,213,198
2023-06-30,Consolidated List June 2023.pdf,K04,K,880,485,395
2023-06-30,Consolidated List June 2023.pdf,K05,K,354,202,152
2023-06-30,Consolidated List June 2023.pdf,K06,K,267,152,115
2023-06-30,Consolidated List June 2023.pdf,K07,K,1016,501,515
2023-06-30,Consolidated List June 2023.pdf,K08,K,831,470,361
2023-06-30,Consolidated List June 2023.pdf,K09,K,326,167,159
2023-06-30,Consolidated List June 2023.pdf,K10,K,801,424,377
2023-06-30,Consolidated List June 2023.pdf,L01,L,1281,690,591
2023-06-30,Consolidated List June 2023.pdf,L02,L,420,222,198
2023-06-30,Consolidated List June 2023.pdf,L03,L,662,355,307
2023-06-30,Consolidated List June 2023.pdf,L04,L,1194,655,539
2023-06-30,Consolidated List June 2023.pdf,L05,L,682,360,322
2023-06-30,Consolidated List June 2023.pdf,L06,L,1816,937,879
2023-06-30,Consolidated List June 2023.pdf,L07,L,2632,1361,1271
2023-06-30,Consolidated List June 2023.pdf,L08,L,2477,1309,1168
2023-06-30,Consolidated List June 2023.pdf,M01,M,547,262,285
2023-06-30,Consolidated List June 2023.pdf,M02,M,924,461,463
2023-06-30,Consolidated List June 2023.pdf,M03,M,688,333,355
2023-06-30,Consolidated List June 2023.pdf,M04,M,1170,593,577
2023-06-30,Consolidated List June 2023.pdf,M05,M,1002,509,493
2023-06-30,Consolidated List June 2023.pdf,M06,M,248,130,118
2023-06-30,Consolidated List June 2023.pdf,M07,M,987,498,489
2023-06-30,Consolidated List June 2023.pdf,M08,M,659,354,305
2023-06-30,Consolidated List June 2023.pdf,M09,M,284,143,141
2023-06-30,Consolidated List June 2023.pdf,N01,N,306,140,166
2023-06-30,Consolidated List June 2023.pdf,N02,N,926,459,467
2023-06-30,Consolidated List June 2023.pdf,N03,N,621,323,298
2023-06-30,Consolidated List June 2023.pdf,N04,N,880,433,447
2023-06-30,Consolidated List June 2023.pdf,N05,N,636,318,318
2023-06-30,Consolidated List June 2023.pdf,N06,N,395,212,183
2023-06-30,Consolidated List June 2023.pdf,P01,P,416,218,198
2023-06-30,Consolidated List June 2023.pdf,P02,P,474,227,247
2023-06-30,Consolidated List June 2023.pdf,P03,P,1123,558,565
2023-06-30,Consolidated List June 2023.pdf,P04,P,386,205,181
2023-06-30,Consolidated List June 2023.pdf,P05,P,887,435,452
2023-06-30,Consolidated List June 2023.pdf,P06,P,734,386,348
2023-06-30,Consolidated List June 2023.pdf,R01,R,431,220,211
2023-06-30,Consolidated List June 2023.pdf,R02,R,571,275,296
2023-06-30,Consolidated List June 2023.pdf,R03,R,853,445,408
2023-06-30,Consolidated List June 2023.pdf,R04,R,300,163,137
2023-06-30,Consolidated List June 2023.pdf,R05,R,582,290,292
2023-06-30,Consolidated List June 2023.pdf,R06,R,682,341,341
2023-06-30,Consolidated List June 2023.pdf,R07,R,318,155,163
2023-06-30,Consolidated List June 2023.pdf,R08,R,707,344,363
2023-06-30,Consolidated List June 2023.pdf,R09,R,273,148,125
2023-12-31,Consolidated List December 2023.pdf,A01,A,401,191,210
2023-12-31,Consolidated List December 2023.pdf,A02,A,403,198,205
2023-12-31,Consolidated List December 2023.pdf,A03,A,431,210,221
2023-12-31,Consolidated List December 2023.pdf,A04,A,313,157,156
2023-12-31,Consolidated List December 2023.pdf,A05,A,353,173,180
2023-12-31,Consolidated List December 2023.pdf,A06,A,559,290,269
2023-12-31,Consolidated List December 2023.pdf,A07,A,273,134,139
2023-12-31,Consolidated List December 2023.pdf,A08,A,506,253,253
2023-12-31,Consolidated List December 2023.pdf,A09,A,889,438,451
2023-12-31,Consolidated List December 2023.pdf,A10,A,814,420,394
2023-12-31,Consolidated List December 2023.pdf,A11,A,609,279,330
2023-12-31,Consolidated List December 2023.pdf,B01,B,1272,662,610
2023-12-31,Consolidated List December 2023.pdf,B02,B,567,279,288
2023-12-31,Consolidated List December 2023.pdf,B03,B,345,185,160
2023-12-31,Consolidated List December 2023.pdf,B04,B,276,152,124
2023-12-31,Consolidated List December 2023.pdf,B05,B,437,233,204
2023-12-31,Consolidated List December 2023.pdf,B06,B,652,334,318
2023-12-31,Consolidated List December 2023.pdf,B07,B,464,228,236
2023-12-31,Consolidated List December 2023.pdf,B08,B,237,129,108
2023-12-31,Consolidated List December 2023.pdf,B09,B,494,257,237
2023-12-31,Consolidated List December 2023.pdf,B10,B,257,136,121
2023-12-31,Consolidated List December 2023.pdf,C01,C,225,112,113
2023-12-31,Consolidated List December 2023.pdf,C02,C,115,57,58
2023-12-31,Consolidated List December 2023.pdf,C03,C,225,110,115
2023-12-31,Consolidated List December 2023.pdf,C04,C,173,91,82
2023-12-31,Consolidated List December 2023.pdf,C05,C,278,139,139
2023-12-31,Consolidated List December 2023.pdf,C06,C,280,140,140
2023-12-31,Consolidated List December 2023.pdf,C07,C,789,394,395
2023-12-31,Consolidated List December 2023.pdf,C08,C,480,246,234
2023-12-31,Consolidated List December 2023.pdf,C09,C,589,317,272
2023-12-31,Consolidated List December 2023.pdf,C10,C,536,276,260
2023-12-31,Consolidated List December 2023.pdf,C11,C,495,275,220
2023-12-31,Consolidated List December 2023.pdf,C12,C,357,171,186
2023-12-31,Consolidated List December 2023.pdf,C13,C,409,197,212
2023-12-31,Consolidated List December 2023.pdf,C14,C,484,240,244
2023-12-31,Consolidated List December 2023.pdf,D01,D,1158,573,585
2023-12-31,Consolidated List December 2023.pdf,D02,D,1116,597,519
2023-12-31,Consolidated List December 2023.pdf,D03,D,789,392,397
2023-12-31,Consolidated List December 2023.pdf,D04,D,1186,596,590
2023-12-31,Consolidated List December 2023.pdf,D05,D,599,290,309
2023-12-31,Consolidated List December 2023.pdf,D06,D,383,193,190
2023-12-31,Consolidated List December 2023.pdf,D07,D,261,119,142
2023-12-31,Consolidated List December 2023.pdf,E01,E,242,126,116
2023-12-31,Consolidated List December 2023.pdf,E02,E,1449,710,739
2023-12-31,Consolidated List December 2023.pdf,E03,E,578,272,306
2023-12-31,Consolidated List December 2023.pdf,E04,E,735,363,372
2023-12-31,Consolidated List December 2023.pdf,E05,E,1082,555,527
2023-12-31,Consolidated List December 2023.pdf,E06,E,411,198,213
2023-12-31,Consolidated List December 2023.pdf,E07,E,401,205,196
2023-12-31,Consolidated List December 2023.pdf,F01,F,452,245,207
2023-12-31,Consolidated List December 2023.pdf,F02,F,1038,554,484
2023-12-31,Consolidated List December 2023.pdf,F03,F,538,299,239
2023-12-31,Consolidated List December 2023.pdf,F04,F,989,516,473
2023-12-31,Consolidated List December 2023.pdf,F05,F,763,390,373
2023-12-31,Consolidated List December 2023.pdf,F06,F,1489,794,695
2023-12-31,Consolidated List December 2023.pdf,F07,F,428,209,219
2023-12-31,Consolidated List December 2023.pdf,F08,F,794,412,382
2023-12-31,Consolidated List December 2023.pdf,F09,F,613,304,309
2023-12-31,Consolidated List December 2023.pdf,F10,F,775,380,395
2023-12-31,Consolidated List December 2023.pdf,F11,F,757,402,355
2023-12-31,Consolidated List December 2023.pdf,F12,F,1522,851,671
2023-12-31,Consolidated List December 2023.pdf,G01,G,109,53,56
2023-12-31,Consolidated List December 2023.pdf,G02,G,511,286,225
2023-12-31,Consolidated List December 2023.pdf,G03,G,1951,1030,921
2023-12-31,Consolidated List December 2023.pdf,G04,G,178,85,93
2023-12-31,Consolidated List December 2023.pdf,G05,G,253,131,122
2023-12-31,Consolidated List December 2023.pdf,G06,G,391,214,177
2023-12-31,Consolidated List December 2023.pdf,G07,G,26,16,10
2023-12-31,Consolidated List December 2023.pdf,G08,G,406,205,201
2023-12-31,Consolidated List December 2023.pdf,G09,G,22,10,12
2023-12-31,Consolidated List December 2023.pdf,H01,H,454,232,222
2023-12-31,Consolidated List December 2023.pdf,H02,H,826,406,420
2023-12-31,Consolidated List December 2023.pdf,H03,H,166,98,68
2023-12-31,Consolidated List December 2023.pdf,H04,H,727,370,357
2023-12-31,Consolidated List December 2023.pdf,H05,H,1197,603,594
2023-12-31,Consolidated List December 2023.pdf,H06,H,730,377,353
2023-12-31,Consolidated List December 2023.pdf,H07,H,1819,1015,804
2023-12-31,Consolidated List December 2023.pdf,H08,H,1049,561,488
2023-12-31,Consolidated List December 2023.pdf,H09,H,961,517,444
2023-12-31,Consolidated List December 2023.pdf,J01,J,868,474,394
2023-12-31,Consolidated List December 2023.pdf,J02,J,1105,609,496
2023-12-31,Consolidated List December 2023.pdf,J03,J,510,274,236
2023-12-31,Consolidated List December 2023.pdf,J04,J,1055,529,526
2023-12-31,Consolidated List December 2023.pdf,J05,J,605,318,287
2023-12-31,Consolidated List December 2023.pdf,J06,J,99,54,45
2023-12-31,Consolidated List December 2023.pdf,J07,J,376,217,159
2023-12-31,Consolidated List December 2023.pdf,K01,K,199,102,97
2023-12-31,Consolidated List December 2023.pdf,K02,K,397,219,178
2023-12-31,Consolidated List December 2023.pdf,K03,K,411,213,198
2023-12-31,Consolidated List December 2023.pdf,K04,K,888,490,398
2023-12-31,Consolidated List December 2023.pdf,K05,K,354,203,151
2023-12-31,Consolidated List December 2023.pdf,K06,K,271,155,116
2023-12-31,Consolidated List December 2023.pdf,K07,K,1023,506,517
2023-12-31,Consolidated List December 2023.pdf,K08,K,843,478,365
2023-12-31,Consolidated List December 2023.pdf,K09,K,330,170,160
2023-12-31,Consolidated List December 2023.pdf,K10,K,809,428,381
2023-12-31,Consolidated List December 2023.pdf,L01,L,1284,690,594
2023-12-31,Consolidated List December 2023.pdf,L02,L,425,225,200
2023-12-31,Consolidated List December 2023.pdf,L03,L,669,360,309
2023-12-31,Consolidated List December 2023.pdf,L04,L,1203,660,543
2023-12-31,Consolidated List December 2023.pdf,L05,L,694,367,327
2023-12-31,Consolidated List December 2023.pdf,L06,L,1839,945,894
2023-12-31,Consolidated List December 2023.pdf,L07,L,2669,1380,1289
2023-12-31,Consolidated List December 2023.pdf,L08,L,2507,1326,1181
2023-12-31,Consolidated List December 2023.pdf,M01,M,551,268,283
2023-12-31,Consolidated List December 2023.pdf,M02,M,932,470,462
2023-12-31,Consolidated List December 2023.pdf,M03,M,701,334,367
2023-12-31,Consolidated List December 2023.pdf,M04,M,1183,598,585
2023-12-31,Consolidated List December 2023.pdf,M05,M,1012,517,495
2023-12-31,Consolidated List December 2023.pdf,M06,M,250,131,119
2023-12-31,Consolidated List December 2023.pdf,M07,M,997,502,495
2023-12-31,Consolidated List December 2023.pdf,M08,M,670,357,313
2023-12-31,Consolidated List December 2023.pdf,M09,M,289,146,143
2023-12-31,Consolidated List December 2023.pdf,N01,N,307,140,167
2023-12-31,Consolidated List December 2023.pdf,N02,N,937,464,473
2023-12-31,Consolidated List December 2023.pdf,N03,N,626,326,300
2023-12-31,Consolidated List December 2023.pdf,N04,N,884,436,448
2023-12-31,Consolidated List December 2023.pdf,N05,N,640,319,321
2023-12-31,Consolidated List December 2023.pdf,N06,N,405,217,188
2023-12-31,Consolidated List December 2023.pdf,P01,P,416,217,199
2023-12-31,Consolidated List December 2023.pdf,P02,P,475,227,248
2023-12-31,Consolidated List December 2023.pdf,P03,P,1130,563,567
2023-12-31,Consolidated List December 2023.pdf,P04,P,385,205,180
2023-12-31,Consolidated List December 2023.pdf,P05,P,886,434,452
2023-12-31,Consolidated List December 2023.pdf,P06,P,743,390,353
2023-12-31,Consolidated List December 2023.pdf,R01,R,437,225,212
2023-12-31,Consolidated List December 2023.pdf,R02,R,576,279,297
2023-12-31,Consolidated List December 2023.pdf,R03,R,867,453,414
2023-12-31,Consolidated List December 2023.pdf,R04,R,306,166,140
2023-12-31,Consolidated List December 2023.pdf,R05,R,589,292,297
2023-12-31,Consolidated List December 2023.pdf,R06,R,692,345,347
2023-12-31,Consolidated List December 2023.pdf,R07,R,320,156,164
2023-12-31,Consolidated List December 2023.pdf,R08,R,720,349,371
2023-12-31,Consolidated List December 2023.pdf,R09,R,275,149,126
2024-06-30,Consolidated List June 2024.pdf,A01,A,401,190,211
2024-06-30,Consolidated List June 2024.pdf,A02,A,411,202,209
2024-06-30,Consolidated List June 2024.pdf,A03,A,439,214,225
2024-06-30,Consolidated List June 2024.pdf,A04,A,317,160,157
2024-06-30,Consolidated List June 2024.pdf,A05,A,355,175,180
2024-06-30,Consolidated List June 2024.pdf,A06,A,567,297,270
2024-06-30,Consolidated List June 2024.pdf,A07,A,273,137,136
2024-06-30,Consolidated List June 2024.pdf,A08,A,508,254,254
2024-06-30,Consolidated List June 2024.pdf,A09,A,895,441,454
2024-06-30,Consolidated List June 2024.pdf,A10,A,818,426,392
2024-06-30,Consolidated List June 2024.pdf,A11,A,610,280,330
2024-06-30,Consolidated List June 2024.pdf,B01,B,1272,661,611
2024-06-30,Consolidated List June 2024.pdf,B02,B,577,286,291
2024-06-30,Consolidated List June 2024.pdf,B03,B,344,184,160
2024-06-30,Consolidated List June 2024.pdf,B04,B,274,151,123
2024-06-30,Consolidated List June 2024.pdf,B05,B,437,233,204
2024-06-30,Consolidated List June 2024.pdf,B06,B,653,334,319
2024-06-30,Consolidated List June 2024.pdf,B07,B,463,228,235
2024-06-30,Consolidated List June 2024.pdf,B08,B,233,127,106
2024-06-30,Consolidated List June 2024.pdf,B09,B,498,263,235
2024-06-30,Consolidated List June 2024.pdf,B10,B,255,137,118
2024-06-30,Consolidated List June 2024.pdf,C01,C,227,114,113
2024-06-30,Consolidated List June 2024.pdf,C02,C,117,57,60
2024-06-30,Consolidated List June 2024.pdf,C03,C,230,111,119
2024-06-30,Consolidated List June 2024.pdf,C04,C,174,91,83
2024-06-30,Consolidated List June 2024.pdf,C05,C,281,141,140
2024-06-30,Consolidated List June 2024.pdf,C06,C,287,145,142
2024-06-30,Consolidated List June 2024.pdf,C07,C,800,401,399
2024-06-30,Consolidated List June 2024.pdf,C08,C,481,245,236
2024-06-30,Consolidated List June 2024.pdf,C09,C,595,319,276
2024-06-30,Consolidated List June 2024.pdf,C10,C,542,280,262
2024-06-30,Consolidated List June 2024.pdf,C11,C,503,276,227
2024-06-30,Consolidated List June 2024.pdf,C12,C,368,179,189
2024-06-30,Consolidated List June 2024.pdf,C13,C,412,198,214
2024-06-30,Consolidated List June 2024.pdf,C14,C,493,248,245
2024-06-30,Consolidated List June 2024.pdf,D01,D,1162,574,588
2024-06-30,Consolidated List June 2024.pdf,D02,D,1129,606,523
2024-06-30,Consolidated List June 2024.pdf,D03,D,800,399,401
2024-06-30,Consolidated List June 2024.pdf,D04,D,1194,601,593
2024-06-30,Consolidated List June 2024.pdf,D05,D,603,292,311
2024-06-30,Consolidated List June 2024.pdf,D06,D,383,192,191
2024-06-30,Consolidated List June 2024.pdf,D07,D,262,120,142
2024-06-30,Consolidated List June 2024.pdf,E01,E,239,122,117
2024-06-30,Consolidated List June 2024.pdf,E02,E,1459,717,742
2024-06-30,Consolidated List June 2024.pdf,E03,E,588,279,309
2024-06-30,Consolidated List June 2024.pdf,E04,E,740,367,373
2024-06-30,Consolidated List June 2024.pdf,E05,E,1090,558,532
2024-06-30,Consolidated List June 2024.pdf,E06,E,413,198,215
2024-06-30,Consolidated List June 2024.pdf,E07,E,406,210,196
2024-06-30,Consolidated List June 2024.pdf,F01,F,457,247,210
2024-06-30,Consolidated List June 2024.pdf,F02,F,1052,558,494
2024-06-30,Consolidated List June 2024.pdf,F03,F,546,303,243
2024-06-30,Consolidated List June 2024.pdf,F04,F,996,519,477
2024-06-30,Consolidated List June 2024.pdf,F05,F,771,392,379
2024-06-30,Consolidated List June 2024.pdf,F06,F,1503,804,699
2024-06-30,Consolidated List June 2024.pdf,F07,F,432,211,221
2024-06-30,Consolidated List June 2024.pdf,F08,F,806,417,389
2024-06-30,Consolidated List June 2024.pdf,F09,F,616,306,310
2024-06-30,Consolidated List June 2024.pdf,F10,F,782,385,397
2024-06-30,Consolidated List June 2024.pdf,F11,F,764,404,360
2024-06-30,Consolidated List June 2024.pdf,F12,F,1534,858,676
2024-06-30,Consolidated List June 2024.pdf,G01,G,108,53,55
2024-06-30,Consolidated List June 2024.pdf,G02,G,516,289,227
2024-06-30,Consolidated List June 2024.pdf,G03,G,1977,1045,932
2024-06-30,Consolidated List June 2024.pdf,G04,G,180,87,93
2024-06-30,Consolidated List June 2024.pdf,G05,G,256,132,124
2024-06-30,Consolidated List June 2024.pdf,G06,G,398,218,180
2024-06-30,Consolidated List June 2024.pdf,G07,G,27,16,11
2024-06-30,Consolidated List June 2024.pdf,G08,G,407,206,201
2024-06-30,Consolidated List June 2024.pdf,G09,G,22,10,12
2024-06-30,Consolidated List June 2024.pdf,H01,H,457,234,223
2024-06-30,Consolidated List June 2024.pdf,H02,H,834,411,423
2024-06-30,Consolidated List June 2024.pdf,H03,H,166,97,69
2024-06-30,Consolidated List June 2024.pdf,H04,H,730,372,358
2024-06-30,Consolidated List June 2024.pdf,H05,H,1209,611,598
2024-06-30,Consolidated List June 2024.pdf,H06,H,738,381,357
2024-06-30,Consolidated List June 2024.pdf,H07,H,1845,1031,814
2024-06-30,Consolidated List June 2024.pdf,H08,H,1055,567,488
2024-06-30,Consolidated List June 2024.pdf,H09,H,973,527,446
2024-06-30,Consolidated List June 2024.pdf,J01,J,875,481,394
2024-06-30,Consolidated List June 2024.pdf,J02,J,1117,615,502
2024-06-30,Consolidated List June 2024.pdf,J03,J,517,276,241
2024-06-30,Consolidated List June 2024.pdf,J04,J,1067,534,533
2024-06-30,Consolidated List June 2024.pdf,J05,J,609,321,288
2024-06-30,Consolidated List June 2024.pdf,J06,J,99,54,45
2024-06-30,Consolidated List June 2024.pdf,J07,J,381,220,161
2024-06-30,Consolidated List June 2024.pdf,K01,K,201,103,98
2024-06-30,Consolidated List June 2024.pdf,K02,K,397,218,179
2024-06-30,Consolidated List June 2024.pdf,K03,K,412,213,199
2024-06-30,Consolidated List June 2024.pdf,K04,K,902,493,409
2024-06-30,Consolidated List June 2024.pdf,K05,K,358,207,151
2024-06-30,Consolidated List June 2024.pdf,K06,K,277,157,120
2024-06-30,Consolidated List June 2024.pdf,K07,K,1038,513,525
2024-06-30,Consolidated List June 2024.pdf,K08,K,847,479,368
2024-06-30,Consolidated List June 2024.pdf,K09,K,336,173,163
2024-06-30,Consolidated List June 2024.pdf,K10,K,810,428,382
2024-06-30,Consolidated List June 2024.pdf,L01,L,1289,694,595
2024-06-30,Consolidated List June 2024.pdf,L02,L,426,226,200
2024-06-30,Consolidated List June 2024.pdf,L03,L,677,363,314
2024-06-30,Consolidated List June 2024.pdf,L04,L,1208,662,546
2024-06-30,Consolidated List June 2024.pdf,L05,L,704,375,329
2024-06-30,Consolidated List June 2024.pdf,L06,L,1853,953,900
2024-06-30,Consolidated List June 2024.pdf,L07,L,2689,1387,1302
2024-06-30,Consolidated List June 2024.pdf,L08,L,2521,1334,1187
2024-06-30,Consolidated List June 2024.pdf,M01,M,554,270,284
2024-06-30,Consolidated List June 2024.pdf,M02,M,951,482,469
2024-06-30,Consolidated List June 2024.pdf,M03,M,708,335,373
2024-06-30,Consolidated List June 2024.pdf,M04,M,1198,606,592
2024-06-30,Consolidated List June 2024.pdf,M05,M,1020,524,496
2024-06-30,Consolidated List June 2024.pdf,M06,M,254,132,122
2024-06-30,Consolidated List June 2024.pdf,M07,M,1013,507,506
2024-06-30,Consolidated List June 2024.pdf,M08,M,677,363,314
2024-06-30,Consolidated List June 2024.pdf,M09,M,289,146,143
2024-06-30,Consolidated List June 2024.pdf,N01,N,312,144,168
2024-06-30,Consolidated List June 2024.pdf,N02,N,941,465,476
2024-06-30,Consolidated List June 2024.pdf,N03,N,641,334,307
2024-06-30,Consolidated List June 2024.pdf,N04,N,893,441,452
2024-06-30,Consolidated List June 2024.pdf,N05,N,649,322,327
2024-06-30,Consolidated List June 2024.pdf,N06,N,407,218,189
2024-06-30,Consolidated List June 2024.pdf,P01,P,421,220,201
2024-06-30,Consolidated List June 2024.pdf,P02,P,477,230,247
2024-06-30,Consolidated List June 2024.pdf,P03,P,1147,573,574
2024-06-30,Consolidated List June 2024.pdf,P04,P,390,208,182
2024-06-30,Consolidated List June 2024.pdf,P05,P,892,436,456
2024-06-30,Consolidated List June 2024.pdf,P06,P,749,393,356
2024-06-30,Consolidated List June 2024.pdf,R01,R,442,229,213
2024-06-30,Consolidated List June 2024.pdf,R02,R,571,274,297
2024-06-30,Consolidated List June 2024.pdf,R03,R,880,458,422
2024-06-30,Consolidated List June 2024.pdf,R04,R,309,169,140
2024-06-30,Consolidated List June 2024.pdf,R05,R,593,291,302
2024-06-30,Consolidated List June 2024.pdf,R06,R,700,350,350
2024-06-30,Consolidated List June 2024.pdf,R07,R,321,156,165
2024-06-30,Consolidated List June 2024.pdf,R08,R,721,349,372
2024-06-30,Consolidated List June 2024.pdf,R09,R,276,150,126
2024-12-31,Consolidated List December 2024.pdf,A01,A,402,190,212
2024-12-31,Consolidated List December 2024.pdf,A02,A,413,203,210
2024-12-31,Consolidated List December 2024.pdf,A03,A,441,215,226
2024-12-31,Consolidated List December 2024.pdf,A04,A,318,160,158
2024-12-31,Consolidated List December 2024.pdf,A05,A,356,176,180
2024-12-31,Consolidated List December 2024.pdf,A06,A,571,298,273
2024-12-31,Consolidated List December 2024.pdf,A07,A,275,137,138
2024-12-31,Consolidated List December 2024.pdf,A08,A,510,256,254
2024-12-31,Consolidated List December 2024.pdf,A09,A,897,441,456
2024-12-31,Consolidated List December 2024.pdf,A10,A,823,429,394
2024-12-31,Consolidated List December 2024.pdf,A11,A,609,278,331
2024-12-31,Consolidated List December 2024.pdf,B01,B,1290,667,623
2024-12-31,Consolidated List December 2024.pdf,B02,B,583,287,296
2024-12-31,Consolidated List December 2024.pdf,B03,B,345,185,160
2024-12-31,Consolidated List December 2024.pdf,B04,B,276,153,123
2024-12-31,Consolidated List December 2024.pdf,B05,B,442,237,205
2024-12-31,Consolidated List December 2024.pdf,B06,B,674,343,331
2024-12-31,Consolidated List December 2024.pdf,B07,B,467,229,238
2024-12-31,Consolidated List December 2024.pdf,B08,B,233,128,105
2024-12-31,Consolidated List December 2024.pdf,B09,B,504,266,238
2024-12-31,Consolidated List December 2024.pdf,B10,B,260,140,120
2024-12-31,Consolidated List December 2024.pdf,C01,C,229,115,114
2024-12-31,Consolidated List December 2024.pdf,C02,C,119,58,61
2024-12-31,Consolidated List December 2024.pdf,C03,C,234,113,121
2024-12-31,Consolidated List December 2024.pdf,C04,C,181,91,90
2024-12-31,Consolidated List December 2024.pdf,C05,C,280,141,139
2024-12-31,Consolidated List December 2024.pdf,C06,C,289,146,143
2024-12-31,Consolidated List December 2024.pdf,C07,C,807,404,403
2024-12-31,Consolidated List December 2024.pdf,C08,C,483,245,238
2024-12-31,Consolidated List December 2024.pdf,C09,C,601,324,277
2024-12-31,Consolidated List December 2024.pdf,C10,C,543,280,263
2024-12-31,Consolidated List December 2024.pdf,C11,C,510,279,231
2024-12-31,Consolidated List December 2024.pdf,C12,C,372,182,190
2024-12-31,Consolidated List December 2024.pdf,C13,C,415,199,216
2024-12-31,Consolidated List December 2024.pdf,C14,C,495,249,246
2024-12-31,Consolidated List December 2024.pdf,D01,D,1177,585,592
2024-12-31,Consolidated List December 2024.pdf,D02,D,1138,610,528
2024-12-31,Consolidated List December 2024.pdf,D03,D,815,406,409
2024-12-31,Consolidated List December 2024.pdf,D04,D,1207,607,600
2024-12-31,Consolidated List December 2024.pdf,D05,D,603,292,311
2024-12-31,Consolidated List December 2024.pdf,D06,D,389,194,195
2024-12-31,Consolidated List December 2024.pdf,D07,D,265,122,143
2024-12-31,Consolidated List December 2024.pdf,E01,E,240,123,117
2024-12-31,Consolidated List December 2024.pdf,E02,E,1471,720,751
2024-12-31,Consolidated List December 2024.pdf,E03,E,594,282,312
2024-12-31,Consolidated List December 2024.pdf,E04,E,743,368,375
2024-12-31,Consolidated List December 2024.pdf,E05,E,1105,566,539
2024-12-31,Consolidated List December 2024.pdf,E06,E,420,200,220
2024-12-31,Consolidated List December 2024.pdf,E07,E,412,215,197
2024-12-31,Consolidated List December 2024.pdf,F01,F,454,246,208
2024-12-31,Consolidated List December 2024.pdf,F02,F,1067,570,497
2024-12-31,Consolidated List December 2024.pdf,F03,F,552,306,246
2024-12-31,Consolidated List December 2024.pdf,F04,F,1004,523,481
2024-12-31,Consolidated List December 2024.pdf,F05,F,774,393,381
2024-12-31,Consolidated List December 2024.pdf,F06,F,1509,809,700
2024-12-31,Consolidated List December 2024.pdf,F07,F,436,213,223
2024-12-31,Consolidated List December 2024.pdf,F08,F,817,420,397
2024-12-31,Consolidated List December 2024.pdf,F09,F,621,310,311
2024-12-31,Consolidated List December 2024.pdf,F10,F,787,389,398
2024-12-31,Consolidated List December 2024.pdf,F11,F,774,409,365
2024-12-31,Consolidated List December 2024.pdf,F12,F,1542,863,679
2024-12-31,Consolidated List December 2024.pdf,G01,G,109,53,56
2024-12-31,Consolidated List December 2024.pdf,G02,G,522,292,230
2024-12-31,Consolidated List December 2024.pdf,G03,G,2015,1066,949
2024-12-31,Consolidated List December 2024.pdf,G04,G,182,87,95
2024-12-31,Consolidated List December 2024.pdf,G05,G,258,133,125
2024-12-31,Consolidated List December 2024.pdf,G06,G,405,221,184
2024-12-31,Consolidated List December 2024.pdf,G07,G,28,16,12
2024-12-31,Consolidated List December 2024.pdf,G08,G,407,209,198
2024-12-31,Consolidated List December 2024.pdf,G09,G,22,10,12
2024-12-31,Consolidated List December 2024.pdf,H01,H,460,235,225
2024-12-31,Consolidated List December 2024.pdf,H02,H,834,411,423
2024-12-31,Consolidated List December 2024.pdf,H03,H,169,98,71
2024-12-31,Consolidated List December 2024.pdf,H04,H,732,375,357
2024-12-31,Consolidated List December 2024.pdf,H05,H,1217,614,603
2024-12-31,Consolidated List December 2024.pdf,H06,H,745,383,362
2024-12-31,Consolidated List December 2024.pdf,H07,H,1857,1037,820
2024-12-31,Consolidated List December 2024.pdf,H08,H,1059,568,491
2024-12-31,Consolidated List December 2024.pdf,H09,H,982,531,451
2024-12-31,Consolidated List December 2024.pdf,J01,J,880,485,395
2024-12-31,Consolidated List December 2024.pdf,J02,J,1131,623,508
2024-12-31,Consolidated List December 2024.pdf,J03,J,524,278,246
2024-12-31,Consolidated List December 2024.pdf,J04,J,1084,544,540
2024-12-31,Consolidated List December 2024.pdf,J05,J,614,327,287
2024-12-31,Consolidated List December 2024.pdf,J06,J,99,54,45
2024-12-31,Consolidated List December 2024.pdf,J07,J,388,223,165
2024-12-31,Consolidated List December 2024.pdf,K01,K,203,104,99
2024-12-31,Consolidated List December 2024.pdf,K02,K,399,219,180
2024-12-31,Consolidated List December 2024.pdf,K03,K,418,216,202
2024-12-31,Consolidated List December 2024.pdf,K04,K,904,495,409
2024-12-31,Consolidated List December 2024.pdf,K05,K,362,209,153
2024-12-31,Consolidated List December 2024.pdf,K06,K,279,157,122
2024-12-31,Consolidated List December 2024.pdf,K07,K,1044,516,528
2024-12-31,Consolidated List December 2024.pdf,K08,K,856,484,372
2024-12-31,Consolidated List December 2024.pdf,K09,K,339,174,165
2024-12-31,Consolidated List December 2024.pdf,K10,K,815,429,386
2024-12-31,Consolidated List December 2024.pdf,L01,L,1294,692,602
2024-12-31,Consolidated List December 2024.pdf,L02,L,434,231,203
2024-12-31,Consolidated List December 2024.pdf,L03,L,687,369,318
2024-12-31,Consolidated List December 2024.pdf,L04,L,1227,669,558
2024-12-31,Consolidated List December 2024.pdf,L05,L,712,380,332
2024-12-31,Consolidated List December 2024.pdf,L06,L,1863,959,904
2024-12-31,Consolidated List December 2024.pdf,L07,L,2713,1401,1312
2024-12-31,Consolidated List December 2024.pdf,L08,L,2534,1341,1193
2024-12-31,Consolidated List December 2024.pdf,M01,M,564,275,289
2024-12-31,Consolidated List December 2024.pdf,M02,M,973,493,480
2024-12-31,Consolidated List December 2024.pdf,M03,M,713,338,375
2024-12-31,Consolidated List December 2024.pdf,M04,M,1213,615,598
2024-12-31,Consolidated List December 2024.pdf,M05,M,1032,529,503
2024-12-31,Consolidated List December 2024.pdf,M06,M,257,134,123
2024-12-31,Consolidated List December 2024.pdf,M07,M,1021,511,510
2024-12-31,Consolidated List December 2024.pdf,M08,M,685,371,314
2024-12-31,Consolidated List December 2024.pdf,M09,M,289,146,143
2024-12-31,Consolidated List December 2024.pdf,N01,N,318,148,170
2024-12-31,Consolidated List December 2024.pdf,N02,N,949,468,481
2024-12-31,Consolidated List December 2024.pdf,N03,N,649,339,310
2024-12-31,Consolidated List December 2024.pdf,N04,N,916,451,465
2024-12-31,Consolidated List December 2024.pdf,N05,N,651,322,329
2024-12-31,Consolidated List December 2024.pdf,N06,N,412,221,191
2024-12-31,Consolidated List December 2024.pdf,P01,P,426,224,202
2024-12-31,Consolidated List December 2024.pdf,P02,P,482,233,249
2024-12-31,Consolidated List December 2024.pdf,P03,P,1168,586,582
2024-12-31,Consolidated List December 2024.pdf,P04,P,394,211,183
2024-12-31,Consolidated List December 2024.pdf,P05,P,901,442,459
2024-12-31,Consolidated List December 2024.pdf,P06,P,756,399,357
2024-12-31,Consolidated List December 2024.pdf,R01,R,441,228,213
2024-12-31,Consolidated List December 2024.pdf,R02,R,574,274,300
2024-12-31,Consolidated List December 2024.pdf,R03,R,886,459,427
2024-12-31,Consolidated List December 2024.pdf,R04,R,314,171,143
2024-12-31,Consolidated List December 2024.pdf,R05,R,597,292,305
2024-12-31,Consolidated List December 2024.pdf,R06,R,709,354,355
2024-12-31,Consolidated List December 2024.pdf,R07,R,327,160,167
2024-12-31,Consolidated List December 2024.pdf,R08,R,726,350,376
2024-12-31,Consolidated List December 2024.pdf,R09,R,275,149,126
2025-06-30,Consolidated List June 2025.pdf,A01,A,402,188,214
2025-06-30,Consolidated List June 2025.pdf,A02,A,413,203,210
2025-06-30,Consolidated List June 2025.pdf,A03,A,442,216,226
2025-06-30,Consolidated List June 2025.pdf,A04,A,312,157,155
2025-06-30,Consolidated List June 2025.pdf,A05,A,351,175,176
2025-06-30,Consolidated List June 2025.pdf,A06,A,562,295,267
2025-06-30,Consolidated List June 2025.pdf,A07,A,280,139,141
2025-06-30,Consolidated List June 2025.pdf,A08,A,516,260,256
2025-06-30,Consolidated List June 2025.pdf,A09,A,898,443,455
2025-06-30,Consolidated List June 2025.pdf,A10,A,822,428,394
2025-06-30,Consolidated List June 2025.pdf,A11,A,607,277,330
2025-06-30,Consolidated List June 2025.pdf,B01,B,1295,671,624
2025-06-30,Consolidated List June 2025.pdf,B02,B,587,293,294
2025-06-30,Consolidated List June 2025.pdf,B03,B,347,185,162
2025-06-30,Consolidated List June 2025.pdf,B04,B,275,152,123
2025-06-30,Consolidated List June 2025.pdf,B05,B,439,234,205
2025-06-30,Consolidated List June 2025.pdf,B06,B,676,345,331
2025-06-30,Consolidated List June 2025.pdf,B07,B,466,227,239
2025-06-30,Consolidated List June 2025.pdf,B08,B,237,130,107
2025-06-30,Consolidated List June 2025.pdf,B09,B,501,266,235
2025-06-30,Consolidated List June 2025.pdf,B10,B,259,140,119
2025-06-30,Consolidated List June 2025.pdf,C01,C,226,115,111
2025-06-30,Consolidated List June 2025.pdf,C02,C,120,58,62
2025-06-30,Consolidated List June 2025.pdf,C03,C,231,113,118
2025-06-30,Consolidated List June 2025.pdf,C04,C,179,89,90
2025-06-30,Consolidated List June 2025.pdf,C05,C,281,144,137
2025-06-30,Consolidated List June 2025.pdf,C06,C,288,145,143
2025-06-30,Consolidated List June 2025.pdf,C07,C,814,409,405
2025-06-30,Consolidated List June 2025.pdf,C08,C,481,244,237
2025-06-30,Consolidated List June 2025.pdf,C09,C,609,330,279
2025-06-30,Consolidated List June 2025.pdf,C10,C,545,280,265
2025-06-30,Consolidated List June 2025.pdf,C11,C,509,277,232
2025-06-30,Consolidated List June 2025.pdf,C12,C,373,180,193
2025-06-30,Consolidated List June 2025.pdf,C13,C,415,199,216
2025-06-30,Consolidated List June 2025.pdf,C14,C,486,246,240
2025-06-30,Consolidated List June 2025.pdf,D01,D,1180,589,591
2025-06-30,Consolidated List June 2025.pdf,D02,D,1149,614,535
2025-06-30,Consolidated List June 2025.pdf,D03,D,815,403,412
2025-06-30,Consolidated List June 2025.pdf,D04,D,1219,614,605
2025-06-30,Consolidated List June 2025.pdf,D05,D,604,294,310
2025-06-30,Consolidated List June 2025.pdf,D06,D,391,194,197
2025-06-30,Consolidated List June 2025.pdf,D07,D,263,122,141
2025-06-30,Consolidated List June 2025.pdf,E01,E,239,122,117
2025-06-30,Consolidated List June 2025.pdf,E02,E,1471,717,754
2025-06-30,Consolidated List June 2025.pdf,E03,E,600,285,315
2025-06-30,Consolidated List June 2025.pdf,E04,E,748,372,376
2025-06-30,Consolidated List June 2025.pdf,E05,E,1115,568,547
2025-06-30,Consolidated List June 2025.pdf,E06,E,423,203,220
2025-06-30,Consolidated List June 2025.pdf,E07,E,407,211,196
2025-06-30,Consolidated List June 2025.pdf,F01,F,459,248,211
2025-06-30,Consolidated List June 2025.pdf,F02,F,1080,575,505
2025-06-30,Consolidated List June 2025.pdf,F03,F,556,306,250
2025-06-30,Consolidated List June 2025.pdf,F04,F,1009,526,483
2025-06-30,Consolidated List June 2025.pdf,F05,F,786,398,388
2025-06-30,Consolidated List June 2025.pdf,F06,F,1530,819,711
2025-06-30,Consolidated List June 2025.pdf,F07,F,438,213,225
2025-06-30,Consolidated List June 2025.pdf,F08,F,835,426,409
2025-06-30,Consolidated List June 2025.pdf,F09,F,623,312,311
2025-06-30,Consolidated List June 2025.pdf,F10,F,798,396,402
2025-06-30,Consolidated List June 2025.pdf,F11,F,782,415,367
2025-06-30,Consolidated List June 2025.pdf,F12,F,1557,874,683
2025-06-30,Consolidated List June 2025.pdf,G01,G,105,52,53
2025-06-30,Consolidated List June 2025.pdf,G02,G,520,290,230
2025-06-30,Consolidated List June 2025.pdf,G03,G,2028,1077,951
2025-06-30,Consolidated List June 2025.pdf,G04,G,178,88,90
2025-06-30,Consolidated List June 2025.pdf,G05,G,254,131,123
2025-06-30,Consolidated List June 2025.pdf,G06,G,399,218,181
2025-06-30,Consolidated List June 2025.pdf,G07,G,28,16,12
2025-06-30,Consolidated List June 2025.pdf,G08,G,413,215,198
2025-06-30,Consolidated List June 2025.pdf,G09,G,21,9,12
2025-06-30,Consolidated List June 2025.pdf,H01,H,459,234,225
2025-06-30,Consolidated List June 2025.pdf,H02,H,844,419,425
2025-06-30,Consolidated List June 2025.pdf,H03,H,169,98,71
2025-06-30,Consolidated List June 2025.pdf,H04,H,736,378,358
2025-06-30,Consolidated List June 2025.pdf,H05,H,1208,615,593
2025-06-30,Consolidated List June 2025.pdf,H06,H,744,381,363
2025-06-30,Consolidated List June 2025.pdf,H07,H,1880,1048,832
2025-06-30,Consolidated List June 2025.pdf,H08,H,1064,573,491
2025-06-30,Consolidated List June 2025.pdf,H09,H,985,535,450
2025-06-30,Consolidated List June 2025.pdf,J01,J,881,484,397
2025-06-30,Consolidated List June 2025.pdf,J02,J,1120,614,506
2025-06-30,Consolidated List June 2025.pdf,J03,J,513,275,238
2025-06-30,Consolidated List June 2025.pdf,J04,J,1055,533,522
2025-06-30,Consolidated List June 2025.pdf,J05,J,611,326,285
2025-06-30,Consolidated List June 2025.pdf,J06,J,101,54,47
2025-06-30,Consolidated List June 2025.pdf,J07,J,390,225,165
2025-06-30,Consolidated List June 2025.pdf,K01,K,203,107,96
2025-06-30,Consolidated List June 2025.pdf,K02,K,398,219,179
2025-06-30,Consolidated List June 2025.pdf,K03,K,414,215,199
2025-06-30,Consolidated List June 2025.pdf,K04,K,906,496,410
2025-06-30,Consolidated List June 2025.pdf,K05,K,363,210,153
2025-06-30,Consolidated List June 2025.pdf,K06,K,283,157,126
2025-06-30,Consolidated List June 2025.pdf,K07,K,1040,519,521
2025-06-30,Consolidated List June 2025.pdf,K08,K,845,478,367
2025-06-30,Consolidated List June 2025.pdf,K09,K,338,173,165
2025-06-30,Consolidated List June 2025.pdf,K10,K,815,430,385
2025-06-30,Consolidated List June 2025.pdf,L01,L,1289,689,600
2025-06-30,Consolidated List June 2025.pdf,L02,L,431,231,200
2025-06-30,Consolidated List June 2025.pdf,L03,L,693,369,324
2025-06-30,Consolidated List June 2025.pdf,L04,L,1223,666,557
2025-06-30,Consolidated List June 2025.pdf,L05,L,714,386,328
2025-06-30,Consolidated List June 2025.pdf,L06,L,1864,961,903
2025-06-30,Consolidated List June 2025.pdf,L07,L,2708,1400,1308
2025-06-30,Consolidated List June 2025.pdf,L08,L,2545,1347,1198
2025-06-30,Consolidated List June 2025.pdf,M01,M,564,278,286
2025-06-30,Consolidated List June 2025.pdf,M02,M,973,496,477
2025-06-30,Consolidated List June 2025.pdf,M03,M,710,337,373
2025-06-30,Consolidated List June 2025.pdf,M04,M,1217,615,602
2025-06-30,Consolidated List June 2025.pdf,M05,M,1030,527,503
2025-06-30,Consolidated List June 2025.pdf,M06,M,257,134,123
2025-06-30,Consolidated List June 2025.pdf,M07,M,1019,514,505
2025-06-30,Consolidated List June 2025.pdf,M08,M,689,372,317
2025-06-30,Consolidated List June 2025.pdf,M09,M,294,148,146
2025-06-30,Consolidated List June 2025.pdf,N01,N,319,147,172
2025-06-30,Consolidated List June 2025.pdf,N02,N,946,466,480
2025-06-30,Consolidated List June 2025.pdf,N03,N,648,337,311
2025-06-30,Consolidated List June 2025.pdf,N04,N,916,450,466
2025-06-30,Consolidated List June 2025.pdf,N05,N,652,325,327
2025-06-30,Consolidated List June 2025.pdf,N06,N,412,220,192
2025-06-30,Consolidated List June 2025.pdf,P01,P,434,230,204
2025-06-30,Consolidated List June 2025.pdf,P02,P,483,232,251
2025-06-30,Consolidated List June 2025.pdf,P03,P,1170,591,579
2025-06-30,Consolidated List June 2025.pdf,P04,P,385,204,181
2025-06-30,Consolidated List June 2025.pdf,P05,P,901,443,458
2025-06-30,Consolidated List June 2025.pdf,P06,P,755,403,352
2025-06-30,Consolidated List June 2025.pdf,R01,R,443,230,213
2025-06-30,Consolidated List June 2025.pdf,R02,R,577,277,300
2025-06-30,Consolidated List June 2025.pdf,R03,R,886,459,427
2025-06-30,Consolidated List June 2025.pdf,R04,R,316,171,145
2025-06-30,Consolidated List June 2025.pdf,R05,R,604,293,311
2025-06-30,Consolidated List June 2025.pdf,R06,R,712,355,357
2025-06-30,Consolidated List June 2025.pdf,R07,R,326,160,166
2025-06-30,Consolidated List June 2025.pdf,R08,R,726,351,375
2025-06-30,Consolidated List June 2025.pdf,R09,R,275,149,126
2025-12-31,Consolidated List December 2025.pdf,A01,A,407,190,217
2025-12-31,Consolidated List December 2025.pdf,A02,A,420,208,212
2025-12-31,Consolidated List December 2025.pdf,A03,A,443,215,228
2025-12-31,Consolidated List December 2025.pdf,A04,A,316,160,156
2025-12-31,Consolidated List December 2025.pdf,A05,A,357,177,180
2025-12-31,Consolidated List December 2025.pdf,A06,A,571,298,273
2025-12-31,Consolidated List December 2025.pdf,A07,A,287,144,143
2025-12-31,Consolidated List December 2025.pdf,A08,A,523,263,260
2025-12-31,Consolidated List December 2025.pdf,A09,A,908,451,457
2025-12-31,Consolidated List December 2025.pdf,A10,A,829,435,394
2025-12-31,Consolidated List December 2025.pdf,A11,A,612,280,332
2025-12-31,Consolidated List December 2025.pdf,B01,B,1305,678,627
2025-12-31,Consolidated List December 2025.pdf,B02,B,595,296,299
2025-12-31,Consolidated List December 2025.pdf,B03,B,347,184,163
2025-12-31,Consolidated List December 2025.pdf,B04,B,278,153,125
2025-12-31,Consolidated List December 2025.pdf,B05,B,439,234,205
2025-12-31,Consolidated List December 2025.pdf,B06,B,684,351,333
2025-12-31,Consolidated List December 2025.pdf,B07,B,478,234,244
2025-12-31,Consolidated List December 2025.pdf,B08,B,239,132,107
2025-12-31,Consolidated List December 2025.pdf,B09,B,503,267,236
2025-12-31,Consolidated List December 2025.pdf,B10,B,264,143,121
2025-12-31,Consolidated List December 2025.pdf,C01,C,227,116,111
2025-12-31,Consolidated List December 2025.pdf,C02,C,123,61,62
2025-12-31,Consolidated List December 2025.pdf,C03,C,233,115,118
2025-12-31,Consolidated List December 2025.pdf,C04,C,180,90,90
2025-12-31,Consolidated List December 2025.pdf,C05,C,283,146,137
2025-12-31,Consolidated List December 2025.pdf,C06,C,293,147,146
2025-12-31,Consolidated List December 2025.pdf,C07,C,817,410,407
2025-12-31,Consolidated List December 2025.pdf,C08,C,480,241,239
2025-12-31,Consolidated List December 2025.pdf,C09,C,611,334,277
2025-12-31,Consolidated List December 2025.pdf,C10,C,548,280,268
2025-12-31,Consolidated List December 2025.pdf,C11,C,513,282,231
2025-12-31,Consolidated List December 2025.pdf,C12,C,373,180,193
2025-12-31,Consolidated List December 2025.pdf,C13,C,416,199,217
2025-12-31,Consolidated List December 2025.pdf,C14,C,485,247,238
2025-12-31,Consolidated List December 2025.pdf,D01,D,1195,595,600
2025-12-31,Consolidated List December 2025.pdf,D02,D,1158,622,536
2025-12-31,Consolidated List December 2025.pdf,D03,D,824,404,420
2025-12-31,Consolidated List December 2025.pdf,D04,D,1227,618,609
2025-12-31,Consolidated List December 2025.pdf,D05,D,613,300,313
2025-12-31,Consolidated List December 2025.pdf,D06,D,399,198,201
2025-12-31,Consolidated List December 2025.pdf,D07,D,265,124,141
2025-12-31,Consolidated List December 2025.pdf,E01,E,238,122,116
2025-12-31,Consolidated List December 2025.pdf,E02,E,1476,721,755
2025-12-31,Consolidated List December 2025.pdf,E03,E,607,290,317
2025-12-31,Consolidated List December 2025.pdf,E04,E,749,374,375
2025-12-31,Consolidated List December 2025.pdf,E05,E,1121,568,553
2025-12-31,Consolidated List December 2025.pdf,E06,E,426,205,221
2025-12-31,Consolidated List December 2025.pdf,E07,E,412,215,197
2025-12-31,Consolidated List December 2025.pdf,F01,F,461,249,212
2025-12-31,Consolidated List December 2025.pdf,F02,F,1089,582,507
2025-12-31,Consolidated List December 2025.pdf,F03,F,558,310,248
2025-12-31,Consolidated List December 2025.pdf,F04,F,1014,533,481
2025-12-31,Consolidated List December 2025.pdf,F05,F,786,397,389
2025-12-31,Consolidated List December 2025.pdf,F06,F,1535,822,713
2025-12-31,Consolidated List December 2025.pdf,F07,F,441,213,228
2025-12-31,Consolidated List December 2025.pdf,F08,F,844,432,412
2025-12-31,Consolidated List December 2025.pdf,F09,F,624,314,310
2025-12-31,Consolidated List December 2025.pdf,F10,F,801,400,401
2025-12-31,Consolidated List December 2025.pdf,F11,F,788,418,370
2025-12-31,Consolidated List December 2025.pdf,F12,F,1561,879,682
2025-12-31,Consolidated List December 2025.pdf,G01,G,101,50,51
2025-12-31,Consolidated List December 2025.pdf,G02,G,518,288,230
2025-12-31,Consolidated List December 2025.pdf,G03,G,2027,1077,950
2025-12-31,Consolidated List December 2025.pdf,G04,G,176,87,89
2025-12-31,Consolidated List December 2025.pdf,G05,G,254,132,122
2025-12-31,Consolidated List December 2025.pdf,G06,G,390,214,176
2025-12-31,Consolidated List December 2025.pdf,G07,G,28,16,12
2025-12-31,Consolidated List December 2025.pdf,G08,G,410,212,198
2025-12-31,Consolidated List December 2025.pdf,G09,G,21,9,12
2025-12-31,Consolidated List December 2025.pdf,H01,H,464,239,225
2025-12-31,Consolidated List December 2025.pdf,H02,H,856,424,432
2025-12-31,Consolidated List December 2025.pdf,H03,H,170,98,72
2025-12-31,Consolidated List December 2025.pdf,H04,H,745,382,363
2025-12-31,Consolidated List December 2025.pdf,H05,H,1223,624,599
2025-12-31,Consolidated List December 2025.pdf,H06,H,752,384,368
2025-12-31,Consolidated List December 2025.pdf,H07,H,1898,1060,838
2025-12-31,Consolidated List December 2025.pdf,H08,H,1074,580,494
2025-12-31,Consolidated List December 2025.pdf,H09,H,991,538,453
2025-12-31,Consolidated List December 2025.pdf,J01,J,891,487,404
2025-12-31,Consolidated List December 2025.pdf,J02,J,1131,623,508
2025-12-31,Consolidated List December 2025.pdf,J03,J,519,277,242
2025-12-31,Consolidated List December 2025.pdf,J04,J,1071,541,530
2025-12-31,Consolidated List December 2025.pdf,J05,J,622,332,290
2025-12-31,Consolidated List December 2025.pdf,J06,J,100,54,46
2025-12-31,Consolidated List December 2025.pdf,J07,J,394,229,165
2025-12-31,Consolidated List December 2025.pdf,K01,K,202,107,95
2025-12-31,Consolidated List December 2025.pdf,K02,K,402,219,183
2025-12-31,Consolidated List December 2025.pdf,K03,K,415,215,200
2025-12-31,Consolidated List December 2025.pdf,K04,K,917,502,415
2025-12-31,Consolidated List December 2025.pdf,K05,K,360,208,152
2025-12-31,Consolidated List December 2025.pdf,K06,K,282,156,126
2025-12-31,Consolidated List December 2025.pdf,K07,K,1037,521,516
2025-12-31,Consolidated List December 2025.pdf,K08,K,845,478,367
2025-12-31,Consolidated List December 2025.pdf,K09,K,341,176,165
2025-12-31,Consolidated List December 2025.pdf,K10,K,819,432,387
2025-12-31,Consolidated List December 2025.pdf,L01,L,1295,693,602
2025-12-31,Consolidated List December 2025.pdf,L02,L,431,232,199
2025-12-31,Consolidated List December 2025.pdf,L03,L,696,373,323
2025-12-31,Consolidated List December 2025.pdf,L04,L,1239,678,561
2025-12-31,Consolidated List December 2025.pdf,L05,L,715,389,326
2025-12-31,Consolidated List December 2025.pdf,L06,L,1871,970,901
2025-12-31,Consolidated List December 2025.pdf,L07,L,2713,1402,1311
2025-12-31,Consolidated List December 2025.pdf,L08,L,2564,1353,1211
2025-12-31,Consolidated List December 2025.pdf,M01,M,569,280,289
2025-12-31,Consolidated List December 2025.pdf,M02,M,980,500,480
2025-12-31,Consolidated List December 2025.pdf,M03,M,716,341,375
2025-12-31,Consolidated List December 2025.pdf,M04,M,1233,626,607
2025-12-31,Consolidated List December 2025.pdf,M05,M,1038,532,506
2025-12-31,Consolidated List December 2025.pdf,M06,M,262,136,126
2025-12-31,Consolidated List December 2025.pdf,M07,M,1029,520,509
2025-12-31,Consolidated List December 2025.pdf,M08,M,699,374,325
2025-12-31,Consolidated List December 2025.pdf,M09,M,298,149,149
2025-12-31,Consolidated List December 2025.pdf,N01,N,320,149,171
2025-12-31,Consolidated List December 2025.pdf,N02,N,950,467,483
2025-12-31,Consolidated List December 2025.pdf,N03,N,655,342,313
2025-12-31,Consolidated List December 2025.pdf,N04,N,919,449,470
2025-12-31,Consolidated List December 2025.pdf,N05,N,658,330,328
2025-12-31,Consolidated List December 2025.pdf,N06,N,415,221,194
2025-12-31,Consolidated List December 2025.pdf,P01,P,436,231,205
2025-12-31,Consolidated List December 2025.pdf,P02,P,492,236,256
2025-12-31,Consolidated List December 2025.pdf,P03,P,1187,599,588
2025-12-31,Consolidated List December 2025.pdf,P04,P,386,204,182
2025-12-31,Consolidated List December 2025.pdf,P05,P,906,449,457
2025-12-31,Consolidated List December 2025.pdf,P06,P,774,414,360
2025-12-31,Consolidated List December 2025.pdf,R01,R,443,229,214
2025-12-31,Consolidated List December 2025.pdf,R02,R,579,278,301
2025-12-31,Consolidated List December 2025.pdf,R03,R,893,462,431
2025-12-31,Consolidated List December 2025.pdf,R04,R,321,173,148
2025-12-31,Consolidated List December 2025.pdf,R05,R,609,298,311
2025-12-31,Consolidated List December 2025.pdf,R06,R,720,360,360
2025-12-31,Consolidated List December 2025.pdf,R07,R,333,165,168
2025-12-31,Consolidated List December 2025.pdf,R08,R,738,357,381
2025-12-31,Consolidated List December 2025.pdf,R09,R,278,151,127
2026-06-30,Consolidated List June 2026.pdf,A01,A,415,194,221
2026-06-30,Consolidated List June 2026.pdf,A02,A,430,211,219
2026-06-30,Consolidated List June 2026.pdf,A03,A,460,220,240
2026-06-30,Consolidated List June 2026.pdf,A04,A,315,159,156
2026-06-30,Consolidated List June 2026.pdf,A05,A,358,179,179
2026-06-30,Consolidated List June 2026.pdf,A06,A,575,302,273
2026-06-30,Consolidated List June 2026.pdf,A07,A,285,143,142
2026-06-30,Consolidated List June 2026.pdf,A08,A,532,267,265
2026-06-30,Consolidated List June 2026.pdf,A09,A,921,457,464
2026-06-30,Consolidated List June 2026.pdf,A10,A,835,439,396
2026-06-30,Consolidated List June 2026.pdf,A11,A,616,282,334
2026-06-30,Consolidated List June 2026.pdf,B01,B,1309,685,624
2026-06-30,Consolidated List June 2026.pdf,B02,B,587,292,295
2026-06-30,Consolidated List June 2026.pdf,B03,B,335,178,157
2026-06-30,Consolidated List June 2026.pdf,B04,B,269,148,121
2026-06-30,Consolidated List June 2026.pdf,B05,B,439,240,199
2026-06-30,Consolidated List June 2026.pdf,B06,B,666,343,323
2026-06-30,Consolidated List June 2026.pdf,B07,B,467,232,235
2026-06-30,Consolidated List June 2026.pdf,B08,B,238,130,108
2026-06-30,Consolidated List June 2026.pdf,B09,B,503,265,238
2026-06-30,Consolidated List June 2026.pdf,B10,B,266,146,120
2026-06-30,Consolidated List June 2026.pdf,C01,C,232,119,113
2026-06-30,Consolidated List June 2026.pdf,C02,C,124,61,63
2026-06-30,Consolidated List June 2026.pdf,C03,C,239,119,120
2026-06-30,Consolidated List June 2026.pdf,C04,C,185,93,92
2026-06-30,Consolidated List June 2026.pdf,C05,C,289,151,138
2026-06-30,Consolidated List June 2026.pdf,C06,C,296,150,146
2026-06-30,Consolidated List June 2026.pdf,C07,C,827,415,412
2026-06-30,Consolidated List June 2026.pdf,C08,C,489,246,243
2026-06-30,Consolidated List June 2026.pdf,C09,C,623,342,281
2026-06-30,Consolidated List June 2026.pdf,C10,C,569,292,277
2026-06-30,Consolidated List June 2026.pdf,C11,C,515,281,234
2026-06-30,Consolidated List June 2026.pdf,C12,C,388,190,198
2026-06-30,Consolidated List June 2026.pdf,C13,C,426,204,222
2026-06-30,Consolidated List June 2026.pdf,C14,C,494,252,242
2026-06-30,Consolidated List June 2026.pdf,D01,D,1225,607,618
2026-06-30,Consolidated List June 2026.pdf,D02,D,1177,629,548
2026-06-30,Consolidated List June 2026.pdf,D03,D,829,406,423
2026-06-30,Consolidated List June 2026.pdf,D04,D,1244,627,617
2026-06-30,Consolidated List June 2026.pdf,D05,D,614,299,315
2026-06-30,Consolidated List June 2026.pdf,D06,D,407,203,204
2026-06-30,Consolidated List June 2026.pdf,D07,D,265,125,140
2026-06-30,Consolidated List June 2026.pdf,E01,E,244,124,120
2026-06-30,Consolidated List June 2026.pdf,E02,E,1498,738,760
2026-06-30,Consolidated List June 2026.pdf,E03,E,610,292,318
2026-06-30,Consolidated List June 2026.pdf,E04,E,761,381,380
2026-06-30,Consolidated List June 2026.pdf,E05,E,1132,575,557
2026-06-30,Consolidated List June 2026.pdf,E06,E,439,207,232
2026-06-30,Consolidated List June 2026.pdf,E07,E,417,217,200
2026-06-30,Consolidated List June 2026.pdf,F01,F,466,251,215
2026-06-30,Consolidated List June 2026.pdf,F02,F,1112,590,522
2026-06-30,Consolidated List June 2026.pdf,F03,F,565,312,253
2026-06-30,Consolidated List June 2026.pdf,F04,F,1027,540,487
2026-06-30,Consolidated List June 2026.pdf,F05,F,803,406,397
2026-06-30,Consolidated List June 2026.pdf,F06,F,1563,841,722
2026-06-30,Consolidated List June 2026.pdf,F07,F,453,218,235
2026-06-30,Consolidated List June 2026.pdf,F08,F,855,439,416
2026-06-30,Consolidated List June 2026.pdf,F09,F,637,318,319
2026-06-30,Consolidated List June 2026.pdf,F10,F,810,402,408
2026-06-30,Consolidated List June 2026.pdf,F11,F,803,424,379
2026-06-30,Consolidated List June 2026.pdf,F12,F,1591,900,691
2026-06-30,Consolidated List June 2026.pdf,G01,G,109,51,58
2026-06-30,Consolidated List June 2026.pdf,G02,G,527,292,235
2026-06-30,Consolidated List June 2026.pdf,G03,G,2087,1105,982
2026-06-30,Consolidated List June 2026.pdf,G04,G,182,91,91
2026-06-30,Consolidated List June 2026.pdf,G05,G,258,136,122
2026-06-30,Consolidated List June 2026.pdf,G06,G,402,220,182
2026-06-30,Consolidated List June 2026.pdf,G07,G,32,19,13
2026-06-30,Consolidated List June 2026.pdf,G08,G,406,209,197
2026-06-30,Consolidated List June 2026.pdf,G09,G,20,9,11
2026-06-30,Consolidated List June 2026.pdf,H01,H,468,241,227
2026-06-30,Consolidated List June 2026.pdf,H02,H,866,429,437
2026-06-30,Consolidated List June 2026.pdf,H03,H,175,102,73
2026-06-30,Consolidated List June 2026.pdf,H04,H,753,385,368
2026-06-30,Consolidated List June 2026.pdf,H05,H,1240,631,609
2026-06-30,Consolidated List June 2026.pdf,H06,H,759,388,371
2026-06-30,Consolidated List June 2026.pdf,H07,H,1928,1077,851
2026-06-30,Consolidated List June 2026.pdf,H08,H,1094,593,501
2026-06-30,Consolidated List June 2026.pdf,H09,H,998,544,454
2026-06-30,Consolidated List June 2026.pdf,J01,J,902,489,413
2026-06-30,Consolidated List June 2026.pdf,J02,J,1147,630,517
2026-06-30,Consolidated List June 2026.pdf,J03,J,532,285,247
2026-06-30,Consolidated List June 2026.pdf,J04,J,1085,549,536
2026-06-30,Consolidated List June 2026.pdf,J05,J,627,335,292
2026-06-30,Consolidated List June 2026.pdf,J06,J,105,56,49
2026-06-30,Consolidated List June 2026.pdf,J07,J,396,229,167
2026-06-30,Consolidated List June 2026.pdf,K01,K,200,106,94
2026-06-30,Consolidated List June 2026.pdf,K02,K,389,216,173
2026-06-30,Consolidated List June 2026.pdf,K03,K,414,215,199
2026-06-30,Consolidated List June 2026.pdf,K04,K,911,498,413
2026-06-30,Consolidated List June 2026.pdf,K05,K,355,204,151
2026-06-30,Consolidated List June 2026.pdf,K06,K,279,156,123
2026-06-30,Consolidated List June 2026.pdf,K07,K,1043,525,518
2026-06-30,Consolidated List June 2026.pdf,K08,K,843,472,371
2026-06-30,Consolidated List June 2026.pdf,K09,K,332,172,160
2026-06-30,Consolidated List June 2026.pdf,K10,K,806,433,373
2026-06-30,Consolidated List June 2026.pdf,L01,L,1317,707,610
2026-06-30,Consolidated List June 2026.pdf,L02,L,438,235,203
2026-06-30,Consolidated List June 2026.pdf,L03,L,711,379,332
2026-06-30,Consolidated List June 2026.pdf,L04,L,1257,686,571
2026-06-30,Consolidated List June 2026.pdf,L05,L,729,395,334
2026-06-30,Consolidated List June 2026.pdf,L06,L,1890,981,909
2026-06-30,Consolidated List June 2026.pdf,L07,L,2744,1421,1323
2026-06-30,Consolidated List June 2026.pdf,L08,L,2601,1371,1230
2026-06-30,Consolidated List June 2026.pdf,M01,M,576,287,289
2026-06-30,Consolidated List June 2026.pdf,M02,M,996,506,490
2026-06-30,Consolidated List June 2026.pdf,M03,M,722,346,376
2026-06-30,Consolidated List June 2026.pdf,M04,M,1251,633,618
2026-06-30,Consolidated List June 2026.pdf,M05,M,1052,539,513
2026-06-30,Consolidated List June 2026.pdf,M06,M,266,137,129
2026-06-30,Consolidated List June 2026.pdf,M07,M,1042,528,514
2026-06-30,Consolidated List June 2026.pdf,M08,M,708,383,325
2026-06-30,Consolidated List June 2026.pdf,M09,M,300,150,150
2026-06-30,Consolidated List June 2026.pdf,N01,N,321,148,173
2026-06-30,Consolidated List June 2026.pdf,N02,N,960,474,486
2026-06-30,Consolidated List June 2026.pdf,N03,N,665,350,315
2026-06-30,Consolidated List June 2026.pdf,N04,N,937,458,479
2026-06-30,Consolidated List June 2026.pdf,N05,N,662,333,329
2026-06-30,Consolidated List June 2026.pdf,N06,N,418,222,196
2026-06-30,Consolidated List June 2026.pdf,P01,P,442,234,208
2026-06-30,Consolidated List June 2026.pdf,P02,P,498,239,259
2026-06-30,Consolidated List June 2026.pdf,P03,P,1220,615,605
2026-06-30,Consolidated List June 2026.pdf,P04,P,390,206,184
2026-06-30,Consolidated List June 2026.pdf,P05,P,921,456,465
2026-06-30,Consolidated List June 2026.pdf,P06,P,791,425,366
2026-06-30,Consolidated List June 2026.pdf,R01,R,452,237,215
2026-06-30,Consolidated List June 2026.pdf,R02,R,595,285,310
2026-06-30,Consolidated List June 2026.pdf,R03,R,906,470,436
2026-06-30,Consolidated List June 2026.pdf,R04,R,332,179,153
2026-06-30,Consolidated List June 2026.pdf,R05,R,620,302,318
2026-06-30,Consolidated List June 2026.pdf,R06,R,728,364,364
2026-06-30,Consolidated List June 2026.pdf,R07,R,342,170,172
2026-06-30,Consolidated List June 2026.pdf,R08,R,760,365,395
2026-06-30,Consolidated List June 2026.pdf,R09,R,279,153,126
