event,date,constituency_code,constituency,candidate,party,votes,share_pct,rank,elected,verification,source,source_page
1951,1951-10-10,,St. George's Town,"Marryshow, T.A.",AC,1118,56.21,1,yes,unverified,ElectionPassport compilation (secondary),
1951,1951-10-10,,St. George's Town,"Radix, A.",MMWU,871,43.79,2,no,unverified,ElectionPassport compilation (secondary),
1951,1951-10-10,,St. George Parish,"Gairy, E.M.",MMWU,3490,81.77,1,yes,unverified,ElectionPassport compilation (secondary),
1951,1951-10-10,,St. George Parish,"Mitchell, E.A.",AC,778,18.23,2,no,unverified,ElectionPassport compilation (secondary),
1951,1951-10-10,,St. John/St. Mark,"McKie, H.A.",MMWU,2119,73.65,1,yes,unverified,ElectionPassport compilation (secondary),
1951,1951-10-10,,St. John/St. Mark,"Ferguson, C.G.",AC,594,20.65,2,no,unverified,ElectionPassport compilation (secondary),
1951,1951-10-10,,St. John/St. Mark,"Glean, G.A.",IND,164,5.7,3,no,unverified,ElectionPassport compilation (secondary),
1951,1951-10-10,,St. Patrick,"Moore, R.C.P.",MMWU,1908,72.11,1,yes,unverified,ElectionPassport compilation (secondary),
1951,1951-10-10,,St. Patrick,"Copland, W.E.",AC,738,27.89,2,no,unverified,ElectionPassport compilation (secondary),
1951,1951-10-10,,St. Andrew North,"Keens-Douglas, R.A.",MMWU,1352,72.38,1,yes,unverified,ElectionPassport compilation (secondary),
1951,1951-10-10,,St. Andrew North,"Williams, R.O.",AC,425,22.75,2,no,unverified,ElectionPassport compilation (secondary),
1951,1951-10-10,,St. Andrew North,"Morrison, C.W.",IND,91,4.87,3,no,unverified,ElectionPassport compilation (secondary),
1951,1951-10-10,,St. Andrew South,"Noel, F.C.",MMWU,1729,66.27,1,yes,unverified,ElectionPassport compilation (secondary),
1951,1951-10-10,,St. Andrew South,"Sylvester, D.T.",IND,638,24.45,2,no,unverified,ElectionPassport compilation (secondary),
1951,1951-10-10,,St. Andrew South,"Noble-Smith, T.E.",AC,242,9.28,3,no,unverified,ElectionPassport compilation (secondary),
1951,1951-10-10,,St. David,"Gibbs, T.J.",MMWU,1693,77.55,1,yes,unverified,ElectionPassport compilation (secondary),
1951,1951-10-10,,St. David,"Radix, D.W.",IND,345,15.8,2,no,unverified,ElectionPassport compilation (secondary),
1951,1951-10-10,,St. David,"Thomas, L.C.J.",AC,133,6.09,3,no,unverified,ElectionPassport compilation (secondary),
1951,1951-10-10,,St. David,"Sergeant, L.",IND,12,0.55,4,no,unverified,ElectionPassport compilation (secondary),
1951,1951-10-10,,Carriacou,"Sylvester, C. St B.",AC,1147,52.57,1,yes,unverified,ElectionPassport compilation (secondary),
1951,1951-10-10,,Carriacou,"Paterson, F.B.",MMWU,1035,47.43,2,no,unverified,ElectionPassport compilation (secondary),
1954,1954-09-20,,St. George's Town,"Marryshow, T.A.",IND,988,50.51,1,yes,check,"ElectionPassport (secondary); winner checked against Government Gazette (Extraordinary) No. 54, 30 September 1954, notice No. 265",
1954,1954-09-20,,St. George's Town,"Lewis, J.J.",GULP,521,26.64,2,no,unverified,"ElectionPassport (secondary); winner checked against Government Gazette (Extraordinary) No. 54, 30 September 1954, notice No. 265",
1954,1954-09-20,,St. George's Town,"Franco, G.V.",IND,282,14.42,3,no,unverified,"ElectionPassport (secondary); winner checked against Government Gazette (Extraordinary) No. 54, 30 September 1954, notice No. 265",
1954,1954-09-20,,St. George's Town,"Archibald, F.J.",IND,165,8.44,4,no,unverified,"ElectionPassport (secondary); winner checked against Government Gazette (Extraordinary) No. 54, 30 September 1954, notice No. 265",
1954,1954-09-20,,St. George Parish,"Gairy, E.M.",GULP,2675,79.26,1,yes,official,"ElectionPassport (secondary); winner checked against Government Gazette (Extraordinary) No. 54, 30 September 1954, notice No. 265",
1954,1954-09-20,,St. George Parish,"Knight, J.M.",IND,454,13.45,2,no,unverified,"ElectionPassport (secondary); winner checked against Government Gazette (Extraordinary) No. 54, 30 September 1954, notice No. 265",
1954,1954-09-20,,St. George Parish,"Paterson, D.M.",IND,246,7.29,3,no,unverified,"ElectionPassport (secondary); winner checked against Government Gazette (Extraordinary) No. 54, 30 September 1954, notice No. 265",
1954,1954-09-20,,St. John/St. Mark,"Thomas, L.C.J.",GULP,1869,51.8,1,yes,official,"ElectionPassport (secondary); winner checked against Government Gazette (Extraordinary) No. 54, 30 September 1954, notice No. 265",
1954,1954-09-20,,St. John/St. Mark,"Ferguson, C.A.",IND,1262,34.98,2,no,unverified,"ElectionPassport (secondary); winner checked against Government Gazette (Extraordinary) No. 54, 30 September 1954, notice No. 265",
1954,1954-09-20,,St. John/St. Mark,"Boyke, C.J.",IND,181,5.02,3,no,unverified,"ElectionPassport (secondary); winner checked against Government Gazette (Extraordinary) No. 54, 30 September 1954, notice No. 265",
1954,1954-09-20,,St. John/St. Mark,"Benjamin, P.M.",IND,158,4.38,4,no,unverified,"ElectionPassport (secondary); winner checked against Government Gazette (Extraordinary) No. 54, 30 September 1954, notice No. 265",
1954,1954-09-20,,St. John/St. Mark,"McKie, H.A.",IND,138,3.82,5,no,unverified,"ElectionPassport (secondary); winner checked against Government Gazette (Extraordinary) No. 54, 30 September 1954, notice No. 265",
1954,1954-09-20,,St. Patrick,"Williams, R.O.",GULP,1138,37.77,1,yes,official,"ElectionPassport (secondary); winner checked against Government Gazette (Extraordinary) No. 54, 30 September 1954, notice No. 265",
1954,1954-09-20,,St. Patrick,"Copland, W.E.",IND,991,32.89,2,no,unverified,"ElectionPassport (secondary); winner checked against Government Gazette (Extraordinary) No. 54, 30 September 1954, notice No. 265",
1954,1954-09-20,,St. Patrick,"Moore, R.C.P.",IND,884,29.34,3,no,unverified,"ElectionPassport (secondary); winner checked against Government Gazette (Extraordinary) No. 54, 30 September 1954, notice No. 265",
1954,1954-09-20,,St. Andrew North,"Keens-Douglas, R.A.",GULP,1726,83.58,1,yes,official,"ElectionPassport (secondary); winner checked against Government Gazette (Extraordinary) No. 54, 30 September 1954, notice No. 265",
1954,1954-09-20,,St. Andrew North,"Morrison, C.W.",IND,339,16.42,2,no,unverified,"ElectionPassport (secondary); winner checked against Government Gazette (Extraordinary) No. 54, 30 September 1954, notice No. 265",
1954,1954-09-20,,St. Andrew South,"Williams, A.L.",GULP,1363,40.75,1,yes,official,"ElectionPassport (secondary); winner checked against Government Gazette (Extraordinary) No. 54, 30 September 1954, notice No. 265",
1954,1954-09-20,,St. Andrew South,"Noel, F.C.",IND,1310,39.16,2,no,unverified,"ElectionPassport (secondary); winner checked against Government Gazette (Extraordinary) No. 54, 30 September 1954, notice No. 265",
1954,1954-09-20,,St. Andrew South,"Lowe, C.A.",IND,386,11.54,3,no,unverified,"ElectionPassport (secondary); winner checked against Government Gazette (Extraordinary) No. 54, 30 September 1954, notice No. 265",
1954,1954-09-20,,St. Andrew South,"Sergeant, L.",IND,238,7.12,4,no,unverified,"ElectionPassport (secondary); winner checked against Government Gazette (Extraordinary) No. 54, 30 September 1954, notice No. 265",
1954,1954-09-20,,St. Andrew South,"Rennie, S.W.",IND,48,1.43,5,no,unverified,"ElectionPassport (secondary); winner checked against Government Gazette (Extraordinary) No. 54, 30 September 1954, notice No. 265",
1954,1954-09-20,,St. David,"Gibbs, T.J.",GULP,1055,41.62,1,yes,official,"ElectionPassport (secondary); winner checked against Government Gazette (Extraordinary) No. 54, 30 September 1954, notice No. 265",
1954,1954-09-20,,St. David,"Radix, D.W.",IND,572,22.56,2,no,unverified,"ElectionPassport (secondary); winner checked against Government Gazette (Extraordinary) No. 54, 30 September 1954, notice No. 265",
1954,1954-09-20,,St. David,"Duncan, I.I.",IND,416,16.41,3,no,unverified,"ElectionPassport (secondary); winner checked against Government Gazette (Extraordinary) No. 54, 30 September 1954, notice No. 265",
1954,1954-09-20,,St. David,"Hypolite, C.",IND,358,14.12,4,no,unverified,"ElectionPassport (secondary); winner checked against Government Gazette (Extraordinary) No. 54, 30 September 1954, notice No. 265",
1954,1954-09-20,,St. David,"Whiteman, A.",IND,134,5.29,5,no,unverified,"ElectionPassport (secondary); winner checked against Government Gazette (Extraordinary) No. 54, 30 September 1954, notice No. 265",
1954,1954-09-20,,Carriacou,"Paterson, F.B.",IND,1295,50.23,1,yes,official,"ElectionPassport (secondary); winner checked against Government Gazette (Extraordinary) No. 54, 30 September 1954, notice No. 265",
1954,1954-09-20,,Carriacou,"Sylvester, E.L.",GULP,590,22.89,2,no,unverified,"ElectionPassport (secondary); winner checked against Government Gazette (Extraordinary) No. 54, 30 September 1954, notice No. 265",
1954,1954-09-20,,Carriacou,"Blaize, H.A.",IND,517,20.05,3,no,unverified,"ElectionPassport (secondary); winner checked against Government Gazette (Extraordinary) No. 54, 30 September 1954, notice No. 265",
1954,1954-09-20,,Carriacou,"McIntosh, W.T.",IND,176,6.83,4,no,unverified,"ElectionPassport (secondary); winner checked against Government Gazette (Extraordinary) No. 54, 30 September 1954, notice No. 265",
1957,1957-09-24,,St. George's Town,"Marryshow, T.A.",IND,741,36.34,1,yes,official,"ElectionPassport (secondary); winner checked against Government Gazette (Extraordinary) No. 53, 5 October 1957",
1957,1957-09-24,,St. George's Town,"Mitchell, E.A.",GNP,726,35.61,2,no,unverified,"ElectionPassport (secondary); winner checked against Government Gazette (Extraordinary) No. 53, 5 October 1957",
1957,1957-09-24,,St. George's Town,"LaHee, S.L.",GULP,572,28.05,3,no,unverified,"ElectionPassport (secondary); winner checked against Government Gazette (Extraordinary) No. 53, 5 October 1957",
1957,1957-09-24,,St. George Parish,"Gairy, E.M.",GULP,2998,61.2,1,yes,official,"ElectionPassport (secondary); winner checked against Government Gazette (Extraordinary) No. 53, 5 October 1957",
1957,1957-09-24,,St. George Parish,"Purcell, L.A.",PDM,955,19.49,2,no,unverified,"ElectionPassport (secondary); winner checked against Government Gazette (Extraordinary) No. 53, 5 October 1957",
1957,1957-09-24,,St. George Parish,"Bullen, M.A.",GNP,946,19.31,3,no,unverified,"ElectionPassport (secondary); winner checked against Government Gazette (Extraordinary) No. 53, 5 October 1957",
1957,1957-09-24,,St. John/St. Mark,"Thomas, L.C.J",PDM,1340,46.35,1,yes,official,"ElectionPassport (secondary); winner checked against Government Gazette (Extraordinary) No. 53, 5 October 1957",
1957,1957-09-24,,St. John/St. Mark,"McLean, H.",GULP,1303,45.07,2,no,unverified,"ElectionPassport (secondary); winner checked against Government Gazette (Extraordinary) No. 53, 5 October 1957",
1957,1957-09-24,,St. John/St. Mark,"St. Bernard, G.",GNP,229,7.92,3,no,unverified,"ElectionPassport (secondary); winner checked against Government Gazette (Extraordinary) No. 53, 5 October 1957",
1957,1957-09-24,,St. John/St. Mark,"Felix, A.J.",GFLP,19,0.66,4,no,unverified,"ElectionPassport (secondary); winner checked against Government Gazette (Extraordinary) No. 53, 5 October 1957",
1957,1957-09-24,,St. Patrick,"Copland, W.E.",GNP,1657,45.38,1,yes,official,"ElectionPassport (secondary); winner checked against Government Gazette (Extraordinary) No. 53, 5 October 1957",
1957,1957-09-24,,St. Patrick,"Williams, R.O.",GULP,1518,41.58,2,no,unverified,"ElectionPassport (secondary); winner checked against Government Gazette (Extraordinary) No. 53, 5 October 1957",
1957,1957-09-24,,St. Patrick,"Mascoll, H.E.",PDM,476,13.04,3,no,unverified,"ElectionPassport (secondary); winner checked against Government Gazette (Extraordinary) No. 53, 5 October 1957",
1957,1957-09-24,,St. Andrew North,"Keens-Douglas, R.A.",IND,1404,53.88,1,yes,official,"ElectionPassport (secondary); winner checked against Government Gazette (Extraordinary) No. 53, 5 October 1957",
1957,1957-09-24,,St. Andrew North,"Forrester, R.T.A.",GULP,1143,43.86,2,no,unverified,"ElectionPassport (secondary); winner checked against Government Gazette (Extraordinary) No. 53, 5 October 1957",
1957,1957-09-24,,St. Andrew North,"Fitz-Abraham, R.",PDM,59,2.26,3,no,unverified,"ElectionPassport (secondary); winner checked against Government Gazette (Extraordinary) No. 53, 5 October 1957",
1957,1957-09-24,,St. Andrew South,"Noel, F.C.",PDM,1912,53.45,1,yes,official,"ElectionPassport (secondary); winner checked against Government Gazette (Extraordinary) No. 53, 5 October 1957",
1957,1957-09-24,,St. Andrew South,"Moore, R.C.P.",GULP,1438,40.2,2,no,unverified,"ElectionPassport (secondary); winner checked against Government Gazette (Extraordinary) No. 53, 5 October 1957",
1957,1957-09-24,,St. Andrew South,"Felix, F.J.",GFLP,227,6.35,3,no,unverified,"ElectionPassport (secondary); winner checked against Government Gazette (Extraordinary) No. 53, 5 October 1957",
1957,1957-09-24,,St. David,"Gibbs, T.J.",GULP,983,38.88,1,yes,check,"ElectionPassport (secondary); winner checked against Government Gazette (Extraordinary) No. 53, 5 October 1957",
1957,1957-09-24,,St. David,"Radix, D.W.",GNP,960,37.97,2,no,unverified,"ElectionPassport (secondary); winner checked against Government Gazette (Extraordinary) No. 53, 5 October 1957",
1957,1957-09-24,,St. David,"Clyne, R.H.",PDM,585,23.14,3,no,unverified,"ElectionPassport (secondary); winner checked against Government Gazette (Extraordinary) No. 53, 5 October 1957",
1957,1957-09-24,,Carriacou,"Blaize, H.A.",GNP,1494,59.98,1,yes,official,"ElectionPassport (secondary); winner checked against Government Gazette (Extraordinary) No. 53, 5 October 1957",
1957,1957-09-24,,Carriacou,"Paterson, F.B.",GULP,997,40.02,2,no,unverified,"ElectionPassport (secondary); winner checked against Government Gazette (Extraordinary) No. 53, 5 October 1957",
1961,1961-03-27,,St. George's Town,"Mitchell, E.A.",GNP,874,44.64,1,yes,official,"ElectionPassport (secondary); winner checked against Government Gazette (Extraordinary) No. 18, 6 April 1961",
1961,1961-03-27,,St. George's Town,"Moore, R.C.P.",GULP,688,35.14,2,no,unverified,"ElectionPassport (secondary); winner checked against Government Gazette (Extraordinary) No. 18, 6 April 1961",
1961,1961-03-27,,St. George's Town,"Knight, J.D.",PPM,396,20.22,3,no,unverified,"ElectionPassport (secondary); winner checked against Government Gazette (Extraordinary) No. 18, 6 April 1961",
1961,1961-03-27,,St. George Parish North,"Clyne, G.E.D",GULP,1517,54.43,1,yes,official,"ElectionPassport (secondary); winner checked against Government Gazette (Extraordinary) No. 18, 6 April 1961",
1961,1961-03-27,,St. George Parish North,"Purcell, L.A.",PPM,1145,41.08,2,no,unverified,"ElectionPassport (secondary); winner checked against Government Gazette (Extraordinary) No. 18, 6 April 1961",
1961,1961-03-27,,St. George Parish North,"Cambridge, C.J.",GNP,125,4.49,3,no,unverified,"ElectionPassport (secondary); winner checked against Government Gazette (Extraordinary) No. 18, 6 April 1961",
1961,1961-03-27,,St. George Parish South,"Thorne, J.",GULP,1359,71.23,1,yes,official,"ElectionPassport (secondary); winner checked against Government Gazette (Extraordinary) No. 18, 6 April 1961",
1961,1961-03-27,,St. George Parish South,"Robertson, H.A.",GNP,363,19.03,2,no,unverified,"ElectionPassport (secondary); winner checked against Government Gazette (Extraordinary) No. 18, 6 April 1961",
1961,1961-03-27,,St. George Parish South,"Otway, G.B.W.",PPM,186,9.75,3,no,unverified,"ElectionPassport (secondary); winner checked against Government Gazette (Extraordinary) No. 18, 6 April 1961",
1961,1961-03-27,,St. John,"Preudhomme, H.J.",GULP,1007,59.87,1,yes,official,"ElectionPassport (secondary); winner checked against Government Gazette (Extraordinary) No. 18, 6 April 1961",
1961,1961-03-27,,St. John,"DeCoteau, J.G.",GNP,359,21.34,2,no,unverified,"ElectionPassport (secondary); winner checked against Government Gazette (Extraordinary) No. 18, 6 April 1961",
1961,1961-03-27,,St. John,"Campbell, B.C.",PPM,316,18.79,3,no,unverified,"ElectionPassport (secondary); winner checked against Government Gazette (Extraordinary) No. 18, 6 April 1961",
1961,1961-03-27,,St. Mark,"Forsyth, A.O.",GULP,725,69.64,1,yes,official,"ElectionPassport (secondary); winner checked against Government Gazette (Extraordinary) No. 18, 6 April 1961",
1961,1961-03-27,,St. Mark,"Duncan, W.L.",GNP,316,30.36,2,no,unverified,"ElectionPassport (secondary); winner checked against Government Gazette (Extraordinary) No. 18, 6 April 1961",
1961,1961-03-27,,St. Patrick,"Williams, R.O.",GULP,1508,55.12,1,yes,official,"ElectionPassport (secondary); winner checked against Government Gazette (Extraordinary) No. 18, 6 April 1961",
1961,1961-03-27,,St. Patrick,"Copland, W.E.",GNP,1228,44.88,2,no,unverified,"ElectionPassport (secondary); winner checked against Government Gazette (Extraordinary) No. 18, 6 April 1961",
1961,1961-03-27,,St. Andrew North,"Williams, A.L.",GULP,1421,60.55,1,yes,official,"ElectionPassport (secondary); winner checked against Government Gazette (Extraordinary) No. 18, 6 April 1961",
1961,1961-03-27,,St. Andrew North,"Keens-Douglas, R.A.",IND,733,31.23,2,no,unverified,"ElectionPassport (secondary); winner checked against Government Gazette (Extraordinary) No. 18, 6 April 1961",
1961,1961-03-27,,St. Andrew North,"Nobel-Smith, T.E.",GNP,193,8.22,3,no,unverified,"ElectionPassport (secondary); winner checked against Government Gazette (Extraordinary) No. 18, 6 April 1961",
1961,1961-03-27,,St. Andrew South,"Sylvester, D.T.",GULP,1507,48.75,1,yes,official,"ElectionPassport (secondary); winner checked against Government Gazette (Extraordinary) No. 18, 6 April 1961",
1961,1961-03-27,,St. Andrew South,"Noel, F.C.",GNP,851,27.53,2,no,unverified,"ElectionPassport (secondary); winner checked against Government Gazette (Extraordinary) No. 18, 6 April 1961",
1961,1961-03-27,,St. Andrew South,"Mark, M.Z.",PPM,506,16.37,3,no,unverified,"ElectionPassport (secondary); winner checked against Government Gazette (Extraordinary) No. 18, 6 April 1961",
1961,1961-03-27,,St. Andrew South,"Alexis, G.L.N.",IND,180,5.82,4,no,unverified,"ElectionPassport (secondary); winner checked against Government Gazette (Extraordinary) No. 18, 6 April 1961",
1961,1961-03-27,,St. Andrew South,"Noel, G.",IND,47,1.52,5,no,unverified,"ElectionPassport (secondary); winner checked against Government Gazette (Extraordinary) No. 18, 6 April 1961",
1961,1961-03-27,,St. David,"Gairy, C.B.",GULP,1506,64.28,1,yes,official,"ElectionPassport (secondary); winner checked against Government Gazette (Extraordinary) No. 18, 6 April 1961",
1961,1961-03-27,,St. David,"Thomas, L.C.J.",PPM,822,35.08,2,no,unverified,"ElectionPassport (secondary); winner checked against Government Gazette (Extraordinary) No. 18, 6 April 1961",
1961,1961-03-27,,St. David,"Radix, D.W.",IND,15,0.64,3,no,unverified,"ElectionPassport (secondary); winner checked against Government Gazette (Extraordinary) No. 18, 6 April 1961",
1961,1961-03-27,,Carriacou,"Blaize, H.A.",GNP,1493,80.23,1,yes,official,"ElectionPassport (secondary); winner checked against Government Gazette (Extraordinary) No. 18, 6 April 1961",
1961,1961-03-27,,Carriacou,"Cayenne, C.A.",GULP,368,19.77,2,no,unverified,"ElectionPassport (secondary); winner checked against Government Gazette (Extraordinary) No. 18, 6 April 1961",
1962,1962-09-13,,St. George's Town,"Mitchell, E.A.",GNP,1500,70.72,1,yes,official,"ElectionPassport (secondary); winner checked against Government Gazette (Extraordinary) No. 56, 17 September 1962; No. 63, 11 October 1962 (Carriacou)",
1962,1962-09-13,,St. George's Town,"Mark, M.Z.",GULP,621,29.28,2,no,unverified,"ElectionPassport (secondary); winner checked against Government Gazette (Extraordinary) No. 56, 17 September 1962; No. 63, 11 October 1962 (Carriacou)",
1962,1962-09-13,,St. George Parish North,"Purcell, L.A.",GNP,1566,52.25,1,yes,official,"ElectionPassport (secondary); winner checked against Government Gazette (Extraordinary) No. 56, 17 September 1962; No. 63, 11 October 1962 (Carriacou)",
1962,1962-09-13,,St. George Parish North,"James, E.V.",GULP,1431,47.75,2,no,unverified,"ElectionPassport (secondary); winner checked against Government Gazette (Extraordinary) No. 56, 17 September 1962; No. 63, 11 October 1962 (Carriacou)",
1962,1962-09-13,,St. George Parish South,"Gairy, E.M.",GULP,1269,55.56,1,yes,official,"ElectionPassport (secondary); winner checked against Government Gazette (Extraordinary) No. 56, 17 September 1962; No. 63, 11 October 1962 (Carriacou)",
1962,1962-09-13,,St. George Parish South,"Cruickshank, A.M.",GNP,1015,44.44,2,no,unverified,"ElectionPassport (secondary); winner checked against Government Gazette (Extraordinary) No. 56, 17 September 1962; No. 63, 11 October 1962 (Carriacou)",
1962,1962-09-13,,St. John,"Welsh, McD.",GNP,983,49.5,1,yes,official,"ElectionPassport (secondary); winner checked against Government Gazette (Extraordinary) No. 56, 17 September 1962; No. 63, 11 October 1962 (Carriacou)",
1962,1962-09-13,,St. John,"Preudhomme, H.J.",GULP,942,47.43,2,no,unverified,"ElectionPassport (secondary); winner checked against Government Gazette (Extraordinary) No. 56, 17 September 1962; No. 63, 11 October 1962 (Carriacou)",
1962,1962-09-13,,St. John,"Ferguson, C.G.",IND,61,3.07,3,no,unverified,"ElectionPassport (secondary); winner checked against Government Gazette (Extraordinary) No. 56, 17 September 1962; No. 63, 11 October 1962 (Carriacou)",
1962,1962-09-13,,St. Mark,"Forsyth, A.O.",GULP,622,56.44,1,yes,official,"ElectionPassport (secondary); winner checked against Government Gazette (Extraordinary) No. 56, 17 September 1962; No. 63, 11 October 1962 (Carriacou)",
1962,1962-09-13,,St. Mark,"Duncan, W.L.",GNP,480,43.56,2,no,unverified,"ElectionPassport (secondary); winner checked against Government Gazette (Extraordinary) No. 56, 17 September 1962; No. 63, 11 October 1962 (Carriacou)",
1962,1962-09-13,,St. Patrick,"Copland, W.E.",GNP,1795,62.18,1,yes,official,"ElectionPassport (secondary); winner checked against Government Gazette (Extraordinary) No. 56, 17 September 1962; No. 63, 11 October 1962 (Carriacou)",
1962,1962-09-13,,St. Patrick,"Moses, R.J.",GULP,1092,37.82,2,no,unverified,"ElectionPassport (secondary); winner checked against Government Gazette (Extraordinary) No. 56, 17 September 1962; No. 63, 11 October 1962 (Carriacou)",
1962,1962-09-13,,St. Andrew North,"Williams, A.L.",GULP,1315,51.59,1,yes,official,"ElectionPassport (secondary); winner checked against Government Gazette (Extraordinary) No. 56, 17 September 1962; No. 63, 11 October 1962 (Carriacou)",
1962,1962-09-13,,St. Andrew North,"Thomas, L.C.J.",GNP,1234,48.41,2,no,unverified,"ElectionPassport (secondary); winner checked against Government Gazette (Extraordinary) No. 56, 17 September 1962; No. 63, 11 October 1962 (Carriacou)",
1962,1962-09-13,,St. Andrew South,"Bhola, R.M.",GNP,1609,59.93,1,yes,official,"ElectionPassport (secondary); winner checked against Government Gazette (Extraordinary) No. 56, 17 September 1962; No. 63, 11 October 1962 (Carriacou)",
1962,1962-09-13,,St. Andrew South,"Sylvester, D.T.",GULP,1076,40.07,2,no,unverified,"ElectionPassport (secondary); winner checked against Government Gazette (Extraordinary) No. 56, 17 September 1962; No. 63, 11 October 1962 (Carriacou)",
1962,1962-09-13,,St. David,"Gairy, C.B.",GULP,1337,53.59,1,yes,official,"ElectionPassport (secondary); winner checked against Government Gazette (Extraordinary) No. 56, 17 September 1962; No. 63, 11 October 1962 (Carriacou)",
1962,1962-09-13,,St. David,"Hypolite, C.",GNP,1158,46.41,2,no,unverified,"ElectionPassport (secondary); winner checked against Government Gazette (Extraordinary) No. 56, 17 September 1962; No. 63, 11 October 1962 (Carriacou)",
1962,1962-09-13,,Carriacou,"Blaize, H.A.",GNP,,,1,yes,official,"ElectionPassport (secondary); winner checked against Government Gazette (Extraordinary) No. 56, 17 September 1962; No. 63, 11 October 1962 (Carriacou)",
1967,1967-08-24,,St. George's Town,"Scipio, H.R.",GNP,1311,58.4,1,yes,unverified,ElectionPassport compilation (secondary),
1967,1967-08-24,,St. George's Town,"Clyne, G.E.D.",GULP,934,41.6,2,no,unverified,ElectionPassport compilation (secondary),
1967,1967-08-24,,St. George Parish North,"Hosten, G.F.",GULP,2142,55.41,1,yes,unverified,ElectionPassport compilation (secondary),
1967,1967-08-24,,St. George Parish North,"Purcell, L.A.",GNP,1724,44.59,2,no,unverified,ElectionPassport compilation (secondary),
1967,1967-08-24,,St. George Parish South,"Gairy, E.M.",GULP,2196,62.65,1,yes,unverified,ElectionPassport compilation (secondary),
1967,1967-08-24,,St. George Parish South,"Cruickshank, A.M.",GNP,1309,37.35,2,no,unverified,ElectionPassport compilation (secondary),
1967,1967-08-24,,St. John,"Preudhomme, H.J.",GULP,1529,62.43,1,yes,unverified,ElectionPassport compilation (secondary),
1967,1967-08-24,,St. John,"Welsh, McD.",GNP,920,37.57,2,no,unverified,ElectionPassport compilation (secondary),
1967,1967-08-24,,St. Mark,"Forsyth, A.O.",GULP,918,66.0,1,yes,unverified,ElectionPassport compilation (secondary),
1967,1967-08-24,,St. Mark,"Frederick, G.O.",GNP,473,34.0,2,no,unverified,ElectionPassport compilation (secondary),
1967,1967-08-24,,St. Patrick,"Friday, W.R.L.",GNP,1862,52.44,1,yes,unverified,ElectionPassport compilation (secondary),
1967,1967-08-24,,St. Patrick,"Prosper, J.M.I.",GULP,1689,47.56,2,no,unverified,ElectionPassport compilation (secondary),
1967,1967-08-24,,St. Andrew North,"Williams, A.L.",GULP,2124,67.56,1,yes,unverified,ElectionPassport compilation (secondary),
1967,1967-08-24,,St. Andrew North,"Jones, B.J.",GNP,1020,32.44,2,no,unverified,ElectionPassport compilation (secondary),
1967,1967-08-24,,St. Andrew South,"Sylvester, D.T.",GULP,2038,53.5,1,yes,unverified,ElectionPassport compilation (secondary),
1967,1967-08-24,,St. Andrew South,"Bhola, R.M.",GNP,1771,46.5,2,no,unverified,ElectionPassport compilation (secondary),
1967,1967-08-24,,St. David,"Gairy, C.B.",GULP,2026,66.67,1,yes,unverified,ElectionPassport compilation (secondary),
1967,1967-08-24,,St. David,"Radix, D.A.",GNP,1013,33.33,2,no,unverified,ElectionPassport compilation (secondary),
1967,1967-08-24,,Carriacou,"Blaize, H.A.",GNP,1807,88.67,1,yes,unverified,ElectionPassport compilation (secondary),
1967,1967-08-24,,Carriacou,"Sylvester, M.J.",GULP,231,11.33,2,no,unverified,ElectionPassport compilation (secondary),
1972,1972-02-28,A,Carriacou & Petite Martinique,"Blaize, H.A.",GNP,1632,75.21,1,yes,official,"Government Gazette No. 20, 11 March 1972",136
1972,1972-02-28,A,Carriacou & Petite Martinique,"Caesar, M.A.",GULP,538,24.79,2,no,official,"Government Gazette No. 20, 11 March 1972",136
1972,1972-02-28,B,St. Andrew South East,"Alexis, H.P.G.",GULP,1102,64.94,1,yes,official,"Government Gazette No. 20, 11 March 1972",133
1972,1972-02-28,B,St. Andrew South East,"Bhola, R.M.",GNP,595,35.06,2,no,official,"Government Gazette No. 20, 11 March 1972",133
1972,1972-02-28,C,St. Andrew South West,"Sylvester, D.T.",GULP,1572,54.11,1,yes,official,"Government Gazette No. 20, 11 March 1972",133
1972,1972-02-28,C,St. Andrew South West,"Ogilvie, H.W.H.",GNP,1333,45.89,2,no,official,"Government Gazette No. 20, 11 March 1972",133
1972,1972-02-28,D,St. Andrew North East,"Nedd, W.",GULP,1461,72.15,1,yes,official,"Government Gazette No. 20, 11 March 1972",134
1972,1972-02-28,D,St. Andrew North East,"Simon, V.B.",GNP,564,27.85,2,no,official,"Government Gazette No. 20, 11 March 1972",134
1972,1972-02-28,E,St. Andrew North West,"Benjamin, N.",GULP,1166,69.99,1,yes,official,"Government Gazette No. 20, 11 March 1972",134
1972,1972-02-28,E,St. Andrew North West,"Jones, B.J.",GNP,500,30.01,2,no,official,"Government Gazette No. 20, 11 March 1972",134
1972,1972-02-28,F,St. David,"Gairy, C.B.",GULP,2404,65.58,1,yes,official,"Government Gazette No. 20, 11 March 1972",133
1972,1972-02-28,F,St. David,"Whiteman, U.",GNP,1262,34.42,2,no,official,"Government Gazette No. 20, 11 March 1972",133
1972,1972-02-28,G,Town of St. George,"Morris, J.N.",GULP,1229,50.43,1,yes,official,"Government Gazette No. 20, 11 March 1972",132
1972,1972-02-28,G,Town of St. George,"Scipio, H.R.",GNP,1208,49.57,2,no,official,"Government Gazette No. 20, 11 March 1972",132
1972,1972-02-28,H,St. George North East,"Dolland, F.O.",GULP,1504,53.79,1,yes,official,"Government Gazette No. 20, 11 March 1972",136
1972,1972-02-28,H,St. George North East,"O'Neil, F.G.",GNP,1292,46.21,2,no,official,"Government Gazette No. 20, 11 March 1972",136
1972,1972-02-28,J,St. George North West,"Hosten, G.F.",GULP,1340,70.6,1,yes,official,"Government Gazette No. 20, 11 March 1972",136
1972,1972-02-28,J,St. George North West,"Mitchell, E.A.",GNP,558,29.4,2,no,official,"Government Gazette No. 20, 11 March 1972",136
1972,1972-02-28,K,St. George South East,"Williams, A.J.",GULP,1328,63.36,1,yes,official,"Government Gazette No. 20, 11 March 1972",137
1972,1972-02-28,K,St. George South East,"Renwick, G.C.",GNP,768,36.64,2,no,official,"Government Gazette No. 20, 11 March 1972",137
1972,1972-02-28,L,St. George South,"Gairy, E.M.",GULP,1548,70.81,1,yes,official,"Government Gazette No. 20, 11 March 1972",137
1972,1972-02-28,L,St. George South,"Strachan, S.H.",GNP,638,29.19,2,no,official,"Government Gazette No. 20, 11 March 1972",137
1972,1972-02-28,M,St. John,"Preudhomme, H.J.",GULP,1777,60.3,1,yes,official,"Government Gazette No. 20, 11 March 1972",135
1972,1972-02-28,M,St. John,"Branch, J.A.",GNP,1170,39.7,2,no,official,"Government Gazette No. 20, 11 March 1972",135
1972,1972-02-28,N,St. Mark,"Forsyth, A.O.",GULP,1037,62.77,1,yes,official,"Government Gazette No. 20, 11 March 1972",135
1972,1972-02-28,N,St. Mark,"Japal, R.R.",GNP,615,37.23,2,no,official,"Government Gazette No. 20, 11 March 1972",135
1972,1972-02-28,P,St. Patrick East,"Raeburn, O.A.T.",GULP,965,55.75,1,yes,official,"Government Gazette No. 20, 11 March 1972",134
1972,1972-02-28,P,St. Patrick East,"Nyack, W.L.",GNP,766,44.25,2,no,official,"Government Gazette No. 20, 11 March 1972",134
1972,1972-02-28,R,St. Patrick West,"Friday, W.R.L.",GNP,1185,50.02,1,yes,official,"Government Gazette No. 20, 11 March 1972",135
1972,1972-02-28,R,St. Patrick West,"Whyte, W.M.",GULP,1184,49.98,2,no,official,"Government Gazette No. 20, 11 March 1972",135
1976,1976-12-07,A,Carriacou & Petite Martinique,Herbert Blaize,PA,1542,76.68,1,yes,corroborated,"The Grenada Newsletter, 11 December 1976 (votes); Government Gazette No. 58, 30 November 1976 (electors)",
1976,1976-12-07,A,Carriacou & Petite Martinique,Charles Cayenne,GULP,469,23.32,2,no,corroborated,"The Grenada Newsletter, 11 December 1976 (votes); Government Gazette No. 58, 30 November 1976 (electors)",
1976,1976-12-07,B,St. Andrew South East,Hubert Alexis,GULP,1270,61.8,1,yes,corroborated,"The Grenada Newsletter, 11 December 1976 (votes); Government Gazette No. 58, 30 November 1976 (electors)",
1976,1976-12-07,B,St. Andrew South East,Sydney Ambrose,PA,785,38.2,2,no,corroborated,"The Grenada Newsletter, 11 December 1976 (votes); Government Gazette No. 58, 30 November 1976 (electors)",
1976,1976-12-07,C,St. Andrew South West,Norris Bain,PA,1771,53.88,1,yes,corroborated,"The Grenada Newsletter, 11 December 1976 (votes); Government Gazette No. 58, 30 November 1976 (electors)",
1976,1976-12-07,C,St. Andrew South West,Lloyd St. Louis,GULP,1516,46.12,2,no,corroborated,"The Grenada Newsletter, 11 December 1976 (votes); Government Gazette No. 58, 30 November 1976 (electors)",
1976,1976-12-07,D,St. Andrew North East,Cysler Thomas,GULP,1410,59.12,1,yes,corroborated,"The Grenada Newsletter, 11 December 1976 (votes); Government Gazette No. 58, 30 November 1976 (electors)",
1976,1976-12-07,D,St. Andrew North East,Vernon Simon,PA,975,40.88,2,no,corroborated,"The Grenada Newsletter, 11 December 1976 (votes); Government Gazette No. 58, 30 November 1976 (electors)",
1976,1976-12-07,E,St. Andrew North West,Innocent Belmar,GULP,1330,61.83,1,yes,corroborated,"The Grenada Newsletter, 11 December 1976 (votes); Government Gazette No. 58, 30 November 1976 (electors)",
1976,1976-12-07,E,St. Andrew North West,Raymond Rush,PA,821,38.17,2,no,corroborated,"The Grenada Newsletter, 11 December 1976 (votes); Government Gazette No. 58, 30 November 1976 (electors)",
1976,1976-12-07,F,St. David,Cynthia Gairy,GULP,2271,53.07,1,yes,corroborated,"The Grenada Newsletter, 11 December 1976 (votes); Government Gazette No. 58, 30 November 1976 (electors)",
1976,1976-12-07,F,St. David,Kenrick Radix,PA,2008,46.93,2,no,corroborated,"The Grenada Newsletter, 11 December 1976 (votes); Government Gazette No. 58, 30 November 1976 (electors)",
1976,1976-12-07,G,Town of St. George,Bernard Coard,PA,1685,56.15,1,yes,corroborated,"The Grenada Newsletter, 11 December 1976 (votes); Government Gazette No. 58, 30 November 1976 (electors)",
1976,1976-12-07,G,Town of St. George,Roy St. John,GULP,1316,43.85,2,no,corroborated,"The Grenada Newsletter, 11 December 1976 (votes); Government Gazette No. 58, 30 November 1976 (electors)",
1976,1976-12-07,H,St. George North East,Unison Whiteman,PA,1858,55.95,1,yes,corroborated,"The Grenada Newsletter, 11 December 1976 (votes); Government Gazette No. 58, 30 November 1976 (electors)",
1976,1976-12-07,H,St. George North East,Franklyn Dolland,GULP,1463,44.05,2,no,corroborated,"The Grenada Newsletter, 11 December 1976 (votes); Government Gazette No. 58, 30 November 1976 (electors)",
1976,1976-12-07,J,St. George North West,George Hosten,GULP,1399,63.53,1,yes,corroborated,"The Grenada Newsletter, 11 December 1976 (votes); Government Gazette No. 58, 30 November 1976 (electors)",
1976,1976-12-07,J,St. George North West,Blanche Sylvester,IND,803,36.47,2,no,corroborated,"The Grenada Newsletter, 11 December 1976 (votes); Government Gazette No. 58, 30 November 1976 (electors)",
1976,1976-12-07,K,St. George South East,Maurice Bishop,PA,1319,52.13,1,yes,corroborated,"The Grenada Newsletter, 11 December 1976 (votes); Government Gazette No. 58, 30 November 1976 (electors)",
1976,1976-12-07,K,St. George South East,Norman DeSousa,GULP,1211,47.87,2,no,corroborated,"The Grenada Newsletter, 11 December 1976 (votes); Government Gazette No. 58, 30 November 1976 (electors)",
1976,1976-12-07,L,St. George South,Eric Gairy,GULP,1989,64.33,1,yes,corroborated,"The Grenada Newsletter, 11 December 1976 (votes); Government Gazette No. 58, 30 November 1976 (electors)",
1976,1976-12-07,L,St. George South,Selwin Strachan,PA,1103,35.67,2,no,corroborated,"The Grenada Newsletter, 11 December 1976 (votes); Government Gazette No. 58, 30 November 1976 (electors)",
1976,1976-12-07,M,St. John,Herbert Preudhomme,GULP,2096,55.95,1,yes,corroborated,"The Grenada Newsletter, 11 December 1976 (votes); Government Gazette No. 58, 30 November 1976 (electors)",
1976,1976-12-07,M,St. John,Lloyd Noel,PA,1650,44.05,2,no,corroborated,"The Grenada Newsletter, 11 December 1976 (votes); Government Gazette No. 58, 30 November 1976 (electors)",
1976,1976-12-07,N,St. Mark,Albert Forsythe,GULP,1079,55.62,1,yes,corroborated,"The Grenada Newsletter, 11 December 1976 (votes); Government Gazette No. 58, 30 November 1976 (electors)",
1976,1976-12-07,N,St. Mark,Rupert Japal,PA,861,44.38,2,no,corroborated,"The Grenada Newsletter, 11 December 1976 (votes); Government Gazette No. 58, 30 November 1976 (electors)",
1976,1976-12-07,P,St. Patrick East,Oliver Raeburn,GULP,1002,51.54,1,yes,corroborated,"The Grenada Newsletter, 11 December 1976 (votes); Government Gazette No. 58, 30 November 1976 (electors)",
1976,1976-12-07,P,St. Patrick East,Wilberforce Nyack,PA,942,48.46,2,no,corroborated,"The Grenada Newsletter, 11 December 1976 (votes); Government Gazette No. 58, 30 November 1976 (electors)",
1976,1976-12-07,R,St. Patrick West,Winston Whyte,PA,1548,55.05,1,yes,corroborated,"The Grenada Newsletter, 11 December 1976 (votes); Government Gazette No. 58, 30 November 1976 (electors)",
1976,1976-12-07,R,St. Patrick West,Ashton Frame,GULP,1264,44.95,2,no,corroborated,"The Grenada Newsletter, 11 December 1976 (votes); Government Gazette No. 58, 30 November 1976 (electors)",
1984,1984-12-03,A,Carriacou & Petite Martinique,Herbert A. Blaize,NNP,1663,84.03,1,yes,official,"PEO Old Elections Results (1984–2008), candidate table",15
1984,1984-12-03,A,Carriacou & Petite Martinique,Lyle A. Bullen,MBPM,146,7.38,2,no,official,"PEO Old Elections Results (1984–2008), candidate table",15
1984,1984-12-03,A,Carriacou & Petite Martinique,Hyacinth F. J. Clyne,GULP,119,6.01,3,no,official,"PEO Old Elections Results (1984–2008), candidate table",15
1984,1984-12-03,A,Carriacou & Petite Martinique,Winston T. Fleary,IND,51,2.58,4,no,official,"PEO Old Elections Results (1984–2008), candidate table",15
1984,1984-12-03,B,St. Andrew South East,Pauline C. Andrew,NNP,1094,51.05,1,yes,official,"PEO Old Elections Results (1984–2008), candidate table",15
1984,1984-12-03,B,St. Andrew South East,Irvin I. Duncan,GULP,997,46.52,2,no,official,"PEO Old Elections Results (1984–2008), candidate table",15
1984,1984-12-03,B,St. Andrew South East,George M. Lewis,MBPM,24,1.12,3,no,official,"PEO Old Elections Results (1984–2008), candidate table",15
1984,1984-12-03,B,St. Andrew South East,Bert La Touche,CDLP,18,0.84,4,no,official,"PEO Old Elections Results (1984–2008), candidate table",15
1984,1984-12-03,B,St. Andrew South East,Fenderson J. Felix,GFLP,10,0.47,5,no,corroborated,"PEO Old Elections Results (1984–2008), candidate table",15
1984,1984-12-03,C,St. Andrew South West,Ben J. Jones,NNP,1964,57.76,1,yes,official,"PEO Old Elections Results (1984–2008), candidate table",15
1984,1984-12-03,C,St. Andrew South West,Winifred C. Strachan,GULP,1206,35.47,2,no,official,"PEO Old Elections Results (1984–2008), candidate table",15
1984,1984-12-03,C,St. Andrew South West,Carlton A. Bernard,MBPM,185,5.44,3,no,official,"PEO Old Elections Results (1984–2008), candidate table",15
1984,1984-12-03,C,St. Andrew South West,Cyril Hopkin,IND,45,1.32,4,no,official,"PEO Old Elections Results (1984–2008), candidate table",15
1984,1984-12-03,D,St. Andrew North East,Marcel J. Peters,GULP,1276,52.81,1,yes,official,"PEO Old Elections Results (1984–2008), candidate table",15
1984,1984-12-03,D,St. Andrew North East,Mc Lean Pope,NNP,1140,47.19,2,no,official,"PEO Old Elections Results (1984–2008), candidate table",15
1984,1984-12-03,E,St. Andrew North West,Alleyne Walker,NNP,1282,55.64,1,yes,official,"PEO Old Elections Results (1984–2008), candidate table",15
1984,1984-12-03,E,St. Andrew North West,Herbert B. Fletcher,GULP,1004,43.58,2,no,official,"PEO Old Elections Results (1984–2008), candidate table",15
1984,1984-12-03,E,St. Andrew North West,Neville V. Rennie,CDLP,18,0.78,3,no,official,"PEO Old Elections Results (1984–2008), candidate table",15
1984,1984-12-03,F,St. David,Daniel C. Williams,NNP,2856,60.47,1,yes,official,"PEO Old Elections Results (1984–2008), candidate table",15
1984,1984-12-03,F,St. David,Denis J. Radix,GULP,1756,37.18,2,no,official,"PEO Old Elections Results (1984–2008), candidate table",15
1984,1984-12-03,F,St. David,Almando T. Williams,MBPM,111,2.35,3,no,official,"PEO Old Elections Results (1984–2008), candidate table",15
1984,1984-12-03,G,Town of St. George,George Mc Guire,NNP,1745,65.18,1,yes,official,"PEO Old Elections Results (1984–2008), candidate table",15
1984,1984-12-03,G,Town of St. George,Raymond H. Anthony,GULP,756,28.24,2,no,official,"PEO Old Elections Results (1984–2008), candidate table",15
1984,1984-12-03,G,Town of St. George,Earl Bullen,MBPM,151,5.64,3,no,official,"PEO Old Elections Results (1984–2008), candidate table",15
1984,1984-12-03,G,Town of St. George,Gordon C. Robertson,CDLP,25,0.93,4,no,official,"PEO Old Elections Results (1984–2008), candidate table",15
1984,1984-12-03,H,St. George North East,George I. Brizan,NNP,2438,72.0,1,yes,official,"PEO Old Elections Results (1984–2008), candidate table",15
1984,1984-12-03,H,St. George North East,Albert O. Forsyth,GULP,818,24.16,2,no,official,"PEO Old Elections Results (1984–2008), candidate table",15
1984,1984-12-03,H,St. George North East,Kennitha Thompson,MBPM,99,2.92,3,no,official,"PEO Old Elections Results (1984–2008), candidate table",15
1984,1984-12-03,H,St. George North East,Denis C. Joseph,CDLP,31,0.92,4,no,official,"PEO Old Elections Results (1984–2008), candidate table",15
1984,1984-12-03,J,St. George North West,Keith C. Mitchell,NNP,1370,57.42,1,yes,official,"PEO Old Elections Results (1984–2008), candidate table",15
1984,1984-12-03,J,St. George North West,Jimmy J. Lewis,GULP,956,40.07,2,no,official,"PEO Old Elections Results (1984–2008), candidate table",15
1984,1984-12-03,J,St. George North West,Dunbar Byam,MBPM,60,2.51,3,no,official,"PEO Old Elections Results (1984–2008), candidate table",15
1984,1984-12-03,K,St. George South East,Francis R. Alexis,NNP,1674,66.01,1,yes,official,"PEO Old Elections Results (1984–2008), candidate table",15
1984,1984-12-03,K,St. George South East,Gregory A. Hercules,GULP,642,25.32,2,no,official,"PEO Old Elections Results (1984–2008), candidate table",15
1984,1984-12-03,K,St. George South East,Bernard K. Radix,MBPM,220,8.68,3,no,official,"PEO Old Elections Results (1984–2008), candidate table",15
1984,1984-12-03,L,St. George South,Phinsley St. Louis,NNP,1905,58.81,1,yes,official,"PEO Old Elections Results (1984–2008), candidate table",15
1984,1984-12-03,L,St. George South,Erleen C. Adams,GULP,1173,36.21,2,no,official,"PEO Old Elections Results (1984–2008), candidate table",15
1984,1984-12-03,L,St. George South,Trevor Emmanuel,MBPM,153,4.72,3,no,official,"PEO Old Elections Results (1984–2008), candidate table",15
1984,1984-12-03,L,St. George South,Justin F. Mc Burnie,IND,8,0.25,4,no,official,"PEO Old Elections Results (1984–2008), candidate table",15
1984,1984-12-03,M,St. John,Grace M. Duncan,NNP,1611,43.55,1,yes,official,"PEO Old Elections Results (1984–2008), candidate table",15
1984,1984-12-03,M,St. John,Edzel V. Thomas,GULP,1576,42.61,2,no,official,"PEO Old Elections Results (1984–2008), candidate table",15
1984,1984-12-03,M,St. John,Einstein Louison,MBPM,512,13.84,3,no,official,"PEO Old Elections Results (1984–2008), candidate table",15
1984,1984-12-03,N,St. Mark,Felix G. Alexander,NNP,930,51.13,1,yes,official,"PEO Old Elections Results (1984–2008), candidate table",15
1984,1984-12-03,N,St. Mark,Mitchell G. James,GULP,750,41.23,2,no,official,"PEO Old Elections Results (1984–2008), candidate table",15
1984,1984-12-03,N,St. Mark,George Louison,MBPM,139,7.64,3,no,official,"PEO Old Elections Results (1984–2008), candidate table",15
1984,1984-12-03,P,St. Patrick East,Tillman Thomas,NNP,935,51.94,1,yes,official,"PEO Old Elections Results (1984–2008), candidate table",15
1984,1984-12-03,P,St. Patrick East,Winston E. Frederick,GULP,787,43.72,2,no,official,"PEO Old Elections Results (1984–2008), candidate table",15
1984,1984-12-03,P,St. Patrick East,John Cato,MBPM,66,3.67,3,no,official,"PEO Old Elections Results (1984–2008), candidate table",15
1984,1984-12-03,P,St. Patrick East,Winston Whyte,CDLP,12,0.67,4,no,official,"PEO Old Elections Results (1984–2008), candidate table",15
1984,1984-12-03,R,St. Patrick West,Kenny Lalsingh,NNP,1438,57.15,1,yes,official,"PEO Old Elections Results (1984–2008), candidate table",15
1984,1984-12-03,R,St. Patrick West,Abraham O. Raeburn,GULP,905,35.97,2,no,official,"PEO Old Elections Results (1984–2008), candidate table",15
1984,1984-12-03,R,St. Patrick West,Samuel E. Thomas,MBPM,173,6.88,3,no,official,"PEO Old Elections Results (1984–2008), candidate table",15
1990,1990-03-13,A,Carriacou & Petite Martinique,Nicholas Brathwaite,NDC,1346,67.13,1,yes,official,"Government Gazette No. 15, 16 March 1990 (winners); The Grenada Newsletter, 24 March 1990 (others)",
1990,1990-03-13,A,Carriacou & Petite Martinique,Michael Caesar,TNP,455,22.69,2,no,corroborated,"Government Gazette No. 15, 16 March 1990 (winners); The Grenada Newsletter, 24 March 1990 (others)",
1990,1990-03-13,A,Carriacou & Petite Martinique,Bonfield Bristol,GULP,136,6.78,3,no,corroborated,"Government Gazette No. 15, 16 March 1990 (winners); The Grenada Newsletter, 24 March 1990 (others)",
1990,1990-03-13,A,Carriacou & Petite Martinique,Winston Fleary,NNP,35,1.75,4,no,corroborated,"Government Gazette No. 15, 16 March 1990 (winners); The Grenada Newsletter, 24 March 1990 (others)",
1990,1990-03-13,A,Carriacou & Petite Martinique,Lyle Bullen,GULP,33,1.65,5,no,corroborated,"Government Gazette No. 15, 16 March 1990 (winners); The Grenada Newsletter, 24 March 1990 (others)",
1990,1990-03-13,B,St. Andrew South East,Winifred Strachan,GULP,802,37.49,1,yes,official,"Government Gazette No. 15, 16 March 1990 (winners); The Grenada Newsletter, 24 March 1990 (others)",
1990,1990-03-13,B,St. Andrew South East,Pauline Andrew,TNP,645,30.15,2,no,corroborated,"Government Gazette No. 15, 16 March 1990 (winners); The Grenada Newsletter, 24 March 1990 (others)",
1990,1990-03-13,B,St. Andrew South East,Norton Noel,NDC,446,20.85,3,no,corroborated,"Government Gazette No. 15, 16 March 1990 (winners); The Grenada Newsletter, 24 March 1990 (others)",
1990,1990-03-13,B,St. Andrew South East,Lawrence Joseph,NNP,246,11.5,4,no,corroborated,"Government Gazette No. 15, 16 March 1990 (winners); The Grenada Newsletter, 24 March 1990 (others)",
1990,1990-03-13,C,St. Andrew South West,Ben Jones,TNP,1430,48.47,1,yes,official,"Government Gazette No. 15, 16 March 1990 (winners); The Grenada Newsletter, 24 March 1990 (others)",
1990,1990-03-13,C,St. Andrew South West,Joseph McGuire,GULP,690,23.39,2,no,corroborated,"Government Gazette No. 15, 16 March 1990 (winners); The Grenada Newsletter, 24 March 1990 (others)",
1990,1990-03-13,C,St. Andrew South West,Dennis Noel,NDC,624,21.15,3,no,corroborated,"Government Gazette No. 15, 16 March 1990 (winners); The Grenada Newsletter, 24 March 1990 (others)",
1990,1990-03-13,C,St. Andrew South West,Richard Lewis,NNP,143,4.85,4,no,corroborated,"Government Gazette No. 15, 16 March 1990 (winners); The Grenada Newsletter, 24 March 1990 (others)",
1990,1990-03-13,C,St. Andrew South West,George Lewis,MBPM,63,2.14,5,no,corroborated,"Government Gazette No. 15, 16 March 1990 (winners); The Grenada Newsletter, 24 March 1990 (others)",
1990,1990-03-13,D,St. Andrew North East,Lawrence Gibbs,GULP,819,35.38,1,yes,official,"Government Gazette No. 15, 16 March 1990 (winners); The Grenada Newsletter, 24 March 1990 (others)",
1990,1990-03-13,D,St. Andrew North East,Marcel Peters,NDC,574,24.79,2,no,corroborated,"Government Gazette No. 15, 16 March 1990 (winners); The Grenada Newsletter, 24 March 1990 (others)",
1990,1990-03-13,D,St. Andrew North East,Clarence Renaud,TNP,496,21.43,3,no,corroborated,"Government Gazette No. 15, 16 March 1990 (winners); The Grenada Newsletter, 24 March 1990 (others)",
1990,1990-03-13,D,St. Andrew North East,McDonald George,NNP,408,17.62,4,no,corroborated,"Government Gazette No. 15, 16 March 1990 (winners); The Grenada Newsletter, 24 March 1990 (others)",
1990,1990-03-13,D,St. Andrew North East,Leslie Julien,MBPM,18,0.78,5,no,corroborated,"Government Gazette No. 15, 16 March 1990 (winners); The Grenada Newsletter, 24 March 1990 (others)",
1990,1990-03-13,E,St. Andrew North West,Alleyne Walker,TNP,730,32.13,1,yes,official,"Government Gazette No. 15, 16 March 1990 (winners); The Grenada Newsletter, 24 March 1990 (others)",
1990,1990-03-13,E,St. Andrew North West,Herbert Fletcher,GULP,716,31.51,2,no,corroborated,"Government Gazette No. 15, 16 March 1990 (winners); The Grenada Newsletter, 24 March 1990 (others)",
1990,1990-03-13,E,St. Andrew North West,Paul Francis,NDC,629,27.68,3,no,corroborated,"Government Gazette No. 15, 16 March 1990 (winners); The Grenada Newsletter, 24 March 1990 (others)",
1990,1990-03-13,E,St. Andrew North West,Bert LaTouche,NNP,134,5.9,4,no,corroborated,"Government Gazette No. 15, 16 March 1990 (winners); The Grenada Newsletter, 24 March 1990 (others)",
1990,1990-03-13,E,St. Andrew North West,Carlton Bernard,MBPM,63,2.77,5,no,corroborated,"Government Gazette No. 15, 16 March 1990 (winners); The Grenada Newsletter, 24 March 1990 (others)",
1990,1990-03-13,F,St. David,Michael Andrew,NDC,1745,38.86,1,yes,official,"Government Gazette No. 15, 16 March 1990 (winners); The Grenada Newsletter, 24 March 1990 (others)",
1990,1990-03-13,F,St. David,Vincent Clyne,GULP,1510,33.62,2,no,corroborated,"Government Gazette No. 15, 16 March 1990 (winners); The Grenada Newsletter, 24 March 1990 (others)",
1990,1990-03-13,F,St. David,Joslyn Whiteman,NNP,639,14.23,3,no,corroborated,"Government Gazette No. 15, 16 March 1990 (winners); The Grenada Newsletter, 24 March 1990 (others)",
1990,1990-03-13,F,St. David,Catherine Hagley,TNP,548,12.2,4,no,corroborated,"Government Gazette No. 15, 16 March 1990 (winners); The Grenada Newsletter, 24 March 1990 (others)",
1990,1990-03-13,F,St. David,Brian Lindsay,MBPM,49,1.09,5,no,corroborated,"Government Gazette No. 15, 16 March 1990 (winners); The Grenada Newsletter, 24 March 1990 (others)",
1990,1990-03-13,G,Town of St. George,Joan Purcell,NDC,772,33.57,1,yes,official,"Government Gazette No. 15, 16 March 1990 (winners); The Grenada Newsletter, 24 March 1990 (others)",
1990,1990-03-13,G,Town of St. George,George McGuire,TNP,566,24.61,2,no,corroborated,"Government Gazette No. 15, 16 March 1990 (winners); The Grenada Newsletter, 24 March 1990 (others)",
1990,1990-03-13,G,Town of St. George,Herbert Preudhomme,GULP,554,24.09,3,no,corroborated,"Government Gazette No. 15, 16 March 1990 (winners); The Grenada Newsletter, 24 March 1990 (others)",
1990,1990-03-13,G,Town of St. George,Dennis Campbell,NNP,349,15.17,4,no,corroborated,"Government Gazette No. 15, 16 March 1990 (winners); The Grenada Newsletter, 24 March 1990 (others)",
1990,1990-03-13,G,Town of St. George,Terrence Marryshow,MBPM,42,1.83,5,no,corroborated,"Government Gazette No. 15, 16 March 1990 (winners); The Grenada Newsletter, 24 March 1990 (others)",
1990,1990-03-13,G,Town of St. George,Michael Donelan,IND,11,0.48,6,no,corroborated,"Government Gazette No. 15, 16 March 1990 (winners); The Grenada Newsletter, 24 March 1990 (others)",
1990,1990-03-13,G,Town of St. George,Justin McBurnie,GOD,6,0.26,7,no,corroborated,"Government Gazette No. 15, 16 March 1990 (winners); The Grenada Newsletter, 24 March 1990 (others)",
1990,1990-03-13,H,St. George North East,George Brizan,NDC,1853,57.05,1,yes,official,"Government Gazette No. 15, 16 March 1990 (winners); The Grenada Newsletter, 24 March 1990 (others)",
1990,1990-03-13,H,St. George North East,Gerald Arlin,GULP,607,18.69,2,no,corroborated,"Government Gazette No. 15, 16 March 1990 (winners); The Grenada Newsletter, 24 March 1990 (others)",
1990,1990-03-13,H,St. George North East,John Munro,NNP,543,16.72,3,no,corroborated,"Government Gazette No. 15, 16 March 1990 (winners); The Grenada Newsletter, 24 March 1990 (others)",
1990,1990-03-13,H,St. George North East,Fitzroy Alexander,TNP,207,6.37,4,no,corroborated,"Government Gazette No. 15, 16 March 1990 (winners); The Grenada Newsletter, 24 March 1990 (others)",
1990,1990-03-13,H,St. George North East,Valentine Joseph,MBPM,34,1.05,5,no,corroborated,"Government Gazette No. 15, 16 March 1990 (winners); The Grenada Newsletter, 24 March 1990 (others)",
1990,1990-03-13,H,St. George North East,Michael Radix,IND,4,0.12,6,no,corroborated,"Government Gazette No. 15, 16 March 1990 (winners); The Grenada Newsletter, 24 March 1990 (others)",
1990,1990-03-13,J,St. George North West,Keith Mitchell,NNP,1148,54.3,1,yes,official,"Government Gazette No. 15, 16 March 1990 (winners); The Grenada Newsletter, 24 March 1990 (others)",
1990,1990-03-13,J,St. George North West,Jerry Seales,GULP,574,27.15,2,no,corroborated,"Government Gazette No. 15, 16 March 1990 (winners); The Grenada Newsletter, 24 March 1990 (others)",
1990,1990-03-13,J,St. George North West,Carl Hood,NDC,280,13.25,3,no,corroborated,"Government Gazette No. 15, 16 March 1990 (winners); The Grenada Newsletter, 24 March 1990 (others)",
1990,1990-03-13,J,St. George North West,Michael Stewart,TNP,74,3.5,4,no,corroborated,"Government Gazette No. 15, 16 March 1990 (winners); The Grenada Newsletter, 24 March 1990 (others)",
1990,1990-03-13,J,St. George North West,Carlton Briggs,MBPM,38,1.8,5,no,corroborated,"Government Gazette No. 15, 16 March 1990 (winners); The Grenada Newsletter, 24 March 1990 (others)",
1990,1990-03-13,K,St. George South East,Francis Alexis,NDC,1214,50.6,1,yes,official,"Government Gazette No. 15, 16 March 1990 (winners); The Grenada Newsletter, 24 March 1990 (others)",
1990,1990-03-13,K,St. George South East,Norman DeSousa,GULP,585,24.39,2,no,corroborated,"Government Gazette No. 15, 16 March 1990 (winners); The Grenada Newsletter, 24 March 1990 (others)",
1990,1990-03-13,K,St. George South East,Joseph Robertson,TNP,292,12.17,3,no,corroborated,"Government Gazette No. 15, 16 March 1990 (winners); The Grenada Newsletter, 24 March 1990 (others)",
1990,1990-03-13,K,St. George South East,Robert Grant,NNP,265,11.05,4,no,corroborated,"Government Gazette No. 15, 16 March 1990 (winners); The Grenada Newsletter, 24 March 1990 (others)",
1990,1990-03-13,K,St. George South East,Joseph Charter,MBPM,43,1.79,5,no,corroborated,"Government Gazette No. 15, 16 March 1990 (winners); The Grenada Newsletter, 24 March 1990 (others)",
1990,1990-03-13,L,St. George South,Phinsley St. Louis,NDC,1278,41.05,1,yes,official,"Government Gazette No. 15, 16 March 1990 (winners); The Grenada Newsletter, 24 March 1990 (others)",
1990,1990-03-13,L,St. George South,Eric Gairy,GULP,1088,34.95,2,no,corroborated,"Government Gazette No. 15, 16 March 1990 (winners); The Grenada Newsletter, 24 March 1990 (others)",
1990,1990-03-13,L,St. George South,Winston Whyte,NNP,454,14.58,3,no,corroborated,"Government Gazette No. 15, 16 March 1990 (winners); The Grenada Newsletter, 24 March 1990 (others)",
1990,1990-03-13,L,St. George South,Cephas Pilgrim,TNP,293,9.41,4,no,corroborated,"Government Gazette No. 15, 16 March 1990 (winners); The Grenada Newsletter, 24 March 1990 (others)",
1990,1990-03-13,M,St. John,Edzel Thomas,GULP,1227,34.56,1,yes,official,"Government Gazette No. 15, 16 March 1990 (winners); The Grenada Newsletter, 24 March 1990 (others)",
1990,1990-03-13,M,St. John,Grace Duncan,NNP,1027,28.93,2,no,corroborated,"Government Gazette No. 15, 16 March 1990 (winners); The Grenada Newsletter, 24 March 1990 (others)",
1990,1990-03-13,M,St. John,Carlyle Glean,NDC,878,24.73,3,no,corroborated,"Government Gazette No. 15, 16 March 1990 (winners); The Grenada Newsletter, 24 March 1990 (others)",
1990,1990-03-13,M,St. John,Einstein Louison,MBPM,239,6.73,4,no,corroborated,"Government Gazette No. 15, 16 March 1990 (winners); The Grenada Newsletter, 24 March 1990 (others)",
1990,1990-03-13,M,St. John,Linda Charles,TNP,179,5.04,5,no,corroborated,"Government Gazette No. 15, 16 March 1990 (winners); The Grenada Newsletter, 24 March 1990 (others)",
1990,1990-03-13,N,St. Mark,Malcolm Antoine,NNP,564,30.31,1,yes,official,"Government Gazette No. 15, 16 March 1990 (winners); The Grenada Newsletter, 24 March 1990 (others)",
1990,1990-03-13,N,St. Mark,Albert Forsythe,GULP,488,26.22,2,no,corroborated,"Government Gazette No. 15, 16 March 1990 (winners); The Grenada Newsletter, 24 March 1990 (others)",
1990,1990-03-13,N,St. Mark,Henry DeAllie,NDC,436,23.43,3,no,corroborated,"Government Gazette No. 15, 16 March 1990 (winners); The Grenada Newsletter, 24 March 1990 (others)",
1990,1990-03-13,N,St. Mark,Felix Alexander,TNP,243,13.06,4,no,corroborated,"Government Gazette No. 15, 16 March 1990 (winners); The Grenada Newsletter, 24 March 1990 (others)",
1990,1990-03-13,N,St. Mark,George Thomas,MBPM,130,6.99,5,no,corroborated,"Government Gazette No. 15, 16 March 1990 (winners); The Grenada Newsletter, 24 March 1990 (others)",
1990,1990-03-13,P,St. Patrick East,Winston Frederick,GULP,607,33.74,1,yes,official,"Government Gazette No. 15, 16 March 1990 (winners); The Grenada Newsletter, 24 March 1990 (others)",
1990,1990-03-13,P,St. Patrick East,Tillman Thomas,NDC,510,28.35,2,no,corroborated,"Government Gazette No. 15, 16 March 1990 (winners); The Grenada Newsletter, 24 March 1990 (others)",
1990,1990-03-13,P,St. Patrick East,Prescott Swan,NNP,361,20.07,3,no,corroborated,"Government Gazette No. 15, 16 March 1990 (winners); The Grenada Newsletter, 24 March 1990 (others)",
1990,1990-03-13,P,St. Patrick East,Nathaniel Herry,TNP,287,15.95,4,no,corroborated,"Government Gazette No. 15, 16 March 1990 (winners); The Grenada Newsletter, 24 March 1990 (others)",
1990,1990-03-13,P,St. Patrick East,Glen St. Louis,MBPM,34,1.89,5,no,corroborated,"Government Gazette No. 15, 16 March 1990 (winners); The Grenada Newsletter, 24 March 1990 (others)",
1990,1990-03-13,R,St. Patrick West,Kenny Lalsingh,NDC,885,37.82,1,yes,official,"Government Gazette No. 15, 16 March 1990 (winners); The Grenada Newsletter, 24 March 1990 (others)",
1990,1990-03-13,R,St. Patrick West,Wellington Friday,GULP,632,27.01,2,no,corroborated,"Government Gazette No. 15, 16 March 1990 (winners); The Grenada Newsletter, 24 March 1990 (others)",
1990,1990-03-13,R,St. Patrick West,Lennox Jerome,NNP,361,15.43,3,no,corroborated,"Government Gazette No. 15, 16 March 1990 (winners); The Grenada Newsletter, 24 March 1990 (others)",
1990,1990-03-13,R,St. Patrick West,Paul Richards,TNP,328,14.02,4,no,corroborated,"Government Gazette No. 15, 16 March 1990 (winners); The Grenada Newsletter, 24 March 1990 (others)",
1990,1990-03-13,R,St. Patrick West,Joseph Andall,MBPM,134,5.73,5,no,corroborated,"Government Gazette No. 15, 16 March 1990 (winners); The Grenada Newsletter, 24 March 1990 (others)",
1995,1995-06-20,A,Carriacou & Petite Martinique,Joan Purcell,NDC,765,33.8,1,yes,official,"PEO Old Elections Results (1984–2008), candidate table",9
1995,1995-06-20,A,Carriacou & Petite Martinique,Elvin Nimrod,IND,743,32.83,2,no,official,"PEO Old Elections Results (1984–2008), candidate table",9
1995,1995-06-20,A,Carriacou & Petite Martinique,Michael Caesar,TNP,460,20.33,3,no,official,"PEO Old Elections Results (1984–2008), candidate table",9
1995,1995-06-20,A,Carriacou & Petite Martinique,Tobias Clement,NNP,147,6.5,4,no,official,"PEO Old Elections Results (1984–2008), candidate table",9
1995,1995-06-20,A,Carriacou & Petite Martinique,Winston Fleary,GULP,109,4.82,5,no,official,"PEO Old Elections Results (1984–2008), candidate table",9
1995,1995-06-20,A,Carriacou & Petite Martinique,Lyle Bullen,MBPM,39,1.72,6,no,official,"PEO Old Elections Results (1984–2008), candidate table",9
1995,1995-06-20,B,St. Andrew South East,Clarence Rapier,GULP,830,35.53,1,yes,official,"PEO Old Elections Results (1984–2008), candidate table",9
1995,1995-06-20,B,St. Andrew South East,Wilton Rougier,NNP,676,28.94,2,no,official,"PEO Old Elections Results (1984–2008), candidate table",9
1995,1995-06-20,B,St. Andrew South East,Norton Noel,NDC,574,24.57,3,no,official,"PEO Old Elections Results (1984–2008), candidate table",9
1995,1995-06-20,B,St. Andrew South East,Winifred Strachan,TNP,256,10.96,4,no,official,"PEO Old Elections Results (1984–2008), candidate table",9
1995,1995-06-20,C,St. Andrew South West,Michael Baptiste,GULP,935,30.53,1,yes,check,"PEO Old Elections Results (1984–2008), candidate table",9
1995,1995-06-20,C,St. Andrew South West,Lawrence Joseph,NNP,712,23.25,2,no,official,"PEO Old Elections Results (1984–2008), candidate table",9
1995,1995-06-20,C,St. Andrew South West,Ann Peters,NDC,697,22.76,3,no,official,"PEO Old Elections Results (1984–2008), candidate table",9
1995,1995-06-20,C,St. Andrew South West,Ben Jones,TNP,663,21.65,4,no,official,"PEO Old Elections Results (1984–2008), candidate table",9
1995,1995-06-20,C,St. Andrew South West,George Radgman,MBPM,56,1.83,5,no,official,"PEO Old Elections Results (1984–2008), candidate table",9
1995,1995-06-20,D,St. Andrew North East,Oliver Archibald,NNP,828,32.07,1,yes,official,"PEO Old Elections Results (1984–2008), candidate table",9
1995,1995-06-20,D,St. Andrew North East,Joseph Mc Guire,GULP,804,31.14,2,no,official,"PEO Old Elections Results (1984–2008), candidate table",9
1995,1995-06-20,D,St. Andrew North East,Livingston Nelson,NDC,643,24.9,3,no,official,"PEO Old Elections Results (1984–2008), candidate table",9
1995,1995-06-20,D,St. Andrew North East,Alleyne Walker,TNP,258,9.99,4,no,official,"PEO Old Elections Results (1984–2008), candidate table",9
1995,1995-06-20,D,St. Andrew North East,Oscar Andall,MBPM,40,1.55,5,no,official,"PEO Old Elections Results (1984–2008), candidate table",9
1995,1995-06-20,D,St. Andrew North East,Dolton Charles,URP,7,0.27,6,no,official,"PEO Old Elections Results (1984–2008), candidate table",9
1995,1995-06-20,D,St. Andrew North East,Kenrick Gooding,GOD,2,0.08,7,no,official,"PEO Old Elections Results (1984–2008), candidate table",9
1995,1995-06-20,E,St. Andrew North West,Laurina Waldron,NNP,782,29.95,1,yes,official,"PEO Old Elections Results (1984–2008), candidate table",9
1995,1995-06-20,E,St. Andrew North West,Selwyn Humphrey,GULP,755,28.92,2,no,official,"PEO Old Elections Results (1984–2008), candidate table",9
1995,1995-06-20,E,St. Andrew North West,Paul Francis,NDC,659,25.24,3,no,official,"PEO Old Elections Results (1984–2008), candidate table",9
1995,1995-06-20,E,St. Andrew North West,Allan Mc Guire,TNP,379,14.52,4,no,official,"PEO Old Elections Results (1984–2008), candidate table",9
1995,1995-06-20,E,St. Andrew North West,Jerome Pierre,MBPM,36,1.38,5,no,official,"PEO Old Elections Results (1984–2008), candidate table",9
1995,1995-06-20,F,St. David,Michael Andrew,NDC,1746,34.44,1,yes,official,"PEO Old Elections Results (1984–2008), candidate table",9
1995,1995-06-20,F,St. David,Jerome Romain,GULP,1641,32.37,2,no,official,"PEO Old Elections Results (1984–2008), candidate table",9
1995,1995-06-20,F,St. David,Joslyn Whiteman,NNP,1503,29.64,3,no,official,"PEO Old Elections Results (1984–2008), candidate table",9
1995,1995-06-20,F,St. David,Marcia Williams,TNP,96,1.89,4,no,official,"PEO Old Elections Results (1984–2008), candidate table",9
1995,1995-06-20,F,St. David,Wilton Allard,MBPM,68,1.34,5,no,official,"PEO Old Elections Results (1984–2008), candidate table",9
1995,1995-06-20,F,St. David,Peter Thomas,URP,16,0.32,6,no,official,"PEO Old Elections Results (1984–2008), candidate table",9
1995,1995-06-20,G,Town of St. George,Dr. Raphael Fletcher,NNP,791,32.94,1,yes,check,"PEO Old Elections Results (1984–2008), candidate table",9
1995,1995-06-20,G,Town of St. George,Kent Joseph,NDC,748,31.15,2,no,official,"PEO Old Elections Results (1984–2008), candidate table",9
1995,1995-06-20,G,Town of St. George,Raymond Anthony,GULP,640,26.66,3,no,official,"PEO Old Elections Results (1984–2008), candidate table",9
1995,1995-06-20,G,Town of St. George,Keith Patrick,TNP,165,6.87,4,no,official,"PEO Old Elections Results (1984–2008), candidate table",9
1995,1995-06-20,G,Town of St. George,Peggy Nesfield,MBPM,54,2.25,5,no,official,"PEO Old Elections Results (1984–2008), candidate table",9
1995,1995-06-20,G,Town of St. George,Carlyle Jones,URP,3,0.12,6,no,official,"PEO Old Elections Results (1984–2008), candidate table",9
1995,1995-06-20,H,St. George North East,George Brizan,NDC,1887,50.94,1,yes,official,"PEO Old Elections Results (1984–2008), candidate table",9
1995,1995-06-20,H,St. George North East,Dr. Roger Radix,NNP,917,24.76,2,no,official,"PEO Old Elections Results (1984–2008), candidate table",9
1995,1995-06-20,H,St. George North East,Wilfred Lewis,GULP,757,20.44,3,no,official,"PEO Old Elections Results (1984–2008), candidate table",9
1995,1995-06-20,H,St. George North East,Denis Joseph,IND,78,2.11,4,no,official,"PEO Old Elections Results (1984–2008), candidate table",9
1995,1995-06-20,H,St. George North East,Valentine Joseph,MBPM,56,1.51,5,no,official,"PEO Old Elections Results (1984–2008), candidate table",9
1995,1995-06-20,H,St. George North East,Cleo Peters,GOD,9,0.24,6,no,official,"PEO Old Elections Results (1984–2008), candidate table",9
1995,1995-06-20,J,St. George North West,Dr. Keith Mitchell,NNP,1850,69.58,1,yes,official,"PEO Old Elections Results (1984–2008), candidate table",9
1995,1995-06-20,J,St. George North West,Bauxton Francois,GULP,504,18.95,2,no,official,"PEO Old Elections Results (1984–2008), candidate table",9
1995,1995-06-20,J,St. George North West,Siddiqui Sylvester,NDC,292,10.98,3,no,official,"PEO Old Elections Results (1984–2008), candidate table",9
1995,1995-06-20,J,St. George North West,Antonio Langdon,URP,13,0.49,4,no,official,"PEO Old Elections Results (1984–2008), candidate table",9
1995,1995-06-20,K,St. George South East,Dr. Francis Alexis,NDC,1196,44.56,1,yes,official,"PEO Old Elections Results (1984–2008), candidate table",9
1995,1995-06-20,K,St. George South East,Gregory Bowen,NNP,774,28.84,2,no,official,"PEO Old Elections Results (1984–2008), candidate table",9
1995,1995-06-20,K,St. George South East,Lincoln St. Louis,GULP,630,23.47,3,no,official,"PEO Old Elections Results (1984–2008), candidate table",9
1995,1995-06-20,K,St. George South East,Brian Lindsay,MBPM,48,1.79,4,no,official,"PEO Old Elections Results (1984–2008), candidate table",9
1995,1995-06-20,K,St. George South East,Gordon Williams,TNP,36,1.34,5,no,official,"PEO Old Elections Results (1984–2008), candidate table",9
1995,1995-06-20,L,St. George South,Mark Isaac,NNP,1349,36.06,1,yes,check,"PEO Old Elections Results (1984–2008), candidate table",9
1995,1995-06-20,L,St. George South,Sir Eric Gairy,GULP,1195,31.94,2,no,official,"PEO Old Elections Results (1984–2008), candidate table",9
1995,1995-06-20,L,St. George South,Phinsley St. Louis,NDC,1084,28.98,3,no,official,"PEO Old Elections Results (1984–2008), candidate table",9
1995,1995-06-20,L,St. George South,Richard Peters,MBPM,58,1.55,4,no,official,"PEO Old Elections Results (1984–2008), candidate table",9
1995,1995-06-20,L,St. George South,Dorset Charles,TNP,48,1.28,5,no,official,"PEO Old Elections Results (1984–2008), candidate table",9
1995,1995-06-20,L,St. George South,Mertice Reece,URP,7,0.19,6,no,official,"PEO Old Elections Results (1984–2008), candidate table",9
1995,1995-06-20,M,St. John,Grace Duncan,NNP,1720,44.5,1,yes,official,"PEO Old Elections Results (1984–2008), candidate table",9
1995,1995-06-20,M,St. John,Herbert Preudhomme,GULP,1032,26.7,2,no,official,"PEO Old Elections Results (1984–2008), candidate table",9
1995,1995-06-20,M,St. John,Edzel Thomas,NDC,935,24.19,3,no,official,"PEO Old Elections Results (1984–2008), candidate table",9
1995,1995-06-20,M,St. John,Peter Small,MBPM,160,4.14,4,no,official,"PEO Old Elections Results (1984–2008), candidate table",9
1995,1995-06-20,M,St. John,Sam Kee,URP,18,0.47,5,no,official,"PEO Old Elections Results (1984–2008), candidate table",9
1995,1995-06-20,N,St. Mark,William Dewsbury,NNP,621,31.25,1,yes,official,"PEO Old Elections Results (1984–2008), candidate table",9
1995,1995-06-20,N,St. Mark,Henry De Allie,NDC,479,24.11,2,no,official,"PEO Old Elections Results (1984–2008), candidate table",9
1995,1995-06-20,N,St. Mark,Reginald Francis,GULP,432,21.74,3,no,official,"PEO Old Elections Results (1984–2008), candidate table",9
1995,1995-06-20,N,St. Mark,Ronald Straker,TNP,235,11.83,4,no,official,"PEO Old Elections Results (1984–2008), candidate table",9
1995,1995-06-20,N,St. Mark,Albert Forsythe,IND,161,8.1,5,no,official,"PEO Old Elections Results (1984–2008), candidate table",9
1995,1995-06-20,N,St. Mark,Terence Marryshow,MBPM,54,2.72,6,no,official,"PEO Old Elections Results (1984–2008), candidate table",9
1995,1995-06-20,N,St. Mark,Justine Mc Burnie,GOD,5,0.25,7,no,official,"PEO Old Elections Results (1984–2008), candidate table",9
1995,1995-06-20,P,St. Patrick East,Adrian Mitchell,NNP,686,33.68,1,yes,official,"PEO Old Elections Results (1984–2008), candidate table",9
1995,1995-06-20,P,St. Patrick East,Crawford Best,GULP,645,31.66,2,no,official,"PEO Old Elections Results (1984–2008), candidate table",9
1995,1995-06-20,P,St. Patrick East,Tillman Thomas,NDC,604,29.65,3,no,official,"PEO Old Elections Results (1984–2008), candidate table",9
1995,1995-06-20,P,St. Patrick East,Nathaniel Herry,TNP,74,3.63,4,no,official,"PEO Old Elections Results (1984–2008), candidate table",9
1995,1995-06-20,P,St. Patrick East,Desmond Thomas,MBPM,25,1.23,5,no,official,"PEO Old Elections Results (1984–2008), candidate table",9
1995,1995-06-20,P,St. Patrick East,Stolmeyer Thompson,URP,3,0.15,6,no,official,"PEO Old Elections Results (1984–2008), candidate table",9
1995,1995-06-20,R,St. Patrick West,Kenny Lalsingh,NDC,1063,39.14,1,yes,official,"PEO Old Elections Results (1984–2008), candidate table",9
1995,1995-06-20,R,St. Patrick West,Lennox Jerome,NNP,798,29.38,2,no,official,"PEO Old Elections Results (1984–2008), candidate table",9
1995,1995-06-20,R,St. Patrick West,Donville Neckles,GULP,699,25.74,3,no,official,"PEO Old Elections Results (1984–2008), candidate table",9
1995,1995-06-20,R,St. Patrick West,Denis Canning,TNP,156,5.74,4,no,official,"PEO Old Elections Results (1984–2008), candidate table",9
1999,1999-01-18,A,Carriacou & Petite Martinique,Elvin Nimrod,NNP,1282,55.28,1,yes,official,"PEO Old Elections Results (1984–2008), candidate table",6
1999,1999-01-18,A,Carriacou & Petite Martinique,Joan Purcell,NDC,1021,44.03,2,no,official,"PEO Old Elections Results (1984–2008), candidate table",6
1999,1999-01-18,A,Carriacou & Petite Martinique,Lyle A. Bullen,MBPM,16,0.69,3,no,official,"PEO Old Elections Results (1984–2008), candidate table",6
1999,1999-01-18,B,St. Andrew South East,Cuthbert B. Mc Queen,NNP,1420,63.36,1,yes,official,"PEO Old Elections Results (1984–2008), candidate table",6
1999,1999-01-18,B,St. Andrew South East,Clarence Rapier,GULP,447,19.95,2,no,official,"PEO Old Elections Results (1984–2008), candidate table",6
1999,1999-01-18,B,St. Andrew South East,Gordon Hamilton,NDC,374,16.69,3,no,official,"PEO Old Elections Results (1984–2008), candidate table",6
1999,1999-01-18,C,St. Andrew South West,Michael Baptiste,NNP,1930,67.81,1,yes,official,"PEO Old Elections Results (1984–2008), candidate table",6
1999,1999-01-18,C,St. Andrew South West,Osbert Charles,NDC,736,25.86,2,no,official,"PEO Old Elections Results (1984–2008), candidate table",6
1999,1999-01-18,C,St. Andrew South West,Jerry Seales,GULP,180,6.32,3,no,official,"PEO Old Elections Results (1984–2008), candidate table",6
1999,1999-01-18,D,St. Andrew North East,Oliver Archibald,NNP,1493,59.36,1,yes,official,"PEO Old Elections Results (1984–2008), candidate table",6
1999,1999-01-18,D,St. Andrew North East,Livingston Nelson,NDC,845,33.6,2,no,official,"PEO Old Elections Results (1984–2008), candidate table",6
1999,1999-01-18,D,St. Andrew North East,Neville Rennie,GULP,149,5.92,3,no,official,"PEO Old Elections Results (1984–2008), candidate table",6
1999,1999-01-18,D,St. Andrew North East,Oscar Andall,MBPM,28,1.11,4,no,official,"PEO Old Elections Results (1984–2008), candidate table",6
1999,1999-01-18,E,St. Andrew North West,Laurina A. Waldron,NNP,1541,59.43,1,yes,official,"PEO Old Elections Results (1984–2008), candidate table",6
1999,1999-01-18,E,St. Andrew North West,Alleyne Walker,NDC,907,34.98,2,no,official,"PEO Old Elections Results (1984–2008), candidate table",6
1999,1999-01-18,E,St. Andrew North West,Selwyn Humphrey,GULP,145,5.59,3,no,official,"PEO Old Elections Results (1984–2008), candidate table",6
1999,1999-01-18,F,St. David,Joslyn Whiteman,NNP,2910,61.39,1,yes,official,"PEO Old Elections Results (1984–2008), candidate table",6
1999,1999-01-18,F,St. David,Michael Andrew,NDC,1830,38.61,2,no,official,"PEO Old Elections Results (1984–2008), candidate table",6
1999,1999-01-18,G,Town of St. George,Brenda Hood,NNP,1364,61.41,1,yes,official,"PEO Old Elections Results (1984–2008), candidate table",6
1999,1999-01-18,G,Town of St. George,Kent Joseph,NDC,823,37.06,2,no,official,"PEO Old Elections Results (1984–2008), candidate table",6
1999,1999-01-18,G,Town of St. George,Terence Marryshow,MBPM,20,0.9,3,no,official,"PEO Old Elections Results (1984–2008), candidate table",6
1999,1999-01-18,G,Town of St. George,Claude De Choteau,IND,14,0.63,4,no,official,"PEO Old Elections Results (1984–2008), candidate table",6
1999,1999-01-18,H,St. George North East,Augustine John,NNP,1996,56.29,1,yes,official,"PEO Old Elections Results (1984–2008), candidate table",6
1999,1999-01-18,H,St. George North East,George Brizan,NDC,1510,42.58,2,no,official,"PEO Old Elections Results (1984–2008), candidate table",6
1999,1999-01-18,H,St. George North East,Yolande Baptiste,GULP,40,1.13,3,no,official,"PEO Old Elections Results (1984–2008), candidate table",6
1999,1999-01-18,J,St. George North West,Keith C. Mitchell,NNP,2260,90.18,1,yes,official,"PEO Old Elections Results (1984–2008), candidate table",6
1999,1999-01-18,J,St. George North West,Ingrid Jackson,NDC,163,6.5,2,no,official,"PEO Old Elections Results (1984–2008), candidate table",6
1999,1999-01-18,J,St. George North West,Kent Francois,GULP,81,3.23,3,no,official,"PEO Old Elections Results (1984–2008), candidate table",6
1999,1999-01-18,J,St. George North West,Justin Mc Burnie,GOD,2,0.08,4,no,official,"PEO Old Elections Results (1984–2008), candidate table",6
1999,1999-01-18,K,St. George South East,Gregory Bowen,NNP,1644,60.46,1,yes,official,"PEO Old Elections Results (1984–2008), candidate table",6
1999,1999-01-18,K,St. George South East,Francis Alexis,GULP,1043,38.36,2,no,official,"PEO Old Elections Results (1984–2008), candidate table",6
1999,1999-01-18,K,St. George South East,Claudius B. Lindsay,MBPM,29,1.07,3,no,official,"PEO Old Elections Results (1984–2008), candidate table",6
1999,1999-01-18,K,St. George South East,Eunice Belfon,GOD,3,0.11,4,no,official,"PEO Old Elections Results (1984–2008), candidate table",6
1999,1999-01-18,L,St. George South,Mark Isaac,NNP,2383,70.59,1,yes,official,"PEO Old Elections Results (1984–2008), candidate table",6
1999,1999-01-18,L,St. George South,Raphael O.W. Fletcher,GULP,933,27.64,2,no,official,"PEO Old Elections Results (1984–2008), candidate table",6
1999,1999-01-18,L,St. George South,Richard Peters,MBPM,36,1.07,3,no,official,"PEO Old Elections Results (1984–2008), candidate table",6
1999,1999-01-18,L,St. George South,Dorset Charles,IND,24,0.71,4,no,official,"PEO Old Elections Results (1984–2008), candidate table",6
1999,1999-01-18,M,St. John,Claris Charles,NNP,1675,49.64,1,yes,official,"PEO Old Elections Results (1984–2008), candidate table",6
1999,1999-01-18,M,St. John,Grace Duncan,GULP,1601,47.45,2,no,official,"PEO Old Elections Results (1984–2008), candidate table",6
1999,1999-01-18,M,St. John,Laurie Calliste,MBPM,91,2.7,3,no,official,"PEO Old Elections Results (1984–2008), candidate table",6
1999,1999-01-18,M,St. John,Wayne K. Frederick,GOD,7,0.21,4,no,official,"PEO Old Elections Results (1984–2008), candidate table",6
1999,1999-01-18,N,St. Mark,Clarice Modeste,NNP,1261,64.6,1,yes,official,"PEO Old Elections Results (1984–2008), candidate table",6
1999,1999-01-18,N,St. Mark,Henry De Allie,NDC,691,35.4,2,no,official,"PEO Old Elections Results (1984–2008), candidate table",6
1999,1999-01-18,P,St. Patrick East,Adrian Mitchell,NNP,1133,60.88,1,yes,official,"PEO Old Elections Results (1984–2008), candidate table",6
1999,1999-01-18,P,St. Patrick East,Tillman Thomas,NDC,454,24.4,2,no,official,"PEO Old Elections Results (1984–2008), candidate table",6
1999,1999-01-18,P,St. Patrick East,Abraham De Coteau,GULP,274,14.72,3,no,official,"PEO Old Elections Results (1984–2008), candidate table",6
1999,1999-01-18,R,St. Patrick West,Anthony Boatswain,NNP,1605,60.63,1,yes,official,"PEO Old Elections Results (1984–2008), candidate table",6
1999,1999-01-18,R,St. Patrick West,Kenny Lalsingh,NDC,1042,39.37,2,no,official,"PEO Old Elections Results (1984–2008), candidate table",6
2003,2003-11-27,A,Carriacou & Petite Martinique,Elvin G. Nimrod,NNP,1431,50.03,1,yes,official,"PEO Old Elections Results (1984–2008), candidate table",4
2003,2003-11-27,A,Carriacou & Petite Martinique,George W. Prime,NDC,1424,49.79,2,no,official,"PEO Old Elections Results (1984–2008), candidate table",4
2003,2003-11-27,A,Carriacou & Petite Martinique,Donald S. Charles,GULP,5,0.17,3,no,official,"PEO Old Elections Results (1984–2008), candidate table",4
2003,2003-11-27,B,St. Andrew South East,Kenrick Fullerton,NDC,1313,50.54,1,yes,official,"PEO Old Elections Results (1984–2008), candidate table",4
2003,2003-11-27,B,St. Andrew South East,Cuthbert Mc Queen,NNP,1144,44.03,2,no,official,"PEO Old Elections Results (1984–2008), candidate table",4
2003,2003-11-27,B,St. Andrew South East,Clarence Rapier,GULP,136,5.23,3,no,official,"PEO Old Elections Results (1984–2008), candidate table",4
2003,2003-11-27,B,St. Andrew South East,Paul K. Mitchell,PLM,5,0.19,4,no,official,"PEO Old Elections Results (1984–2008), candidate table",4
2003,2003-11-27,C,St. Andrew South West,Yolande Bain-Joseph,NNP,1251,38.43,1,yes,official,"PEO Old Elections Results (1984–2008), candidate table",4
2003,2003-11-27,C,St. Andrew South West,Osbert Charles,NDC,1203,36.96,2,no,official,"PEO Old Elections Results (1984–2008), candidate table",4
2003,2003-11-27,C,St. Andrew South West,Michael Baptiste,GULP,792,24.33,3,no,official,"PEO Old Elections Results (1984–2008), candidate table",4
2003,2003-11-27,C,St. Andrew South West,Denis Gilbert,PLM,9,0.28,4,no,official,"PEO Old Elections Results (1984–2008), candidate table",4
2003,2003-11-27,D,St. Andrew North East,Roland Bhola,NNP,1370,49.53,1,yes,official,"PEO Old Elections Results (1984–2008), candidate table",4
2003,2003-11-27,D,St. Andrew North East,Ingrid Rush,NDC,1196,43.24,2,no,official,"PEO Old Elections Results (1984–2008), candidate table",4
2003,2003-11-27,D,St. Andrew North East,Keith Braveboy,GULP,116,4.19,3,no,official,"PEO Old Elections Results (1984–2008), candidate table",4
2003,2003-11-27,D,St. Andrew North East,Harford Flanders,PLM,60,2.17,4,no,official,"PEO Old Elections Results (1984–2008), candidate table",4
2003,2003-11-27,D,St. Andrew North East,Joan Williams,IND,24,0.87,5,no,official,"PEO Old Elections Results (1984–2008), candidate table",4
2003,2003-11-27,E,St. Andrew North West,Alleyne Walker,NDC,1599,58.1,1,yes,official,"PEO Old Elections Results (1984–2008), candidate table",4
2003,2003-11-27,E,St. Andrew North West,Laurina A. Waldron,NNP,1082,39.32,2,no,official,"PEO Old Elections Results (1984–2008), candidate table",4
2003,2003-11-27,E,St. Andrew North West,Clifford Robertson,GULP,53,1.93,3,no,official,"PEO Old Elections Results (1984–2008), candidate table",4
2003,2003-11-27,E,St. Andrew North West,Rodney Mark,PLM,18,0.65,4,no,official,"PEO Old Elections Results (1984–2008), candidate table",4
2003,2003-11-27,F,St. David,Michael Lett,NDC,2829,52.42,1,yes,official,"PEO Old Elections Results (1984–2008), candidate table",4
2003,2003-11-27,F,St. David,Joslyn Whiteman,NNP,2345,43.45,2,no,official,"PEO Old Elections Results (1984–2008), candidate table",4
2003,2003-11-27,F,St. David,Jerome Romain,GULP,202,3.74,3,no,official,"PEO Old Elections Results (1984–2008), candidate table",4
2003,2003-11-27,F,St. David,Bernard Jones,PLM,21,0.39,4,no,official,"PEO Old Elections Results (1984–2008), candidate table",4
2003,2003-11-27,G,Town of St. George,Peter David,NDC,1280,51.36,1,yes,official,"PEO Old Elections Results (1984–2008), candidate table",4
2003,2003-11-27,G,Town of St. George,Brenda Hood,NNP,1138,45.67,2,no,official,"PEO Old Elections Results (1984–2008), candidate table",4
2003,2003-11-27,G,Town of St. George,Wilfred Hayes,GULP,44,1.77,3,no,official,"PEO Old Elections Results (1984–2008), candidate table",4
2003,2003-11-27,G,Town of St. George,Raphael Fletcher,PLM,30,1.2,4,no,official,"PEO Old Elections Results (1984–2008), candidate table",4
2003,2003-11-27,H,St. George North East,V. Nazim Burke,NDC,2234,56.73,1,yes,official,"PEO Old Elections Results (1984–2008), candidate table",4
2003,2003-11-27,H,St. George North East,Augustine John,NNP,1545,39.23,2,no,official,"PEO Old Elections Results (1984–2008), candidate table",4
2003,2003-11-27,H,St. George North East,Dennis Joseph,GULP,106,2.69,3,no,official,"PEO Old Elections Results (1984–2008), candidate table",4
2003,2003-11-27,H,St. George North East,Terence Marryshow,PLM,47,1.19,4,no,official,"PEO Old Elections Results (1984–2008), candidate table",4
2003,2003-11-27,H,St. George North East,Washington Edwards,GRP,6,0.15,5,no,official,"PEO Old Elections Results (1984–2008), candidate table",4
2003,2003-11-27,J,St. George North West,Keith C. Mitchell,NNP,2295,82.64,1,yes,official,"PEO Old Elections Results (1984–2008), candidate table",4
2003,2003-11-27,J,St. George North West,Joan M. Purcell,NDC,434,15.63,2,no,official,"PEO Old Elections Results (1984–2008), candidate table",4
2003,2003-11-27,J,St. George North West,Cecil E. Harris,GULP,41,1.48,3,no,official,"PEO Old Elections Results (1984–2008), candidate table",4
2003,2003-11-27,J,St. George North West,Gillian B. Lewis,PLM,7,0.25,4,no,official,"PEO Old Elections Results (1984–2008), candidate table",4
2003,2003-11-27,K,St. George South East,Gregory Bowen,NNP,1459,48.15,1,yes,official,"PEO Old Elections Results (1984–2008), candidate table",4
2003,2003-11-27,K,St. George South East,David Lambert,NDC,958,31.62,2,no,official,"PEO Old Elections Results (1984–2008), candidate table",4
2003,2003-11-27,K,St. George South East,Francis Alexis,PLM,543,17.92,3,no,official,"PEO Old Elections Results (1984–2008), candidate table",4
2003,2003-11-27,K,St. George South East,Norman De Souza,GULP,70,2.31,4,no,official,"PEO Old Elections Results (1984–2008), candidate table",4
2003,2003-11-27,L,St. George South,Glynis Roberts,NDC,2093,64.68,1,yes,official,"PEO Old Elections Results (1984–2008), candidate table",4
2003,2003-11-27,L,St. George South,Ann-David Antoine,NNP,795,24.57,2,no,official,"PEO Old Elections Results (1984–2008), candidate table",4
2003,2003-11-27,L,St. George South,Gloria Payne-Banfield,GULP,294,9.09,3,no,official,"PEO Old Elections Results (1984–2008), candidate table",4
2003,2003-11-27,L,St. George South,Dorset Charles,PLM,37,1.14,4,no,official,"PEO Old Elections Results (1984–2008), candidate table",4
2003,2003-11-27,L,St. George South,Frank Caesar,IND,12,0.37,5,no,official,"PEO Old Elections Results (1984–2008), candidate table",4
2003,2003-11-27,L,St. George South,Eunice Belfon,GOD,5,0.15,6,no,official,"PEO Old Elections Results (1984–2008), candidate table",4
2003,2003-11-27,M,St. John,Claris Charles,NNP,1855,49.02,1,yes,official,"PEO Old Elections Results (1984–2008), candidate table",4
2003,2003-11-27,M,St. John,Michael Church,NDC,1796,47.46,2,no,official,"PEO Old Elections Results (1984–2008), candidate table",4
2003,2003-11-27,M,St. John,Herbert J. Preudhomme,GULP,119,3.14,3,no,official,"PEO Old Elections Results (1984–2008), candidate table",4
2003,2003-11-27,M,St. John,Osbert De Coteau,PLM,14,0.37,4,no,official,"PEO Old Elections Results (1984–2008), candidate table",4
2003,2003-11-27,N,St. Mark,Clarice Modeste-Curwen,NNP,1419,66.37,1,yes,official,"PEO Old Elections Results (1984–2008), candidate table",4
2003,2003-11-27,N,St. Mark,Osborne James,NDC,659,30.82,2,no,official,"PEO Old Elections Results (1984–2008), candidate table",4
2003,2003-11-27,N,St. Mark,Gordon Bolah,GULP,39,1.82,3,no,official,"PEO Old Elections Results (1984–2008), candidate table",4
2003,2003-11-27,N,St. Mark,Wayne Francis,PLM,21,0.98,4,no,official,"PEO Old Elections Results (1984–2008), candidate table",4
2003,2003-11-27,P,St. Patrick East,Tillman Thomas,NDC,1113,48.18,1,yes,official,"PEO Old Elections Results (1984–2008), candidate table",4
2003,2003-11-27,P,St. Patrick East,Adrian Mitchell,NNP,1068,46.23,2,no,official,"PEO Old Elections Results (1984–2008), candidate table",4
2003,2003-11-27,P,St. Patrick East,Reynold C. Benjamin,GULP,113,4.89,3,no,official,"PEO Old Elections Results (1984–2008), candidate table",4
2003,2003-11-27,P,St. Patrick East,Gordon John,PLM,16,0.69,4,no,official,"PEO Old Elections Results (1984–2008), candidate table",4
2003,2003-11-27,R,St. Patrick West,Anthony Boatswain,NNP,1369,47.11,1,yes,official,"PEO Old Elections Results (1984–2008), candidate table",4
2003,2003-11-27,R,St. Patrick West,Joseph Gilbert,NDC,1314,45.22,2,no,official,"PEO Old Elections Results (1984–2008), candidate table",4
2003,2003-11-27,R,St. Patrick West,Lennox Mc Leish,GULP,118,4.06,3,no,official,"PEO Old Elections Results (1984–2008), candidate table",4
2003,2003-11-27,R,St. Patrick West,Kenny Lalsingh,PLM,100,3.44,4,no,official,"PEO Old Elections Results (1984–2008), candidate table",4
2003,2003-11-27,R,St. Patrick West,Justin Mc Burnie,GOD,5,0.17,5,no,official,"PEO Old Elections Results (1984–2008), candidate table",4
2008,2008-07-08,A,Carriacou & Petite Martinique,Elvin G. Nimrod,NNP,1948,53.9,1,yes,official,"PEO Old Elections Results (1984–2008), candidate table",1
2008,2008-07-08,A,Carriacou & Petite Martinique,George W. Prime,NDC,1666,46.1,2,no,official,"PEO Old Elections Results (1984–2008), candidate table",1
2008,2008-07-08,B,St. Andrew South East,Patrick Simmons,NDC,1637,50.25,1,yes,official,"PEO Old Elections Results (1984–2008), candidate table",1
2008,2008-07-08,B,St. Andrew South East,Emmalin Pierre,NNP,1607,49.32,2,no,official,"PEO Old Elections Results (1984–2008), candidate table",1
2008,2008-07-08,B,St. Andrew South East,Garvin Thomas,ULP,14,0.43,3,no,official,"PEO Old Elections Results (1984–2008), candidate table",1
2008,2008-07-08,C,St. Andrew South West,Sylvester Quarless,NDC,2135,54.86,1,yes,official,"PEO Old Elections Results (1984–2008), candidate table",1
2008,2008-07-08,C,St. Andrew South West,Yolande Bain-Horsford,NNP,1757,45.14,2,no,official,"PEO Old Elections Results (1984–2008), candidate table",1
2008,2008-07-08,D,St. Andrew North East,Roland Bhola,NNP,1775,50.06,1,yes,official,"PEO Old Elections Results (1984–2008), candidate table",1
2008,2008-07-08,D,St. Andrew North East,Ingrid Rush,NDC,1740,49.07,2,no,official,"PEO Old Elections Results (1984–2008), candidate table",1
2008,2008-07-08,D,St. Andrew North East,Keith Braveboy,ULP,26,0.73,3,no,official,"PEO Old Elections Results (1984–2008), candidate table",1
2008,2008-07-08,D,St. Andrew North East,Raleigh Date,IND,5,0.14,4,no,official,"PEO Old Elections Results (1984–2008), candidate table",1
2008,2008-07-08,E,St. Andrew North West,Alleyne Walker,NDC,1775,54.08,1,yes,official,"PEO Old Elections Results (1984–2008), candidate table",1
2008,2008-07-08,E,St. Andrew North West,Delma Thomas,NNP,1488,45.34,2,no,official,"PEO Old Elections Results (1984–2008), candidate table",1
2008,2008-07-08,E,St. Andrew North West,Joseph Cyrus,ULP,19,0.58,3,no,official,"PEO Old Elections Results (1984–2008), candidate table",1
2008,2008-07-08,F,St. David,Michael D. Lett,NDC,3425,56.14,1,yes,official,"PEO Old Elections Results (1984–2008), candidate table",1
2008,2008-07-08,F,St. David,Devon Rachae,NNP,2632,43.14,2,no,official,"PEO Old Elections Results (1984–2008), candidate table",1
2008,2008-07-08,F,St. David,Earlyn Francis,ULP,44,0.72,3,no,official,"PEO Old Elections Results (1984–2008), candidate table",1
2008,2008-07-08,G,Town of St. George,Peter C. David,NDC,1445,55.56,1,yes,official,"PEO Old Elections Results (1984–2008), candidate table",1
2008,2008-07-08,G,Town of St. George,Brenda Hood,NNP,1148,44.14,2,no,official,"PEO Old Elections Results (1984–2008), candidate table",1
2008,2008-07-08,G,Town of St. George,Gillian Lewis,ULP,8,0.31,3,no,official,"PEO Old Elections Results (1984–2008), candidate table",1
2008,2008-07-08,H,St. George North East,Nazim V. Burke,NDC,2951,61.92,1,yes,official,"PEO Old Elections Results (1984–2008), candidate table",1
2008,2008-07-08,H,St. George North East,Kennedy Roberts,NNP,1791,37.58,2,no,official,"PEO Old Elections Results (1984–2008), candidate table",1
2008,2008-07-08,H,St. George North East,Martin Edwards,ULP,24,0.5,3,no,official,"PEO Old Elections Results (1984–2008), candidate table",1
2008,2008-07-08,J,St. George North West,Keith C. Mitchell,NNP,2422,80.55,1,yes,official,"PEO Old Elections Results (1984–2008), candidate table",1
2008,2008-07-08,J,St. George North West,Ingrid Jackson,NDC,568,18.89,2,no,official,"PEO Old Elections Results (1984–2008), candidate table",1
2008,2008-07-08,J,St. George North West,Desmond C. Sandy,ULP,17,0.57,3,no,official,"PEO Old Elections Results (1984–2008), candidate table",1
2008,2008-07-08,K,St. George South East,Ignatiaus K. Hood,NDC,1903,52.64,1,yes,official,"PEO Old Elections Results (1984–2008), candidate table",1
2008,2008-07-08,K,St. George South East,Gregory Bowen,NNP,1639,45.34,2,no,official,"PEO Old Elections Results (1984–2008), candidate table",1
2008,2008-07-08,K,St. George South East,Francis R. Alexis,ULP,73,2.02,3,no,official,"PEO Old Elections Results (1984–2008), candidate table",1
2008,2008-07-08,L,St. George South,Glynis Roberts,NDC,3268,55.31,1,yes,official,"PEO Old Elections Results (1984–2008), candidate table",1
2008,2008-07-08,L,St. George South,Ann-David Antoine,NNP,2516,42.59,2,no,official,"PEO Old Elections Results (1984–2008), candidate table",1
2008,2008-07-08,L,St. George South,Keith Davis,ULP,120,2.03,3,no,official,"PEO Old Elections Results (1984–2008), candidate table",1
2008,2008-07-08,L,St. George South,Derick Sealy,IND,4,0.07,4,no,official,"PEO Old Elections Results (1984–2008), candidate table",1
2008,2008-07-08,M,St. John,Michael A. Church,NDC,2309,52.29,1,yes,official,"PEO Old Elections Results (1984–2008), candidate table",1
2008,2008-07-08,M,St. John,Fitzroy Bedeau,NNP,2021,45.77,2,no,official,"PEO Old Elections Results (1984–2008), candidate table",1
2008,2008-07-08,M,St. John,Collin Francis,ULP,83,1.88,3,no,official,"PEO Old Elections Results (1984–2008), candidate table",1
2008,2008-07-08,M,St. John,Francis Mc Burnie,GOD,3,0.07,4,no,official,"PEO Old Elections Results (1984–2008), candidate table",1
2008,2008-07-08,N,St. Mark,Clarice Modeste-Curwen,NNP,1569,62.68,1,yes,official,"PEO Old Elections Results (1984–2008), candidate table",1
2008,2008-07-08,N,St. Mark,Osborne James,NDC,909,36.32,2,no,official,"PEO Old Elections Results (1984–2008), candidate table",1
2008,2008-07-08,N,St. Mark,Dennis Nedd,ULP,25,1.0,3,no,official,"PEO Old Elections Results (1984–2008), candidate table",1
2008,2008-07-08,P,St. Patrick East,Tillman Thomas,NDC,1434,51.4,1,yes,official,"PEO Old Elections Results (1984–2008), candidate table",1
2008,2008-07-08,P,St. Patrick East,Carl Caton,NNP,1330,47.67,2,no,official,"PEO Old Elections Results (1984–2008), candidate table",1
2008,2008-07-08,P,St. Patrick East,Reynold Benjamin,ULP,26,0.93,3,no,official,"PEO Old Elections Results (1984–2008), candidate table",1
2008,2008-07-08,R,St. Patrick West,Joseph Gilbert,NDC,1833,54.26,1,yes,official,"PEO Old Elections Results (1984–2008), candidate table",1
2008,2008-07-08,R,St. Patrick West,Anthony Boatswain,NNP,1545,45.74,2,no,official,"PEO Old Elections Results (1984–2008), candidate table",1
2013,2013-02-19,A,Carriacou & Petite Martinique,Elvin G. Nimrod,NNP,1969,59.22,1,yes,official,"PEO Final Report, Elections 2013",7
2013,2013-02-19,A,Carriacou & Petite Martinique,Randolph H. Fleary,NDC,1341,40.33,2,no,official,"PEO Final Report, Elections 2013",7
2013,2013-02-19,A,Carriacou & Petite Martinique,Clint John,MIC,15,0.45,3,no,official,"PEO Final Report, Elections 2013",7
2013,2013-02-19,B,St. Andrew South East,Emmalin Pierre,NNP,2042,61.94,1,yes,official,"PEO Final Report, Elections 2013",8
2013,2013-02-19,B,St. Andrew South East,Patrick Simmons,NDC,1255,38.06,2,no,official,"PEO Final Report, Elections 2013",8
2013,2013-02-19,C,St. Andrew South West,Yolande Bain-Horsford,NNP,1896,54.64,1,yes,official,"PEO Final Report, Elections 2013",9
2013,2013-02-19,C,St. Andrew South West,Sylvester Quarless,NDC,1574,45.36,2,no,official,"PEO Final Report, Elections 2013",9
2013,2013-02-19,D,St. Andrew North East,Roland Bhola,NNP,2051,55.82,1,yes,official,"PEO Final Report, Elections 2013",10
2013,2013-02-19,D,St. Andrew North East,Terry Hillaire,NDC,1618,44.04,2,no,official,"PEO Final Report, Elections 2013",10
2013,2013-02-19,D,St. Andrew North East,Raleigh Date,IND,5,0.14,3,no,official,"PEO Final Report, Elections 2013",10
2013,2013-02-19,E,St. Andrew North West,Delma Thomas,NNP,1790,55.25,1,yes,official,"PEO Final Report, Elections 2013",11
2013,2013-02-19,E,St. Andrew North West,Alleyne Walker,NDC,1450,44.75,2,no,official,"PEO Final Report, Elections 2013",11
2013,2013-02-19,F,St. David,Oliver Thomas Joseph,NNP,3168,55.9,1,yes,official,"PEO Final Report, Elections 2013",12
2013,2013-02-19,F,St. David,Adrian Augustine Thomas,NDC,2487,43.89,2,no,official,"PEO Final Report, Elections 2013",12
2013,2013-02-19,F,St. David,Justin Mc Burnie,GOD,12,0.21,3,no,official,"PEO Final Report, Elections 2013",12
2013,2013-02-19,G,Town of St. George,Nickolas Steele,NNP,1377,60.53,1,yes,official,"PEO Final Report, Elections 2013",13
2013,2013-02-19,G,Town of St. George,Franka E. R. Alexis-Bernadine,NDC,896,39.38,2,no,official,"PEO Final Report, Elections 2013",13
2013,2013-02-19,G,Town of St. George,Simon Sandiford,GOD,2,0.09,3,no,official,"PEO Final Report, Elections 2013",13
2013,2013-02-19,H,St. George North East,Tobias Clement,NNP,2423,51.47,1,yes,official,"PEO Final Report, Elections 2013",14
2013,2013-02-19,H,St. George North East,Nazim V. Burke,NDC,2267,48.15,2,no,official,"PEO Final Report, Elections 2013",14
2013,2013-02-19,H,St. George North East,Lawrence Amedé,MIC,7,0.15,3,no,official,"PEO Final Report, Elections 2013",14
2013,2013-02-19,H,St. George North East,Martin Washington Edwards,GRP,7,0.15,4,no,official,"PEO Final Report, Elections 2013",14
2013,2013-02-19,H,St. George North East,Oswald Roderick Mc Burnie,GUPM,4,0.08,5,no,official,"PEO Final Report, Elections 2013",14
2013,2013-02-19,J,St. George North West,Keith Claudius Mitchell,NNP,2677,88.76,1,yes,official,"PEO Final Report, Elections 2013",15
2013,2013-02-19,J,St. George North West,Ali Anthony Brian Dowden,NDC,323,10.71,2,no,official,"PEO Final Report, Elections 2013",15
2013,2013-02-19,J,St. George North West,Oswald Peter,GUPM,10,0.33,3,no,official,"PEO Final Report, Elections 2013",15
2013,2013-02-19,J,St. George North West,Desmond Cuthbert Sandy,GRP,6,0.2,4,no,official,"PEO Final Report, Elections 2013",15
2013,2013-02-19,K,St. George South East,Clarence Gregory Bowen,NNP,2101,57.39,1,yes,official,"PEO Final Report, Elections 2013",16
2013,2013-02-19,K,St. George South East,Randal Montgomery Robinson,NDC,1507,41.16,2,no,official,"PEO Final Report, Elections 2013",16
2013,2013-02-19,K,St. George South East,Ferron Curlan Lowe,NUF,50,1.37,3,no,official,"PEO Final Report, Elections 2013",16
2013,2013-02-19,K,St. George South East,Abdurraheem A. Jones,MIC,3,0.08,4,no,official,"PEO Final Report, Elections 2013",16
2013,2013-02-19,L,St. George South,Alexandra Otway-noel,NNP,3577,59.07,1,yes,official,"PEO Final Report, Elections 2013",17
2013,2013-02-19,L,St. George South,Bernadette Merle Byer,NDC,2357,38.92,2,no,official,"PEO Final Report, Elections 2013",17
2013,2013-02-19,L,St. George South,Glynis Claudia B. Roberts,NUF,122,2.01,3,no,official,"PEO Final Report, Elections 2013",17
2013,2013-02-19,M,St. John,Alvin Martin Da Breo,NNP,2270,56.43,1,yes,official,"PEO Final Report, Elections 2013",18
2013,2013-02-19,M,St. John,George A. Vincent,NDC,1746,43.4,2,no,official,"PEO Final Report, Elections 2013",18
2013,2013-02-19,M,St. John,Lyntonia Welch,GRP,7,0.17,3,no,official,"PEO Final Report, Elections 2013",18
2013,2013-02-19,N,St. Mark,Clarice Modeste-Curwen,NNP,1720,68.66,1,yes,official,"PEO Final Report, Elections 2013",19
2013,2013-02-19,N,St. Mark,Denneth Mathew Modeste,NDC,785,31.34,2,no,official,"PEO Final Report, Elections 2013",19
2013,2013-02-19,P,St. Patrick East,Clifton David Paul,NNP,1405,51.9,1,yes,official,"PEO Final Report, Elections 2013",20
2013,2013-02-19,P,St. Patrick East,Tillman Joseph Thomas,NDC,1277,47.17,2,no,official,"PEO Final Report, Elections 2013",20
2013,2013-02-19,P,St. Patrick East,Valdon Crosley Paul,NUF,14,0.52,3,no,official,"PEO Final Report, Elections 2013",20
2013,2013-02-19,P,St. Patrick East,Winston Earl Frederick,PULP,11,0.41,4,no,official,"PEO Final Report, Elections 2013",20
2013,2013-02-19,R,St. Patrick West,Anthony Boatswain,NNP,1739,53.79,1,yes,official,"PEO Final Report, Elections 2013",21
2013,2013-02-19,R,St. Patrick West,Joseph Andall,NDC,1494,46.21,2,no,official,"PEO Final Report, Elections 2013",21
2018,2018-03-13,A,Carriacou & Petite Martinique,Kindra Mathurine-Stewart,NNP,1814,52.23,1,yes,official,PEO General Election Report 2018,10
2018,2018-03-13,A,Carriacou & Petite Martinique,Tevin Camilloh Andrews,NDC,1644,47.34,2,no,official,PEO General Election Report 2018,10
2018,2018-03-13,A,Carriacou & Petite Martinique,Kerry Velon Simmons,TPP,15,0.43,3,no,official,PEO General Election Report 2018,10
2018,2018-03-13,B,St. Andrew South East,Emmalin Pierre,NNP,2292,66.9,1,yes,official,PEO General Election Report 2018,16
2018,2018-03-13,B,St. Andrew South East,Patrick Simmons,NDC,1134,33.1,2,no,official,PEO General Election Report 2018,16
2018,2018-03-13,C,St. Andrew South West,Yolande Bain-Horsford,NNP,1978,55.86,1,yes,official,PEO General Election Report 2018,21
2018,2018-03-13,C,St. Andrew South West,Sylvester Quarless,NDC,1529,43.18,2,no,official,PEO General Election Report 2018,21
2018,2018-03-13,C,St. Andrew South West,John Richard Arnold Fletcher,IND,34,0.96,3,no,official,PEO General Election Report 2018,21
2018,2018-03-13,D,St. Andrew North East,Kate Skeeter Lewis,NNP,2301,57.87,1,yes,official,PEO General Election Report 2018,27
2018,2018-03-13,D,St. Andrew North East,Terry Glenroy Hillaire,NDC,1675,42.13,2,no,official,PEO General Election Report 2018,27
2018,2018-03-13,E,St. Andrew North West,Delma Thomas,NNP,2012,57.13,1,yes,official,PEO General Election Report 2018,32
2018,2018-03-13,E,St. Andrew North West,Phillip Reginald Alexander,NDC,1510,42.87,2,no,official,PEO General Election Report 2018,32
2018,2018-03-13,F,St. David,Oliver Thomas Joseph,NNP,3282,52.77,1,yes,official,PEO General Election Report 2018,37
2018,2018-03-13,F,St. David,Adrian Augustine Thomas,NDC,2895,46.54,2,no,official,PEO General Election Report 2018,37
2018,2018-03-13,F,St. David,Joslyn Raphael Whiteman,IND,34,0.55,3,no,official,PEO General Election Report 2018,37
2018,2018-03-13,F,St. David,Junior Francis,GRP,9,0.14,4,no,official,PEO General Election Report 2018,37
2018,2018-03-13,G,Town of St. George,Peter David,NNP,1615,65.84,1,yes,official,PEO General Election Report 2018,45
2018,2018-03-13,G,Town of St. George,Claudette Joseph,NDC,789,32.16,2,no,official,PEO General Election Report 2018,45
2018,2018-03-13,G,Town of St. George,Venescia Christine Francis-Banfield,TLP,49,2.0,3,no,official,PEO General Election Report 2018,45
2018,2018-03-13,H,St. George North East,Tobias Clement,NNP,2621,50.77,1,yes,official,PEO General Election Report 2018,49
2018,2018-03-13,H,St. George North East,Nazim V. Burke,NDC,2494,48.31,2,no,official,PEO General Election Report 2018,49
2018,2018-03-13,H,St. George North East,Basil Williams,TPP,19,0.37,3,no,official,PEO General Election Report 2018,49
2018,2018-03-13,H,St. George North East,Earl Joseph Maitland,GEM,17,0.33,4,no,official,PEO General Election Report 2018,49
2018,2018-03-13,H,St. George North East,Martin Washington Edwards,GRP,12,0.23,5,no,official,PEO General Election Report 2018,49
2018,2018-03-13,J,St. George North West,Keith Claudius Mitchell,NNP,2551,85.81,1,yes,official,PEO General Election Report 2018,56
2018,2018-03-13,J,St. George North West,Ali Anthony Brian Dowden,NDC,412,13.86,2,no,official,PEO General Election Report 2018,56
2018,2018-03-13,J,St. George North West,Oswald Peter,GUPM,10,0.34,3,no,official,PEO General Election Report 2018,56
2018,2018-03-13,K,St. George South East,Clarence Gregory Bowen,NNP,2103,59.24,1,yes,official,PEO General Election Report 2018,61
2018,2018-03-13,K,St. George South East,Franka E.R. Alexis-Bernadine,NDC,1430,40.28,2,no,official,PEO General Election Report 2018,61
2018,2018-03-13,K,St. George South East,Rosemarie Rohilia Rajwant,GEM,8,0.23,3,no,official,PEO General Election Report 2018,61
2018,2018-03-13,K,St. George South East,Kevin Peterkin,TPP,7,0.2,4,no,official,PEO General Election Report 2018,61
2018,2018-03-13,K,St. George South East,Dennyka Checkley,GRP,2,0.06,5,no,official,PEO General Election Report 2018,61
2018,2018-03-13,L,St. George South,Nickolas Tang Conway Steele,NNP,3536,56.06,1,yes,official,PEO General Election Report 2018,66
2018,2018-03-13,L,St. George South,Philip Raymond Roberts,NDC,2678,42.46,2,no,official,PEO General Election Report 2018,66
2018,2018-03-13,L,St. George South,Terrance A.C. Forrester,GPM,86,1.36,3,no,official,PEO General Election Report 2018,66
2018,2018-03-13,L,St. George South,Nyasha A.R. Paul,GRP,7,0.11,4,no,official,PEO General Election Report 2018,66
2018,2018-03-13,M,St. John,Alvin Martin Da Breo,NNP,2522,58.99,1,yes,official,PEO General Election Report 2018,74
2018,2018-03-13,M,St. John,George Anthony Edward Vincent,NDC,1753,41.01,2,no,official,PEO General Election Report 2018,74
2018,2018-03-13,N,St. Mark,Clarice Modeste-Curwen,NNP,1693,71.83,1,yes,official,PEO General Election Report 2018,80
2018,2018-03-13,N,St. Mark,Jerome Augustine Thomas,NDC,664,28.17,2,no,official,PEO General Election Report 2018,80
2018,2018-03-13,P,St. Patrick East,Pamela Moses,NNP,1582,56.58,1,yes,official,PEO General Election Report 2018,84
2018,2018-03-13,P,St. Patrick East,Cecilia Ann John,NDC,1200,42.92,2,no,official,PEO General Election Report 2018,84
2018,2018-03-13,P,St. Patrick East,Oral James Roberts,GRP,14,0.5,3,no,official,PEO General Election Report 2018,84
2018,2018-03-13,R,St. Patrick West,Anthony Boatswain,NNP,1890,56.72,1,yes,official,PEO General Election Report 2018,88
2018,2018-03-13,R,St. Patrick West,Joseph Andall,NDC,1442,43.28,2,no,official,PEO General Election Report 2018,88
2022,2022-06-23,A,Carriacou & Petite Martinique,Tevin Camilloh Andrews,NDC,1956,51.99,1,yes,official,PEO General Election Report 2022,17
2022,2022-06-23,A,Carriacou & Petite Martinique,Kindra Mathurine-Stewart,NNP,1806,48.01,2,no,official,PEO General Election Report 2022,17
2022,2022-06-23,B,St. Andrew South East,Emmalin Pierre,NNP,1893,53.28,1,yes,official,PEO General Election Report 2022,22
2022,2022-06-23,B,St. Andrew South East,David Andrew,NDC,1660,46.72,2,no,official,PEO General Election Report 2022,22
2022,2022-06-23,C,St. Andrew South West,Lennox John Andrews,NDC,2129,55.54,1,yes,official,PEO General Election Report 2022,27
2022,2022-06-23,C,St. Andrew South West,Yolande Bain-Horsford,NNP,1704,44.46,2,no,official,PEO General Election Report 2022,27
2022,2022-06-23,D,St. Andrew North East,Kate Lewis-Peters,NNP,2190,53.89,1,yes,official,PEO General Election Report 2022,33
2022,2022-06-23,D,St. Andrew North East,Tessa St.Cyr,NDC,1864,45.87,2,no,official,PEO General Election Report 2022,33
2022,2022-06-23,D,St. Andrew North East,Jennel Karla Ramsee,IFP,10,0.25,3,no,official,PEO General Election Report 2022,33
2022,2022-06-23,E,St. Andrew North West,Delma Thomas,NNP,1898,51.79,1,yes,official,PEO General Election Report 2022,38
2022,2022-06-23,E,St. Andrew North West,Gloria Ann Thomas,NDC,1767,48.21,2,no,official,PEO General Election Report 2022,38
2022,2022-06-23,F,St. David,Dickon Amiss Thomas Mitchell,NDC,4414,61.53,1,yes,official,PEO General Election Report 2022,43
2022,2022-06-23,F,St. David,Oliver Thomas Joseph,NNP,2742,38.22,2,no,official,PEO General Election Report 2022,43
2022,2022-06-23,F,St. David,Junior Francis,IFP,18,0.25,3,no,official,PEO General Election Report 2022,43
2022,2022-06-23,G,Town of St. George,Peter David,NNP,1329,54.31,1,yes,official,PEO General Election Report 2022,51
2022,2022-06-23,G,Town of St. George,Claudette Joseph,NDC,1118,45.69,2,no,official,PEO General Election Report 2022,51
2022,2022-06-23,H,St. George North East,Ron Livingston Redhead,NDC,3222,59.98,1,yes,official,PEO General Election Report 2022,55
2022,2022-06-23,H,St. George North East,Nimrod Oliver Ollivierre,NNP,2135,39.74,2,no,official,PEO General Election Report 2022,55
2022,2022-06-23,H,St. George North East,Martin Washington Edwards,GRP,15,0.28,3,no,official,PEO General Election Report 2022,55
2022,2022-06-23,J,St. George North West,Keith Claudius Mitchell,NNP,2211,74.1,1,yes,official,PEO General Election Report 2022,62
2022,2022-06-23,J,St. George North West,Gayton Jonathan La Crette,NDC,773,25.9,2,no,official,PEO General Election Report 2022,62
2022,2022-06-23,K,St. George South East,Philip Alfred Telesford,NDC,2122,55.96,1,yes,official,PEO General Election Report 2022,67
2022,2022-06-23,K,St. George South East,Clarence Gregory Bowen,NNP,1634,43.09,2,no,official,PEO General Election Report 2022,67
2022,2022-06-23,K,St. George South East,Nicholas Bassanio,IFP,32,0.84,3,no,official,PEO General Election Report 2022,67
2022,2022-06-23,K,St. George South East,Dennyka Checkley,GRP,4,0.11,4,no,official,PEO General Election Report 2022,67
2022,2022-06-23,L,St. George South,Andy Joseph Williams,NDC,4029,57.55,1,yes,official,PEO General Election Report 2022,73
2022,2022-06-23,L,St. George South,Norland Sebastian Cox,NNP,2960,42.28,2,no,official,PEO General Election Report 2022,73
2022,2022-06-23,L,St. George South,Glenon Mendell Samuel,GRP,12,0.17,3,no,official,PEO General Election Report 2022,73
2022,2022-06-23,M,St. John,Kerryne Zennelle James,NDC,2214,49.83,1,yes,official,PEO General Election Report 2022,82
2022,2022-06-23,M,St. John,Alvin Martin Da Breo,NNP,2208,49.7,2,no,official,PEO General Election Report 2022,82
2022,2022-06-23,M,St. John,Geoffrey Urias Preudhomme,GULP,21,0.47,3,no,official,PEO General Election Report 2022,82
2022,2022-06-23,N,St. Mark,Clarice Modeste-Curwen,NNP,1470,59.2,1,yes,official,PEO General Election Report 2022,88
2022,2022-06-23,N,St. Mark,Quinc Sudon Britton,NDC,995,40.07,2,no,official,PEO General Election Report 2022,88
2022,2022-06-23,N,St. Mark,David Matthew Francis,GULP,18,0.72,3,no,official,PEO General Election Report 2022,88
2022,2022-06-23,P,St. Patrick East,Dennis Sylvester Cornwall,NDC,1443,51.85,1,yes,official,PEO General Election Report 2022,92
2022,2022-06-23,P,St. Patrick East,Pamela Moses,NNP,1322,47.5,2,no,official,PEO General Election Report 2022,92
2022,2022-06-23,P,St. Patrick East,Nigel Martin John,GULP,18,0.65,3,no,official,PEO General Election Report 2022,92
2022,2022-06-23,R,St. Patrick West,Joseph Andall,NDC,1726,52.64,1,yes,official,PEO General Election Report 2022,96
2022,2022-06-23,R,St. Patrick West,Victor Dennis Phillip,NNP,1458,44.46,2,no,official,PEO General Election Report 2022,96
2022,2022-06-23,R,St. Patrick West,Winston Earl Frederick,IND,86,2.62,3,no,official,PEO General Election Report 2022,96
2022,2022-06-23,R,St. Patrick West,David Augustine,GULP,9,0.27,4,no,official,PEO General Election Report 2022,96
